Fecha,Último,Apertura,Máximo,Mínimo,Vol.,% var.
09.04.2021,92,16,92,07,92,41,92,03,-,0,11%
08.04.2021,92,06,92,42,92,48,92,00,-,-0,43%
07.04.2021,92,46,92,32,92,50,92,14,-,0,13%
06.04.2021,92,33,92,57,92,79,92,27,-,-0,28%
05.04.2021,92,60,93,01,93,11,92,54,-,-0,46%
02.04.2021,93,02,92,89,93,07,92,83,-,0,10%
01.04.2021,92,93,93,22,93,34,92,88,-,-0,32%
31.03.2021,93,23,93,24,93,44,92,99,-,-0,07%
30.03.2021,93,30,92,91,93,35,92,88,-,0,38%
29.03.2021,92,94,92,72,92,96,92,72,-,0,19%
26.03.2021,92,77,92,81,92,87,92,64,-,0,26%
25.03.2021,92,53,92,60,92,92,92,51,-,0,00%
24.03.2021,92,53,92,39,92,61,92,34,-,0,21%
23.03.2021,92,34,91,80,92,39,91,76,-,0,65%
22.03.2021,91,74,92,07,92,15,91,71,-,-0,19%
19.03.2021,91,92,91,83,92,17,91,66,-,0,06%
18.03.2021,91,86,91,40,91,90,91,30,-,0,46%
17.03.2021,91,44,91,86,92,00,91,37,-,-0,46%
16.03.2021,91,86,91,83,92,03,91,68,-,0,03%
15.03.2021,91,83,91,66,91,96,91,54,-,0,17%
12.03.2021,91,68,91,43,91,96,91,40,-,0,28%
11.03.2021,91,42,91,79,91,88,91,36,-,-0,44%
10.03.2021,91,82,92,05,92,24,91,77,-,-0,15%
09.03.2021,91,96,92,46,92,50,91,91,-,-0,38%
08.03.2021,92,31,91,99,92,42,91,84,-,0,37%
05.03.2021,91,98,91,66,92,19,91,62,-,0,38%
04.03.2021,91,63,91,01,91,67,90,97,-,0,75%
03.03.2021,90,95,90,79,91,06,90,63,-,0,18%
02.03.2021,90,79,91,03,91,39,90,72,-,-0,28%
01.03.2021,91,04,90,93,91,14,90,69,-,0,18%
26.02.2021,90,88,90,36,90,97,90,13,-,0,83%
25.02.2021,90,13,90,07,90,29,89,68,-,-0,05%
24.02.2021,90,18,90,10,90,43,89,98,-,0,01%
23.02.2021,90,17,90,02,90,26,89,94,-,0,18%
22.02.2021,90,01,90,34,90,57,90,00,-,-0,39%
19.02.2021,90,36,90,57,90,65,90,18,-,-0,25%
18.02.2021,90,59,90,90,90,98,90,54,-,-0,39%
17.02.2021,90,95,90,71,91,06,90,62,-,0,49%
16.02.2021,90,51,90,29,90,65,90,12,-,0,03%
15.02.2021,90,48,90,45,90,48,90,27,-,0,00%
12.02.2021,90,48,90,41,90,74,90,38,-,0,07%
11.02.2021,90,42,90,46,90,47,90,26,-,0,05%
10.02.2021,90,37,90,49,90,53,90,25,-,-0,08%
09.02.2021,90,44,90,91,90,93,90,43,-,-0,54%
08.02.2021,90,93,91,00,91,24,90,90,-,-0,12%
05.02.2021,91,04,91,49,91,60,90,98,-,-0,53%
04.02.2021,91,53,91,09,91,58,91,08,-,0,39%
03.02.2021,91,17,91,05,91,31,90,99,-,-0,03%
02.02.2021,91,20,91,00,91,29,90,80,-,0,24%
01.02.2021,90,98,90,53,91,06,90,50,-,0,44%
29.01.2021,90,58,90,56,90,78,90,36,-,0,14%
28.01.2021,90,46,90,73,90,86,90,40,-,-0,21%
27.01.2021,90,65,90,15,90,88,90,15,-,0,53%
26.01.2021,90,17,90,39,90,61,90,12,-,-0,24%
25.01.2021,90,39,90,23,90,52,90,08,-,0,17%
22.01.2021,90,24,90,05,90,31,90,05,-,0,12%
21.01.2021,90,13,90,42,90,45,90,05,-,-0,38%
20.01.2021,90,47,90,41,90,70,90,28,-,-0,03%
19.01.2021,90,50,90,73,90,76,90,40,-,-0,29%
18.01.2021,90,76,90,78,90,95,90,71,-,-0,01%
15.01.2021,90,77,90,22,90,80,90,22,-,0,59%
14.01.2021,90,24,90,28,90,58,90,07,-,-0,13%
13.01.2021,90,36,90,00,90,45,89,92,-,0,29%
12.01.2021,90,09,90,52,90,62,90,03,-,-0,41%
11.01.2021,90,46,90,07,90,73,90,03,-,0,41%
08.01.2021,90,10,89,83,90,25,89,66,-,0,30%
07.01.2021,89,83,89,32,89,97,89,32,-,0,33%
06.01.2021,89,53,89,48,89,80,89,21,-,0,11%
05.01.2021,89,44,89,90,89,90,89,43,-,-0,48%
04.01.2021,89,87,89,93,89,94,89,42,-,-0,08%
01.01.2021,89,94,89,93,89,94,89,93,-,0,00%
31.12.2020,89,94,89,61,89,98,89,52,-,0,29%
30.12.2020,89,68,89,98,89,98,89,56,-,-0,35%
29.12.2020,89,99,90,21,90,23,89,85,-,-0,38%
28.12.2020,90,34,90,22,90,38,89,98,-,0,02%
25.12.2020,90,32,90,33,90,42,90,21,-,0,00%
24.12.2020,90,32,90,28,90,38,90,15,-,-0,10%
23.12.2020,90,41,90,52,90,67,90,16,-,-0,27%
22.12.2020,90,65,90,09,90,72,90,06,-,0,68%
21.12.2020,90,04,89,92,91,02,89,92,-,0,03%
18.12.2020,90,02,89,83,90,13,89,83,-,0,22%
17.12.2020,89,82,90,27,90,27,89,73,-,-0,69%
16.12.2020,90,45,90,49,90,70,90,13,-,-0,03%
15.12.2020,90,47,90,69,90,82,90,42,-,-0,26%
14.12.2020,90,71,90,98,90,98,90,42,-,-0,29%
11.12.2020,90,98,90,74,91,04,90,62,-,0,17%
10.12.2020,90,82,91,06,91,15,90,67,-,-0,29%
09.12.2020,91,09,90,92,91,20,90,69,-,0,13%
08.12.2020,90,96,90,90,91,02,90,75,-,0,19%
07.12.2020,90,79,90,81,91,24,90,62,-,0,10%
04.12.2020,90,70,90,71,90,87,90,48,-,-0,01%
03.12.2020,90,71,91,06,91,09,90,51,-,-0,44%
02.12.2020,91,12,91,19,91,50,90,99,-,-0,21%
01.12.2020,91,31,91,94,91,94,91,16,-,-0,61%
30.11.2020,91,87,91,78,92,05,91,51,-,0,09%
27.11.2020,91,79,92,02,92,05,91,76,-,-0,22%
26.11.2020,91,99,91,95,92,17,91,85,-,0,00%
25.11.2020,91,99,92,11,92,26,91,93,-,-0,25%
24.11.2020,92,23,92,53,92,56,92,13,-,-0,30%
23.11.2020,92,50,92,40,92,80,92,02,-,0,12%
20.11.2020,92,39,92,34,92,43,92,21,-,0,11%
19.11.2020,92,29,92,56,92,72,92,24,-,-0,02%
18.11.2020,92,32,92,44,92,51,92,21,-,-0,11%
17.11.2020,92,42,92,49,92,61,92,27,-,-0,24%
16.11.2020,92,64,92,72,92,84,92,46,-,-0,12%
13.11.2020,92,75,92,95,93,00,92,71,-,-0,22%
12.11.2020,92,96,93,01,93,14,92,78,-,-0,09%
11.11.2020,93,04,92,70,93,21,92,61,-,0,32%
10.11.2020,92,75,92,76,92,97,92,60,-,0,03%
09.11.2020,92,72,92,24,92,96,92,13,-,0,54%
06.11.2020,92,23,92,57,92,82,92,18,-,-0,32%
05.11.2020,92,53,93,34,93,54,92,49,-,-0,94%
04.11.2020,93,41,93,09,94,30,93,09,-,-0,16%
03.11.2020,93,55,94,05,94,05,93,29,-,-0,61%
02.11.2020,94,13,93,89,94,29,93,89,-,0,10%
30.10.2020,94,04,93,92,94,08,93,65,-,0,09%
29.10.2020,93,96,93,46,94,10,93,33,-,0,59%
28.10.2020,93,40,93,15,93,64,93,05,-,0,50%
27.10.2020,92,94,93,07,93,13,92,79,-,-0,11%
26.10.2020,93,04,92,76,93,11,92,74,-,0,30%
23.10.2020,92,77,92,93,93,13,92,66,-,-0,20%
22.10.2020,92,95,92,67,92,97,92,61,-,0,37%
21.10.2020,92,61,93,05,93,07,92,47,-,-0,49%
20.10.2020,93,07,93,42,93,50,93,00,-,-0,39%
19.10.2020,93,43,93,72,93,77,93,21,-,-0,27%
16.10.2020,93,68,93,80,93,88,93,53,-,-0,19%
15.10.2020,93,86,93,43,93,90,93,37,-,0,51%
14.10.2020,93,38,93,54,93,67,93,25,-,-0,16%
13.10.2020,93,53,93,03,93,60,93,03,-,0,50%
12.10.2020,93,07,93,06,93,24,93,01,-,0,01%
09.10.2020,93,06,93,56,93,59,93,00,-,-0,59%
08.10.2020,93,61,93,61,93,78,93,50,-,-0,03%
07.10.2020,93,63,93,83,93,90,93,56,-,-0,06%
06.10.2020,93,69,93,43,93,85,93,33,-,0,18%
05.10.2020,93,51,93,81,93,87,93,37,-,-0,35%
02.10.2020,93,84,93,73,94,03,93,69,-,0,14%
01.10.2020,93,71,93,80,93,92,93,53,-,-0,19%
30.09.2020,93,89,93,85,94,19,93,67,-,0,00%
29.09.2020,93,89,94,24,94,30,93,82,-,-0,41%
28.09.2020,94,28,94,58,94,64,94,15,-,-0,38%
25.09.2020,94,64,94,32,94,74,94,19,-,0,31%
24.09.2020,94,35,94,38,94,59,94,20,-,-0,04%
23.09.2020,94,39,93,99,94,43,93,93,-,0,43%
22.09.2020,93,99,93,55,94,08,93,46,-,0,35%
21.09.2020,93,66,93,00,93,78,92,75,-,0,79%
18.09.2020,92,93,92,86,93,01,92,77,-,-0,05%
17.09.2020,92,97,93,15,93,59,92,87,-,-0,26%
16.09.2020,93,21,93,08,93,28,92,78,-,0,18%
15.09.2020,93,05,93,06,93,14,92,79,-,0,00%
14.09.2020,93,05,93,29,93,33,92,87,-,-0,30%
11.09.2020,93,33,93,33,93,38,93,10,-,0,00%
10.09.2020,93,34,93,23,93,45,92,70,-,0,09%
09.09.2020,93,25,93,58,93,66,93,14,-,-0,20%
08.09.2020,93,44,93,05,93,52,93,00,-,0,78%
07.09.2020,92,72,92,97,93,09,92,72,-,0,00%
04.09.2020,92,72,92,80,93,24,92,66,-,-0,02%
03.09.2020,92,74,92,66,93,07,92,65,-,-0,12%
02.09.2020,92,85,92,28,92,87,92,21,-,0,55%
01.09.2020,92,34,92,18,92,40,91,75,-,0,21%
31.08.2020,92,14,92,30,92,48,91,99,-,-0,25%
28.08.2020,92,37,93,02,93,10,92,20,-,-0,68%
27.08.2020,93,00,92,85,93,32,92,42,-,0,00%
26.08.2020,93,01,93,02,93,36,92,85,-,-0,01%
25.08.2020,93,02,93,28,93,35,92,97,-,-0,30%
24.08.2020,93,30,93,20,93,34,92,84,-,0,05%
21.08.2020,93,25,92,72,93,47,92,57,-,0,49%
20.08.2020,92,79,92,96,93,24,92,73,-,-0,10%
19.08.2020,92,89,92,28,93,05,92,15,-,0,67%
18.08.2020,92,27,92,82,92,82,92,13,-,-0,62%
17.08.2020,92,85,93,10,93,12,92,77,-,-0,26%
14.08.2020,93,10,93,22,93,41,93,01,-,-0,26%
13.08.2020,93,33,93,36,93,39,92,93,-,-0,12%
12.08.2020,93,44,93,68,93,90,93,27,-,-0,20%
11.08.2020,93,63,93,60,93,74,93,17,-,0,05%
10.08.2020,93,58,93,39,93,69,93,30,-,0,16%
07.08.2020,93,43,92,81,93,62,92,76,-,0,70%
06.08.2020,92,79,92,77,93,09,92,52,-,-0,09%
05.08.2020,92,87,93,23,93,25,92,56,-,-0,55%
04.08.2020,93,38,93,56,93,83,93,23,-,-0,17%
03.08.2020,93,54,93,46,93,99,93,32,-,0,21%
31.07.2020,93,35,92,82,93,54,92,55,-,0,35%
30.07.2020,93,02,93,32,93,68,92,93,-,-0,46%
29.07.2020,93,45,93,75,93,80,93,18,-,-0,26%
28.07.2020,93,70,93,58,94,01,93,49,-,0,03%
27.07.2020,93,67,94,35,94,42,93,48,-,-0,81%
24.07.2020,94,43,94,77,94,83,94,33,-,-0,27%
23.07.2020,94,69,94,98,95,18,94,59,-,-0,31%
22.07.2020,94,99,95,13,95,41,94,83,-,-0,14%
21.07.2020,95,12,95,75,95,92,95,05,-,-0,75%
20.07.2020,95,83,96,01,96,18,95,73,-,-0,11%
17.07.2020,95,94,96,28,96,33,95,90,-,-0,42%
16.07.2020,96,35,96,00,96,40,95,89,-,0,28%
15.07.2020,96,08,96,17,96,25,95,78,-,-0,18%
14.07.2020,96,26,96,54,96,70,96,18,-,-0,21%
13.07.2020,96,46,96,66,96,68,96,27,-,-0,19%
10.07.2020,96,65,96,75,96,97,96,44,-,-0,05%
09.07.2020,96,70,96,45,96,81,96,24,-,0,28%
08.07.2020,96,43,96,99,97,05,96,40,-,-0,47%
07.07.2020,96,88,96,75,97,15,96,60,-,0,16%
06.07.2020,96,72,97,15,97,19,96,57,-,-0,46%
03.07.2020,97,17,97,21,97,36,97,12,-,-0,15%
02.07.2020,97,32,97,14,97,34,96,81,-,0,12%
01.07.2020,97,20,97,39,97,62,97,03,-,-0,20%
30.06.2020,97,39,97,40,97,80,97,23,-,-0,15%
29.06.2020,97,54,97,50,97,65,97,11,-,0,11%
26.06.2020,97,43,97,35,97,68,97,26,-,0,00%
25.06.2020,97,43,97,24,97,60,97,16,-,0,29%
24.06.2020,97,15,96,66,97,24,96,55,-,0,52%
23.06.2020,96,65,96,93,97,25,96,39,-,-0,40%
22.06.2020,97,04,97,66,97,74,97,00,-,-0,60%
19.06.2020,97,62,97,42,97,72,97,16,-,0,21%
18.06.2020,97,42,97,08,97,58,96,95,-,0,27%
17.06.2020,97,16,97,01,97,34,96,80,-,0,21%
16.06.2020,96,96,96,56,97,25,96,43,-,0,26%
15.06.2020,96,71,97,09,97,39,96,60,-,-0,63%
12.06.2020,97,32,96,81,97,45,96,49,-,0,61%
11.06.2020,96,73,96,09,96,83,95,95,-,0,81%
10.06.2020,95,96,96,43,96,46,95,72,-,-0,38%
09.06.2020,96,32,96,63,97,06,96,23,-,-0,30%
08.06.2020,96,62,96,84,97,07,96,60,-,-0,33%
05.06.2020,96,94,96,74,97,03,96,44,-,0,27%
04.06.2020,96,68,97,32,97,63,96,57,-,-0,62%
03.06.2020,97,28,97,57,97,63,97,18,-,-0,41%
02.06.2020,97,67,97,84,97,91,97,43,-,-0,16%
01.06.2020,97,83,98,30,98,32,97,79,-,-0,52%
29.05.2020,98,34,98,51,98,55,97,94,-,-0,04%
28.05.2020,98,38,98,91,99,09,98,35,-,-0,69%
27.05.2020,99,06,99,02,99,34,98,72,-,0,16%
26.05.2020,98,91,99,76,99,77,98,90,-,-0,96%
25.05.2020,99,86,99,79,99,97,99,69,-,0,00%
22.05.2020,99,86,99,42,99,87,99,39,-,0,50%
21.05.2020,99,37,99,18,99,51,99,02,-,0,25%
20.05.2020,99,12,99,55,99,56,99,00,-,-0,25%
19.05.2020,99,37,99,62,99,73,99,23,-,-0,29%
18.05.2020,99,67,100,36,100,47,99,58,-,-0,73%
15.05.2020,100,40,100,26,100,49,100,08,-,-0,06%
14.05.2020,100,47,100,19,100,56,100,15,-,0,22%
13.05.2020,100,24,100,01,100,28,99,58,-,0,31%
12.05.2020,99,93,100,23,100,44,99,66,-,-0,30%
11.05.2020,100,24,99,12,100,28,99,12,-,0,50%
08.05.2020,99,73,99,84,99,94,99,10,-,-0,16%
07.05.2020,99,89,100,21,100,40,99,81,-,-0,20%
06.05.2020,100,09,99,79,100,20,99,75,-,0,38%
05.05.2020,99,71,99,51,99,97,99,30,-,0,23%
04.05.2020,99,48,98,57,99,60,98,57,-,0,41%
01.05.2020,99,08,99,13,99,21,98,64,-,0,06%
30.04.2020,99,02,99,48,99,72,98,81,-,-0,55%
29.04.2020,99,57,99,88,99,89,99,46,-,-0,30%
28.04.2020,99,86,100,06,100,21,99,45,-,-0,18%
27.04.2020,100,04,100,23,100,32,99,83,-,-0,34%
24.04.2020,100,38,100,50,100,87,100,19,-,-0,05%
23.04.2020,100,43,100,45,100,69,100,04,-,0,04%
22.04.2020,100,39,100,21,100,50,99,90,-,0,13%
21.04.2020,100,26,99,94,100,48,99,93,-,0,30%
20.04.2020,99,96,99,71,100,07,99,65,-,0,17%
17.04.2020,99,78,99,86,100,29,99,62,-,-0,24%
16.04.2020,100,03,99,63,100,30,99,61,-,0,57%
15.04.2020,99,46,98,82,99,98,98,82,-,0,58%
14.04.2020,98,89,99,38,99,43,98,82,-,-0,46%
13.04.2020,99,35,99,49,99,63,99,14,-,-0,17%
10.04.2020,99,52,99,58,99,63,99,36,-,0,00%
09.04.2020,99,52,100,13,100,30,99,36,-,-0,60%
08.04.2020,100,12,99,91,100,43,99,90,-,0,22%
07.04.2020,99,90,100,75,100,79,99,77,-,-0,78%
06.04.2020,100,68,100,66,100,93,100,47,-,0,11%
03.04.2020,100,58,100,20,100,85,100,14,-,0,40%
02.04.2020,100,18,99,51,100,41,99,33,-,0,51%
01.04.2020,99,67,99,01,99,84,98,91,-,0,63%
31.03.2020,99,05,99,25,99,95,98,89,-,-0,13%
30.03.2020,99,18,98,31,99,32,98,29,-,0,83%
27.03.2020,98,36,99,29,99,81,98,27,-,-0,99%
26.03.2020,99,35,100,96,101,02,99,24,-,-1,68%
25.03.2020,101,05,101,60,101,91,100,84,-,-0,97%
24.03.2020,102,04,102,13,102,21,101,05,-,-0,44%
23.03.2020,102,49,101,95,102,98,101,65,-,-0,32%
20.03.2020,102,82,102,94,102,99,101,09,-,-0,16%
19.03.2020,102,99,100,79,102,99,100,78,-,1,80%
18.03.2020,101,16,99,38,101,74,99,15,-,1,59%
17.03.2020,99,58,98,14,99,83,97,98,-,1,54%
16.03.2020,98,07,98,70,98,70,97,45,-,-0,69%
13.03.2020,98,75,97,45,98,81,97,33,-,1,31%
12.03.2020,97,47,96,65,98,31,96,08,-,0,99%
11.03.2020,96,51,96,33,96,69,95,91,-,0,10%
10.03.2020,96,41,95,34,96,58,95,23,-,1,60%
09.03.2020,94,89,96,11,95,79,94,65,-,-1,10%
06.03.2020,95,95,96,61,96,70,95,71,-,-0,90%
05.03.2020,96,82,97,38,97,44,96,52,-,-0,53%
04.03.2020,97,34,97,17,97,59,97,12,-,0,20%
03.03.2020,97,15,97,56,97,69,96,98,-,-0,22%
02.03.2020,97,36,98,12,98,12,97,18,-,-0,78%
28.02.2020,98,13,98,42,98,66,97,96,-,-0,39%
27.02.2020,98,51,99,02,99,05,98,36,-,-0,49%
26.02.2020,99,00,99,08,99,27,98,91,-,0,03%
25.02.2020,98,97,99,33,99,39,98,88,-,-0,39%
24.02.2020,99,36,99,34,99,64,99,11,-,0,10%
21.02.2020,99,26,99,86,99,87,99,23,-,-0,60%
20.02.2020,99,86,99,54,99,91,99,53,-,0,16%
19.02.2020,99,70,99,43,99,72,99,38,-,0,26%
18.02.2020,99,44,99,19,99,47,99,14,-,0,44%
17.02.2020,99,00,99,16,99,21,99,00,-,-0,12%
14.02.2020,99,12,99,12,99,17,99,00,-,0,05%
13.02.2020,99,07,98,99,99,11,98,85,-,0,02%
12.02.2020,99,05,98,77,99,05,98,70,-,0,33%
11.02.2020,98,72,98,86,98,95,98,71,-,-0,11%
10.02.2020,98,83,98,70,98,88,98,60,-,0,15%
07.02.2020,98,68,98,46,98,72,98,42,-,0,18%
06.02.2020,98,50,98,29,98,57,98,21,-,0,20%
05.02.2020,98,30,97,94,98,32,97,90,-,0,35%
04.02.2020,97,96,97,82,98,01,97,79,-,0,16%
03.02.2020,97,80,97,37,97,89,97,37,-,0,42%
31.01.2020,97,39,97,87,97,97,97,35,-,-0,49%
30.01.2020,97,87,98,03,98,07,97,79,-,-0,12%
29.01.2020,97,99,97,95,98,19,97,94,-,-0,03%
28.01.2020,98,02,97,95,98,16,97,90,-,0,06%
27.01.2020,97,96,97,88,98,00,97,78,-,0,11%
24.01.2020,97,85,97,72,97,95,97,67,-,0,16%
23.01.2020,97,69,97,48,97,80,97,43,-,0,16%
22.01.2020,97,53,97,62,97,69,97,44,-,0,00%
21.01.2020,97,53,97,63,97,66,97,39,-,-0,08%
20.01.2020,97,61,97,64,97,73,97,58,-,-0,03%
17.01.2020,97,64,97,30,97,66,97,27,-,0,33%
16.01.2020,97,32,97,18,97,36,97,08,-,0,09%
15.01.2020,97,23,97,38,97,44,97,16,-,-0,14%
14.01.2020,97,37,97,36,97,56,97,33,-,0,03%
13.01.2020,97,34,97,35,97,53,97,31,-,-0,02%
10.01.2020,97,36,97,43,97,58,97,30,-,-0,09%
09.01.2020,97,45,97,27,97,56,97,25,-,0,15%
08.01.2020,97,30,96,83,97,35,96,82,-,0,31%
07.01.2020,97,00,96,65,97,09,96,62,-,0,34%
06.01.2020,96,67,96,90,96,90,96,54,-,-0,18%
03.01.2020,96,84,96,79,97,11,96,71,-,-0,01%
02.01.2020,96,85,96,48,96,87,96,42,-,0,48%
01.01.2020,96,39,96,50,97,10,96,39,-,0,00%
31.12.2019,96,39,96,73,96,73,96,36,-,-0,36%
30.12.2019,96,74,97,02,97,02,96,61,-,-0,19%
27.12.2019,96,92,97,54,97,55,96,92,-,-0,63%
26.12.2019,97,53,97,62,97,71,97,49,-,-0,12%
25.12.2019,97,65,97,67,97,73,97,35,-,0,00%
24.12.2019,97,65,97,66,97,80,97,61,-,-0,01%
23.12.2019,97,66,97,67,97,82,97,58,-,-0,03%
20.12.2019,97,69,97,39,97,76,97,38,-,0,32%
19.12.2019,97,38,97,40,97,49,97,22,-,-0,02%
18.12.2019,97,40,97,23,97,47,97,22,-,0,19%
17.12.2019,97,22,97,14,97,30,97,03,-,0,21%
16.12.2019,97,02,97,18,97,18,96,93,-,-0,15%
13.12.2019,97,17,96,78,97,24,96,72,-,-0,24%
12.12.2019,97,40,97,08,97,52,96,59,-,0,33%
11.12.2019,97,08,97,51,97,60,97,04,-,-0,34%
10.12.2019,97,41,97,65,97,66,97,40,-,-0,24%
09.12.2019,97,64,97,68,97,72,97,56,-,-0,06%
06.12.2019,97,70,97,38,97,84,97,36,-,0,30%
05.12.2019,97,41,97,59,97,59,97,36,-,-0,25%
04.12.2019,97,65,97,71,97,79,97,43,-,-0,09%
03.12.2019,97,74,97,89,97,94,97,64,-,-0,12%
02.12.2019,97,86,98,27,98,38,97,81,-,-0,42%
29.11.2019,98,27,98,34,98,54,98,22,-,-0,10%
28.11.2019,98,37,98,33,98,40,98,26,-,0,00%
27.11.2019,98,37,98,30,98,44,98,28,-,0,12%
26.11.2019,98,25,98,33,98,38,98,23,-,-0,07%
25.11.2019,98,32,98,27,98,38,98,17,-,0,05%
22.11.2019,98,27,97,93,98,31,97,84,-,0,29%
21.11.2019,97,99,97,86,98,03,97,73,-,0,06%
20.11.2019,97,93,97,84,98,04,97,84,-,0,07%
19.11.2019,97,86,97,81,97,89,97,75,-,0,07%
18.11.2019,97,79,97,98,97,98,97,68,-,-0,21%
15.11.2019,98,00,98,17,98,23,97,96,-,-0,16%
14.11.2019,98,16,98,34,98,42,98,11,-,-0,21%
13.11.2019,98,37,98,33,98,45,98,29,-,0,06%
12.11.2019,98,31,98,21,98,42,98,21,-,0,11%
11.11.2019,98,20,98,37,98,38,98,13,-,-0,15%
08.11.2019,98,35,98,14,98,40,98,10,-,0,21%
07.11.2019,98,14,97,95,98,23,97,82,-,0,19%
06.11.2019,97,95,97,94,97,98,97,78,-,-0,03%
05.11.2019,97,98,97,55,98,01,97,47,-,0,49%
04.11.2019,97,50,97,22,97,58,97,17,-,0,27%
01.11.2019,97,24,97,30,97,45,97,11,-,-0,11%
31.10.2019,97,35,97,44,97,45,97,22,-,-0,31%
30.10.2019,97,65,97,67,98,00,97,45,-,-0,04%
29.10.2019,97,69,97,75,97,93,97,61,-,-0,07%
28.10.2019,97,76,97,85,97,89,97,67,-,-0,07%
25.10.2019,97,83,97,69,97,90,97,57,-,0,20%
24.10.2019,97,63,97,46,97,78,97,28,-,0,14%
23.10.2019,97,49,97,49,97,65,97,42,-,-0,04%
22.10.2019,97,53,97,31,97,57,97,26,-,0,21%
21.10.2019,97,33,97,34,97,40,97,15,-,0,05%
18.10.2019,97,28,97,60,97,66,97,14,-,-0,34%
17.10.2019,97,61,97,99,98,11,97,50,-,-0,40%
16.10.2019,98,00,98,32,98,42,97,90,-,-0,30%
15.10.2019,98,29,98,45,98,64,98,21,-,-0,16%
14.10.2019,98,45,98,36,98,53,98,34,-,0,15%
11.10.2019,98,30,98,70,98,74,98,20,-,-0,41%
10.10.2019,98,70,98,98,99,07,98,62,-,-0,42%
09.10.2019,99,12,99,09,99,16,98,90,-,-0,01%
08.10.2019,99,13,98,98,99,25,98,85,-,0,16%
07.10.2019,98,97,98,82,99,00,98,74,-,0,16%
04.10.2019,98,81,98,87,99,00,98,73,-,-0,05%
03.10.2019,98,86,99,03,99,19,98,64,-,-0,16%
02.10.2019,99,02,99,16,99,42,98,96,-,-0,11%
01.10.2019,99,13,99,40,99,67,99,07,-,-0,25%
30.09.2019,99,38,99,12,99,46,99,05,-,0,27%
27.09.2019,99,11,99,19,99,31,98,99,-,-0,02%
26.09.2019,99,13,98,96,99,28,98,84,-,0,09%
25.09.2019,99,04,98,38,99,06,98,36,-,0,71%
24.09.2019,98,34,98,64,98,70,98,29,-,-0,26%
23.09.2019,98,60,98,51,98,83,98,45,-,0,09%
20.09.2019,98,51,98,34,98,64,98,14,-,0,24%
19.09.2019,98,27,98,57,98,62,98,20,-,-0,29%
18.09.2019,98,56,98,21,98,69,98,19,-,0,31%
17.09.2019,98,26,98,65,98,74,98,19,-,-0,35%
16.09.2019,98,61,98,12,98,71,98,03,-,0,36%
13.09.2019,98,26,98,41,98,43,97,86,-,-0,05%
12.09.2019,98,31,98,63,99,10,98,19,-,-0,33%
11.09.2019,98,64,98,33,98,75,97,86,-,0,32%
10.09.2019,98,33,98,33,98,46,98,26,-,0,05%
09.09.2019,98,28,98,42,98,51,98,14,-,-0,11%
06.09.2019,98,39,98,42,98,52,98,01,-,-0,02%
05.09.2019,98,41,98,40,98,53,98,08,-,-0,04%
04.09.2019,98,45,98,96,98,97,98,39,-,-0,56%
03.09.2019,99,00,99,08,99,37,98,92,-,0,08%
02.09.2019,98,92,98,83,99,13,98,81,-,0,00%
30.08.2019,98,92,98,43,99,02,98,41,-,0,42%
29.08.2019,98,51,98,19,98,55,98,16,-,0,31%
28.08.2019,98,21,98,01,98,26,98,00,-,0,21%
27.08.2019,98,00,98,05,98,05,97,86,-,-0,08%
26.08.2019,98,08,97,59,98,09,97,48,-,0,45%
23.08.2019,97,64,98,19,98,45,97,17,-,-0,54%
22.08.2019,98,17,98,25,98,39,98,08,-,-0,13%
21.08.2019,98,30,98,17,98,33,97,95,-,0,11%
20.08.2019,98,19,98,36,98,45,98,12,-,-0,16%
19.08.2019,98,35,98,17,98,39,98,13,-,0,21%
16.08.2019,98,14,98,13,98,34,98,11,-,0,00%
15.08.2019,98,14,97,95,98,24,97,82,-,0,15%
14.08.2019,97,99,97,80,98,05,97,67,-,0,18%
13.08.2019,97,81,97,48,97,85,97,32,-,0,44%
12.08.2019,97,38,97,53,97,74,97,32,-,-0,11%
09.08.2019,97,49,97,57,97,64,97,03,-,-0,13%
08.08.2019,97,62,97,60,97,74,97,43,-,0,08%
07.08.2019,97,54,97,56,97,85,97,31,-,-0,09%
06.08.2019,97,63,97,25,97,77,97,21,-,0,11%
05.08.2019,97,52,98,11,98,14,97,38,-,-0,56%
02.08.2019,98,07,98,41,98,45,98,05,-,-0,30%
01.08.2019,98,37,98,59,98,93,98,27,-,-0,15%
31.07.2019,98,52,98,03,98,68,98,00,-,0,48%
30.07.2019,98,05,98,07,98,21,98,02,-,0,01%
29.07.2019,98,04,97,99,98,17,97,90,-,0,03%
26.07.2019,98,01,97,79,98,09,97,76,-,0,19%
25.07.2019,97,82,97,69,97,92,97,50,-,0,09%
24.07.2019,97,73,97,72,97,81,97,55,-,0,03%
23.07.2019,97,70,97,30,97,74,97,30,-,0,45%
22.07.2019,97,26,97,14,97,30,97,13,-,0,11%
19.07.2019,97,15,96,82,97,29,96,76,-,0,37%
18.07.2019,96,79,97,19,97,26,96,67,-,-0,44%
17.07.2019,97,22,97,36,97,44,97,16,-,-0,17%
16.07.2019,97,39,96,92,97,44,96,92,-,0,47%
15.07.2019,96,93,96,84,96,97,96,75,-,0,12%
12.07.2019,96,81,97,08,97,12,96,72,-,-0,25%
11.07.2019,97,05,97,06,97,15,96,80,-,-0,05%
10.07.2019,97,10,97,51,97,55,97,03,-,-0,40%
09.07.2019,97,49,97,38,97,59,97,36,-,0,11%
08.07.2019,97,38,97,23,97,42,97,16,-,0,09%
05.07.2019,97,29,96,72,97,44,96,72,-,0,54%
04.07.2019,96,77,96,71,96,81,96,66,-,0,00%
03.07.2019,96,77,96,73,96,87,96,59,-,0,04%
02.07.2019,96,73,96,81,96,88,96,60,-,-0,11%
01.07.2019,96,84,96,25,96,87,96,25,-,0,74%
28.06.2019,96,13,96,19,96,30,96,02,-,-0,06%
27.06.2019,96,19,96,17,96,39,96,14,-,-0,02%
26.06.2019,96,21,96,18,96,34,96,07,-,0,07%
25.06.2019,96,14,96,00,96,36,95,84,-,0,17%
24.06.2019,95,98,96,18,96,20,95,97,-,-0,25%
21.06.2019,96,22,96,62,96,71,96,09,-,-0,42%
20.06.2019,96,63,97,17,97,20,96,57,-,-0,50%
19.06.2019,97,12,97,63,97,68,97,09,-,-0,53%
18.06.2019,97,64,97,53,97,77,97,37,-,0,08%
17.06.2019,97,56,97,52,97,60,97,34,-,-0,01%
14.06.2019,97,57,97,01,97,58,96,94,-,0,58%
13.06.2019,97,01,96,96,97,08,96,87,-,0,01%
12.06.2019,97,00,96,71,97,02,96,58,-,0,32%
11.06.2019,96,69,96,75,96,88,96,64,-,-0,07%
10.06.2019,96,76,96,64,96,94,96,63,-,0,23%
07.06.2019,96,54,97,01,97,18,96,46,-,-0,52%
06.06.2019,97,04,97,29,97,35,96,78,-,-0,29%
05.06.2019,97,32,97,12,97,37,96,75,-,0,26%
04.06.2019,97,07,97,21,97,33,97,00,-,-0,07%
03.06.2019,97,14,97,64,97,80,97,11,-,-0,62%
31.05.2019,97,75,98,15,98,17,97,61,-,-0,40%
30.05.2019,98,14,98,13,98,28,98,09,-,0,00%
29.05.2019,98,14,97,92,98,21,97,86,-,0,19%
28.05.2019,97,95,97,74,97,98,97,70,-,0,35%
27.05.2019,97,61,97,57,97,79,97,55,-,0,00%
24.05.2019,97,61,97,83,97,91,97,55,-,-0,26%
23.05.2019,97,86,98,06,98,37,97,81,-,-0,18%
22.05.2019,98,04,98,02,98,12,97,89,-,-0,02%
21.05.2019,98,06,97,92,98,13,97,82,-,0,13%
20.05.2019,97,93,97,96,98,04,97,88,-,-0,07%
17.05.2019,98,00,97,83,98,03,97,77,-,0,14%
16.05.2019,97,86,97,54,97,88,97,44,-,0,30%
15.05.2019,97,57,97,53,97,70,97,44,-,0,04%
14.05.2019,97,53,97,32,97,56,97,27,-,0,22%
13.05.2019,97,32,97,30,97,38,97,03,-,-0,01%
10.05.2019,97,33,97,43,97,45,97,13,-,-0,04%
09.05.2019,97,37,97,58,97,70,97,24,-,-0,26%
08.05.2019,97,62,97,57,97,68,97,42,-,-0,01%
07.05.2019,97,63,97,52,97,74,97,38,-,0,11%
06.05.2019,97,52,97,56,97,70,97,46,-,0,00%
03.05.2019,97,52,97,83,98,10,97,41,-,-0,32%
02.05.2019,97,83,97,63,97,85,97,51,-,0,14%
01.05.2019,97,69,97,53,97,73,97,15,-,0,22%
30.04.2019,97,48,97,84,97,89,97,44,-,-0,39%
29.04.2019,97,86,98,03,98,10,97,83,-,-0,15%
26.04.2019,98,01,98,12,98,33,97,85,-,-0,19%
25.04.2019,98,20,98,10,98,32,97,99,-,0,03%
24.04.2019,98,17,97,59,98,19,97,59,-,0,54%
23.04.2019,97,64,97,28,97,78,97,28,-,0,36%
22.04.2019,97,29,97,38,97,41,97,26,-,-0,09%
19.04.2019,97,38,97,42,97,43,97,33,-,-0,09%
18.04.2019,97,47,97,01,97,48,96,96,-,0,47%
17.04.2019,97,01,97,07,97,12,96,82,-,-0,03%
16.04.2019,97,04,96,93,97,09,96,88,-,0,10%
15.04.2019,96,94,96,92,96,96,96,79,-,-0,03%
12.04.2019,96,97,97,14,97,18,96,75,-,-0,22%
11.04.2019,97,18,96,89,97,19,96,88,-,0,24%
10.04.2019,96,95,96,99,97,22,96,85,-,-0,06%
09.04.2019,97,01,97,08,97,08,96,86,-,-0,04%
08.04.2019,97,05,97,39,97,40,96,98,-,-0,35%
05.04.2019,97,39,97,30,97,47,97,19,-,0,08%
04.04.2019,97,31,97,04,97,34,97,02,-,0,23%
03.04.2019,97,09,97,30,97,32,96,96,-,-0,28%
02.04.2019,97,36,97,33,97,52,97,27,-,0,13%
01.04.2019,97,23,97,18,97,39,97,03,-,-0,05%
29.03.2019,97,28,97,20,97,34,97,00,-,0,08%
28.03.2019,97,20,96,97,97,30,96,82,-,0,44%
27.03.2019,96,77,96,75,96,98,96,68,-,0,03%
26.03.2019,96,74,96,50,96,84,96,45,-,0,18%
25.03.2019,96,57,96,64,96,68,96,41,-,-0,08%
22.03.2019,96,65,96,32,96,81,96,21,-,0,16%
21.03.2019,96,50,95,91,96,62,95,84,-,0,77%
20.03.2019,95,76,96,40,96,57,95,74,-,-0,64%
19.03.2019,96,38,96,51,96,52,96,29,-,-0,15%
18.03.2019,96,52,96,56,96,63,96,38,-,-0,07%
15.03.2019,96,59,96,72,96,79,96,49,-,-0,20%
14.03.2019,96,78,96,49,96,82,96,47,-,0,24%
13.03.2019,96,55,97,01,97,02,96,39,-,-0,40%
12.03.2019,96,94,97,05,97,28,96,86,-,-0,29%
11.03.2019,97,22,97,39,97,45,96,92,-,-0,09%
08.03.2019,97,31,97,61,97,64,97,25,-,-0,37%
07.03.2019,97,67,96,83,97,71,96,81,-,0,83%
06.03.2019,96,87,96,90,96,99,96,78,-,0,00%
05.03.2019,96,87,96,67,97,01,96,66,-,0,20%
04.03.2019,96,68,96,34,96,82,96,33,-,0,16%
01.03.2019,96,53,96,22,96,55,96,07,-,0,38%
28.02.2019,96,16,96,09,96,28,95,82,-,0,01%
27.02.2019,96,15,96,06,96,19,95,88,-,0,16%
26.02.2019,96,00,96,39,96,46,95,95,-,-0,43%
25.02.2019,96,41,96,52,96,60,96,32,-,-0,10%
22.02.2019,96,51,96,59,96,78,96,42,-,-0,10%
21.02.2019,96,61,96,49,96,66,96,36,-,0,17%
20.02.2019,96,45,96,53,96,65,96,29,-,-0,07%
19.02.2019,96,52,96,81,97,08,96,43,-,-0,39%
18.02.2019,96,90,96,81,96,90,96,65,-,0,00%
15.02.2019,96,90,97,06,97,37,96,83,-,-0,08%
14.02.2019,96,98,97,14,97,28,96,95,-,-0,15%
13.02.2019,97,13,96,73,97,26,96,63,-,0,43%
12.02.2019,96,71,97,06,97,20,96,65,-,-0,36%
11.02.2019,97,06,96,66,97,12,96,62,-,0,43%
08.02.2019,96,64,96,60,96,69,96,45,-,0,13%
07.02.2019,96,51,96,39,96,67,96,38,-,0,12%
06.02.2019,96,39,96,06,96,42,96,04,-,0,33%
05.02.2019,96,07,95,83,96,12,95,81,-,0,23%
04.02.2019,95,85,95,60,95,92,95,57,-,0,28%
01.02.2019,95,58,95,55,95,66,95,40,-,0,00%
31.01.2019,95,58,95,35,95,62,95,16,-,0,25%
30.01.2019,95,34,95,79,95,98,95,25,-,-0,50%
29.01.2019,95,82,95,74,95,87,95,62,-,0,07%
28.01.2019,95,75,95,79,95,92,95,64,-,-0,04%
25.01.2019,95,79,96,49,96,53,95,74,-,-0,84%
24.01.2019,96,60,96,07,96,68,96,04,-,0,50%
23.01.2019,96,12,96,31,96,37,96,05,-,-0,19%
22.01.2019,96,30,96,34,96,48,96,22,-,-0,04%
21.01.2019,96,34,96,35,96,43,96,20,-,0,00%
18.01.2019,96,34,96,07,96,39,96,01,-,0,29%
17.01.2019,96,06,96,07,96,26,95,98,-,0,00%
16.01.2019,96,06,95,94,96,18,95,86,-,0,02%
15.01.2019,96,04,95,57,96,26,95,47,-,0,45%
14.01.2019,95,61,95,65,95,72,95,48,-,-0,06%
11.01.2019,95,67,95,44,95,76,95,19,-,0,14%
10.01.2019,95,54,95,16,95,62,95,03,-,0,34%
09.01.2019,95,22,95,81,95,92,95,12,-,-0,71%
08.01.2019,95,90,95,69,96,03,95,68,-,0,24%
07.01.2019,95,67,96,16,96,16,95,64,-,-0,53%
04.01.2019,96,18,96,28,96,61,96,05,-,-0,13%
03.01.2019,96,31,96,72,96,75,96,21,-,-0,53%
02.01.2019,96,82,96,14,96,96,95,82,-,0,68%
01.01.2019,96,17,96,15,96,32,95,65,-,0,00%
31.12.2018,96,17,96,40,96,51,96,00,-,-0,24%
28.12.2018,96,40,96,51,96,52,96,19,-,-0,08%
27.12.2018,96,48,96,92,96,94,96,41,-,-0,59%
26.12.2018,97,05,96,58,97,12,96,53,-,0,52%
25.12.2018,96,55,96,56,96,96,96,47,-,0,00%
24.12.2018,96,55,96,94,96,94,96,38,-,-0,42%
21.12.2018,96,96,96,39,97,05,96,25,-,0,71%
20.12.2018,96,28,96,99,97,04,96,17,-,-0,77%
19.12.2018,97,03,96,91,97,10,96,55,-,-0,07%
18.12.2018,97,10,97,13,97,17,96,70,-,0,00%
17.12.2018,97,10,97,43,97,46,97,05,-,-0,35%
14.12.2018,97,44,97,09,97,71,97,08,-,0,39%
13.12.2018,97,06,97,04,97,29,96,88,-,0,02%
12.12.2018,97,04,97,38,97,49,96,89,-,-0,36%
11.12.2018,97,39,97,18,97,55,96,87,-,0,17%
10.12.2018,97,22,96,72,97,24,96,36,-,0,74%
07.12.2018,96,51,96,80,96,92,96,51,-,-0,31%
06.12.2018,96,81,97,01,97,20,96,55,-,-0,27%
05.12.2018,97,07,97,01,97,20,96,83,-,0,10%
04.12.2018,96,97,96,94,97,13,96,38,-,-0,07%
03.12.2018,97,04,97,13,97,16,96,71,-,-0,24%
30.11.2018,97,27,96,76,97,31,96,71,-,0,51%
29.11.2018,96,78,96,84,97,00,96,63,-,-0,01%
28.11.2018,96,79,97,37,97,54,96,69,-,-0,60%
27.11.2018,97,37,97,03,97,50,96,97,-,0,31%
26.11.2018,97,07,96,93,97,10,96,66,-,0,15%
23.11.2018,96,92,96,51,96,98,96,40,-,0,22%
22.11.2018,96,71,96,72,96,72,96,32,-,0,00%
21.11.2018,96,71,96,82,96,87,96,50,-,-0,13%
20.11.2018,96,84,96,20,96,89,96,04,-,0,68%
19.11.2018,96,19,96,43,96,57,96,12,-,-0,29%
16.11.2018,96,47,97,05,97,06,96,40,-,-0,47%
15.11.2018,96,93,97,01,97,39,96,77,-,0,13%
14.11.2018,96,80,97,03,97,41,96,75,-,-0,51%
13.11.2018,97,30,97,60,97,66,96,94,-,-0,25%
12.11.2018,97,54,97,05,97,69,96,97,-,0,65%
09.11.2018,96,91,96,63,97,01,96,62,-,0,20%
08.11.2018,96,72,96,19,96,74,96,07,-,0,75%
07.11.2018,96,00,95,99,96,46,95,68,-,-0,33%
06.11.2018,96,32,96,33,96,45,96,14,-,0,04%
05.11.2018,96,28,96,44,96,68,96,25,-,-0,27%
02.11.2018,96,54,96,31,96,59,95,99,-,0,27%
01.11.2018,96,28,97,08,97,11,96,20,-,-0,88%
31.10.2018,97,13,96,99,97,20,96,88,-,0,12%
30.10.2018,97,01,96,66,97,02,96,62,-,0,45%
29.10.2018,96,58,96,44,96,70,96,35,-,0,23%
26.10.2018,96,36,96,59,96,86,96,29,-,-0,33%
25.10.2018,96,68,96,36,96,73,96,21,-,0,26%
24.10.2018,96,43,95,92,96,53,95,91,-,0,49%
23.10.2018,95,96,96,03,96,16,95,81,-,-0,05%
22.10.2018,96,01,95,66,96,09,95,47,-,0,31%
19.10.2018,95,71,95,95,96,09,95,54,-,-0,20%
18.10.2018,95,90,95,66,95,99,95,49,-,0,33%
17.10.2018,95,58,95,09,95,66,95,06,-,0,56%
16.10.2018,95,05,95,05,95,20,94,79,-,-0,01%
15.10.2018,95,06,95,35,95,37,94,95,-,-0,17%
12.10.2018,95,22,95,04,95,37,94,95,-,0,21%
11.10.2018,95,02,95,43,95,43,94,99,-,-0,51%
10.10.2018,95,51,95,59,95,79,95,38,-,-0,17%
09.10.2018,95,67,95,75,96,16,95,64,-,-0,09%
08.10.2018,95,76,95,62,96,03,95,59,-,0,15%
05.10.2018,95,62,95,76,95,94,95,52,-,-0,14%
04.10.2018,95,75,96,05,96,12,95,55,-,-0,01%
03.10.2018,95,76,95,46,96,12,95,26,-,0,26%
02.10.2018,95,51,95,30,95,74,95,26,-,0,22%
01.10.2018,95,30,95,11,95,37,95,00,-,0,18%
28.09.2018,95,13,95,02,95,37,94,92,-,0,25%
27.09.2018,94,89,94,25,95,01,94,21,-,0,74%
26.09.2018,94,19,94,17,94,40,93,95,-,0,06%
25.09.2018,94,13,94,25,94,37,94,01,-,-0,06%
24.09.2018,94,19,94,23,94,37,93,84,-,-0,03%
21.09.2018,94,22,93,89,94,33,93,81,-,0,33%
20.09.2018,93,91,94,55,94,56,93,83,-,-0,67%
19.09.2018,94,54,94,54,94,73,94,32,-,-0,11%
18.09.2018,94,64,94,61,94,73,94,31,-,0,15%
17.09.2018,94,50,94,93,94,98,94,44,-,-0,45%
14.09.2018,94,93,94,55,95,00,94,36,-,0,43%
13.09.2018,94,52,94,83,94,97,94,43,-,-0,30%
12.09.2018,94,80,95,10,95,28,94,73,-,-0,47%
11.09.2018,95,25,95,15,95,35,94,88,-,0,11%
10.09.2018,95,15,95,43,95,56,95,03,-,-0,22%
07.09.2018,95,36,95,02,95,46,94,87,-,0,36%
06.09.2018,95,02,95,10,95,21,94,93,-,-0,17%
05.09.2018,95,18,95,40,95,66,95,08,-,-0,27%
04.09.2018,95,44,95,14,95,74,95,14,-,0,32%
03.09.2018,95,14,95,19,95,22,95,01,-,0,00%
31.08.2018,95,14,94,70,95,22,94,55,-,0,44%
30.08.2018,94,72,94,53,94,90,94,47,-,0,13%
29.08.2018,94,60,94,73,94,93,94,53,-,-0,13%
28.08.2018,94,72,94,77,94,91,94,43,-,-0,06%
27.08.2018,94,78,95,17,95,30,94,69,-,-0,39%
24.08.2018,95,15,95,64,95,69,95,03,-,-0,54%
23.08.2018,95,67,95,17,95,71,95,15,-,0,55%
22.08.2018,95,15,95,21,95,38,94,93,-,-0,12%
21.08.2018,95,26,95,74,95,75,95,08,-,-0,67%
20.08.2018,95,90,96,13,96,40,95,73,-,-0,21%
17.08.2018,96,10,96,61,96,66,96,09,-,-0,56%
16.08.2018,96,64,96,72,96,77,96,32,-,-0,06%
15.08.2018,96,70,96,66,96,98,96,65,-,-0,03%
14.08.2018,96,73,96,33,96,79,96,14,-,0,35%
13.08.2018,96,39,96,32,96,52,96,16,-,0,03%
10.08.2018,96,36,95,64,96,45,95,53,-,0,90%
09.08.2018,95,50,95,10,95,62,95,03,-,0,47%
08.08.2018,95,05,95,14,95,42,94,99,-,-0,18%
07.08.2018,95,22,95,34,95,37,94,99,-,-0,15%
06.08.2018,95,36,95,20,95,52,95,20,-,0,23%
03.08.2018,95,14,95,18,95,37,94,98,-,-0,02%
02.08.2018,95,16,94,63,95,19,94,61,-,0,57%
01.08.2018,94,62,94,56,94,71,94,49,-,0,14%
31.07.2018,94,49,94,33,94,57,94,16,-,0,18%
30.07.2018,94,32,94,66,94,76,94,26,-,-0,37%
27.07.2018,94,67,94,76,94,91,94,63,-,-0,08%
26.07.2018,94,75,94,16,94,80,94,08,-,0,41%
25.07.2018,94,36,94,59,94,67,94,14,-,-0,26%
24.07.2018,94,61,94,67,94,86,94,40,-,-0,06%
23.07.2018,94,67,94,43,94,72,94,21,-,0,23%
20.07.2018,94,45,95,13,95,28,94,36,-,-0,74%
19.07.2018,95,15,95,08,95,65,94,93,-,0,07%
18.07.2018,95,08,95,03,95,41,94,96,-,0,15%
17.07.2018,94,94,94,55,95,06,94,30,-,0,45%
16.07.2018,94,51,94,69,94,77,94,41,-,-0,25%
13.07.2018,94,75,94,89,95,24,94,67,-,-0,06%
12.07.2018,94,81,94,70,94,94,94,64,-,0,10%
11.07.2018,94,72,94,20,94,77,94,09,-,0,61%
10.07.2018,94,15,94,06,94,47,94,02,-,0,07%
09.07.2018,94,08,93,97,94,21,93,71,-,0,04%
06.07.2018,94,04,94,36,94,49,93,92,-,-0,46%
05.07.2018,94,47,94,51,94,59,94,18,-,-0,21%
04.07.2018,94,67,94,52,94,71,94,40,-,0,00%
03.07.2018,94,67,94,84,94,98,94,56,-,-0,38%
02.07.2018,95,03,94,63,95,14,94,53,-,0,41%
29.06.2018,94,64,95,30,95,32,94,47,-,-0,79%
28.06.2018,95,39,95,27,95,53,95,09,-,0,13%
27.06.2018,95,27,94,67,95,42,94,53,-,0,64%
26.06.2018,94,66,94,29,94,77,94,17,-,0,40%
25.06.2018,94,28,94,50,94,70,94,21,-,-0,25%
22.06.2018,94,52,94,86,94,88,94,43,-,-0,23%
21.06.2018,94,74,95,13,95,53,94,68,-,-0,34%
20.06.2018,95,06,94,97,95,30,94,92,-,-0,02%
19.06.2018,95,08,94,63,95,30,94,53,-,0,30%
18.06.2018,94,80,94,79,95,05,94,70,-,0,01%
15.06.2018,94,79,94,91,95,13,94,65,-,0,02%
14.06.2018,94,77,93,50,94,93,93,19,-,1,13%
13.06.2018,93,71,93,83,94,03,93,52,-,-0,10%
12.06.2018,93,80,93,67,93,91,93,47,-,0,24%
11.06.2018,93,58,93,54,93,68,93,37,-,0,03%
08.06.2018,93,55,93,44,93,82,93,39,-,0,16%
07.06.2018,93,40,93,58,93,59,93,21,-,-0,28%
06.06.2018,93,66,93,88,93,89,93,42,-,-0,26%
05.06.2018,93,90,94,06,94,32,93,78,-,-0,13%
04.06.2018,94,02,94,16,94,19,93,66,-,-0,18%
01.06.2018,94,19,93,95,94,45,93,88,-,0,22%
31.05.2018,93,98,94,07,94,25,93,72,-,-0,18%
30.05.2018,94,15,94,82,94,97,94,04,-,-0,72%
29.05.2018,94,83,94,41,95,03,94,28,-,0,68%
28.05.2018,94,19,94,25,94,50,93,86,-,0,00%
25.05.2018,94,19,93,80,94,30,93,75,-,0,46%
24.05.2018,93,76,93,90,93,98,93,61,-,-0,26%
23.05.2018,94,00,93,55,94,19,93,51,-,0,42%
22.05.2018,93,61,93,54,93,73,93,29,-,-0,07%
21.05.2018,93,68,93,69,94,06,93,51,-,0,04%
18.05.2018,93,64,93,50,93,83,93,34,-,0,18%
17.05.2018,93,47,93,26,93,56,93,12,-,0,09%
16.05.2018,93,39,93,31,93,63,93,14,-,0,18%
15.05.2018,93,22,92,65,93,46,92,61,-,0,68%
14.05.2018,92,59,92,55,92,69,92,24,-,0,05%
11.05.2018,92,54,92,69,92,84,92,37,-,-0,12%
10.05.2018,92,65,93,08,93,16,92,54,-,-0,42%
09.05.2018,93,04,93,05,93,42,92,84,-,-0,09%
08.05.2018,93,12,92,73,93,28,92,65,-,0,40%
07.05.2018,92,75,92,57,92,97,92,45,-,0,19%
04.05.2018,92,57,92,43,92,90,92,35,-,0,17%
03.05.2018,92,41,92,72,92,76,92,34,-,-0,11%
02.05.2018,92,51,92,47,92,83,92,22,-,0,06%
01.05.2018,92,45,91,81,92,57,91,80,-,0,66%
30.04.2018,91,84,91,53,91,92,91,48,-,0,33%
27.04.2018,91,54,91,56,91,99,91,49,-,-0,02%
26.04.2018,91,56,91,21,91,64,90,96,-,0,43%
25.04.2018,91,17,90,76,91,26,90,75,-,0,44%
24.04.2018,90,77,90,92,91,08,90,71,-,-0,20%
23.04.2018,90,95,90,35,90,98,90,32,-,0,70%
20.04.2018,90,32,89,90,90,48,89,89,-,0,42%
19.04.2018,89,94,89,62,89,95,89,50,-,0,36%
18.04.2018,89,62,89,50,89,78,89,45,-,0,11%
17.04.2018,89,52,89,41,89,67,89,23,-,0,11%
16.04.2018,89,42,89,77,89,85,89,39,-,-0,42%
13.04.2018,89,80,89,76,89,88,89,66,-,0,06%
12.04.2018,89,75,89,52,89,96,89,44,-,0,20%
11.04.2018,89,57,89,58,89,67,89,36,-,-0,02%
10.04.2018,89,59,89,83,89,97,89,54,-,-0,28%
09.04.2018,89,84,90,07,90,27,89,82,-,-0,30%
06.04.2018,90,11,90,38,90,60,90,07,-,-0,39%
05.04.2018,90,46,90,09,90,59,90,07,-,0,36%
04.04.2018,90,14,90,16,90,23,89,92,-,-0,07%
03.04.2018,90,20,90,02,90,28,89,85,-,0,17%
02.04.2018,90,05,89,97,90,15,89,82,-,0,09%
30.03.2018,89,97,90,10,90,12,89,88,-,-0,20%
29.03.2018,90,15,90,11,90,18,89,90,-,0,10%
28.03.2018,90,06,89,32,90,15,89,25,-,0,82%
27.03.2018,89,33,89,02,89,63,88,94,-,0,34%
26.03.2018,89,03,89,47,89,52,88,98,-,-0,50%
23.03.2018,89,48,89,67,89,74,89,40,-,-0,42%
22.03.2018,89,86,89,65,89,96,89,40,-,0,09%
21.03.2018,89,78,90,41,90,40,89,63,-,-0,65%
20.03.2018,90,37,89,88,90,44,89,85,-,0,67%
19.03.2018,89,77,90,20,90,34,89,76,-,-0,51%
16.03.2018,90,23,90,14,90,38,89,89,-,0,10%
15.03.2018,90,14,89,75,90,17,89,62,-,0,49%
14.03.2018,89,70,89,70,89,89,89,56,-,0,04%
13.03.2018,89,66,89,91,90,11,89,59,-,-0,26%
12.03.2018,89,89,90,11,90,19,89,84,-,-0,22%
09.03.2018,90,09,90,20,90,36,90,00,-,-0,10%
08.03.2018,90,18,89,59,90,23,89,44,-,0,60%
07.03.2018,89,64,89,51,89,78,89,41,-,0,02%
06.03.2018,89,62,89,96,90,06,89,43,-,-0,51%
05.03.2018,90,08,89,83,90,22,89,83,-,0,16%
02.03.2018,89,94,90,25,90,29,89,88,-,-0,42%
01.03.2018,90,32,90,67,90,93,90,21,-,-0,32%
28.02.2018,90,61,90,41,90,70,90,31,-,0,28%
27.02.2018,90,36,89,80,90,50,89,69,-,0,57%
26.02.2018,89,85,89,96,90,05,89,50,-,-0,03%
23.02.2018,89,88,89,78,90,06,89,76,-,0,16%
22.02.2018,89,74,90,16,90,23,89,64,-,-0,29%
21.02.2018,90,00,89,71,90,16,89,59,-,0,31%
20.02.2018,89,72,89,24,89,80,89,22,-,0,70%
19.02.2018,89,10,89,10,89,44,88,95,-,0,00%
16.02.2018,89,10,88,57,89,23,88,25,-,0,58%
15.02.2018,88,59,88,96,89,00,88,54,-,-0,59%
14.02.2018,89,12,89,69,90,12,88,94,-,-0,65%
13.02.2018,89,70,90,09,90,18,89,61,-,-0,57%
12.02.2018,90,21,90,35,90,43,90,07,-,-0,25%
09.02.2018,90,44,90,25,90,56,90,12,-,0,23%
08.02.2018,90,23,90,27,90,57,90,01,-,-0,02%
07.02.2018,90,25,89,63,90,40,89,47,-,0,75%
06.02.2018,89,58,89,66,90,03,89,37,-,0,03%
05.02.2018,89,55,89,35,89,70,89,02,-,0,40%
02.02.2018,89,19,88,64,89,42,88,59,-,0,59%
01.02.2018,88,67,89,04,89,33,88,56,-,-0,52%
31.01.2018,89,13,89,10,89,30,88,78,-,-0,03%
30.01.2018,89,16,89,36,89,64,88,91,-,-0,17%
29.01.2018,89,31,89,11,89,62,89,01,-,0,27%
26.01.2018,89,07,89,40,89,40,88,72,-,-0,36%
25.01.2018,89,39,89,32,89,58,88,44,-,0,20%
24.01.2018,89,21,90,00,90,11,89,16,-,-1,01%
23.01.2018,90,12,90,39,90,59,90,06,-,-0,31%
22.01.2018,90,40,90,44,90,70,90,35,-,-0,19%
19.01.2018,90,57,90,50,90,70,90,16,-,0,08%
18.01.2018,90,50,90,78,90,98,90,41,-,-0,04%
17.01.2018,90,54,90,41,91,00,90,11,-,0,17%
16.01.2018,90,39,90,44,90,82,90,34,-,-0,64%
15.01.2018,90,97,90,94,90,94,90,28,-,0,00%
12.01.2018,90,97,91,85,91,88,90,90,-,-0,96%
11.01.2018,91,85,92,33,92,55,91,79,-,-0,52%
10.01.2018,92,33,92,57,92,57,91,92,-,-0,22%
09.01.2018,92,53,92,34,92,64,92,21,-,0,18%
08.01.2018,92,36,92,06,92,40,91,88,-,0,45%
05.01.2018,91,95,91,87,92,10,91,78,-,0,11%
04.01.2018,91,85,92,22,92,26,91,80,-,-0,34%
03.01.2018,92,16,91,82,92,26,91,81,-,0,32%
02.01.2018,91,87,92,24,92,25,91,75,-,-0,41%
01.01.2018,92,25,92,29,92,32,92,18,-,-0,04%
31.12.2017,92,28,92,28,92,28,92,28,-,0,18%
29.12.2017,92,12,92,67,92,67,92,08,-,-0,52%
28.12.2017,92,60,93,00,93,02,92,57,-,-0,46%
27.12.2017,93,03,93,30,93,31,92,96,-,-0,25%
26.12.2017,93,26,93,25,93,40,93,20,-,-0,10%
25.12.2017,93,35,93,37,93,40,93,19,-,0,00%
22.12.2017,93,35,93,37,93,56,93,31,-,0,08%
21.12.2017,93,28,93,31,93,50,93,23,-,-0,03%
20.12.2017,93,31,93,50,93,53,93,16,-,-0,14%
19.12.2017,93,44,93,71,93,76,93,43,-,-0,27%
18.12.2017,93,69,93,98,94,03,93,38,-,-0,26%
15.12.2017,93,93,93,65,94,00,93,41,-,0,47%
14.12.2017,93,49,93,41,93,76,93,28,-,0,06%
13.12.2017,93,43,94,06,94,11,93,39,-,-0,71%
12.12.2017,94,10,93,91,94,22,93,76,-,0,25%
11.12.2017,93,87,93,93,93,98,93,67,-,-0,03%
08.12.2017,93,90,93,79,94,09,93,77,-,0,11%
07.12.2017,93,80,93,54,93,80,93,51,-,0,20%
06.12.2017,93,61,93,31,93,65,93,17,-,0,25%
05.12.2017,93,38,93,08,93,49,93,03,-,0,20%
04.12.2017,93,19,93,17,93,36,93,07,-,0,32%
01.12.2017,92,89,93,03,93,25,92,60,-,-0,17%
30.11.2017,93,05,93,26,93,50,92,73,-,-0,12%
29.11.2017,93,16,93,22,93,44,92,99,-,-0,12%
28.11.2017,93,27,92,89,93,34,92,83,-,0,40%
27.11.2017,92,90,92,73,92,98,92,50,-,0,13%
24.11.2017,92,78,93,12,93,25,92,67,-,-0,47%
23.11.2017,93,22,93,30,93,31,93,07,-,0,00%
22.11.2017,93,22,93,93,93,96,93,21,-,-0,78%
21.11.2017,93,95,94,04,94,17,93,88,-,-0,14%
20.11.2017,94,08,93,71,94,10,93,58,-,0,45%
17.11.2017,93,66,93,87,93,93,93,51,-,-0,29%
16.11.2017,93,93,93,84,94,00,93,77,-,0,13%
15.11.2017,93,81,93,86,93,93,93,40,-,-0,02%
14.11.2017,93,83,94,52,94,54,93,75,-,-0,70%
13.11.2017,94,49,94,42,94,64,94,40,-,0,11%
10.11.2017,94,39,94,50,94,65,94,26,-,-0,05%
09.11.2017,94,44,94,88,94,96,94,42,-,-0,45%
08.11.2017,94,87,94,80,94,97,94,78,-,-0,04%
07.11.2017,94,91,94,72,95,15,94,70,-,0,16%
06.11.2017,94,76,94,87,95,08,94,69,-,-0,19%
03.11.2017,94,94,94,73,95,02,94,41,-,0,26%
02.11.2017,94,69,94,80,94,80,94,41,-,-0,13%
01.11.2017,94,81,94,55,94,85,94,51,-,0,27%
31.10.2017,94,55,94,54,94,70,94,45,-,-0,01%
30.10.2017,94,56,94,83,94,90,94,44,-,-0,38%
27.10.2017,94,92,94,72,95,15,94,73,-,0,33%
26.10.2017,94,61,93,63,94,72,93,48,-,0,96%
25.10.2017,93,71,93,94,94,01,93,61,-,-0,06%
24.10.2017,93,77,93,83,93,99,93,68,-,-0,18%
23.10.2017,93,94,93,82,94,02,93,68,-,0,26%
20.10.2017,93,70,93,16,93,78,93,12,-,0,58%
19.10.2017,93,16,93,42,93,55,93,06,-,-0,21%
18.10.2017,93,36,93,48,93,80,93,36,-,-0,16%
17.10.2017,93,51,93,31,93,73,93,28,-,0,21%
16.10.2017,93,31,93,08,93,36,93,08,-,0,24%
13.10.2017,93,09,93,09,93,24,92,75,-,0,03%
12.10.2017,93,06,92,95,93,23,92,80,-,0,04%
11.10.2017,93,02,93,25,93,37,92,90,-,-0,29%
10.10.2017,93,29,93,73,93,74,93,14,-,-0,41%
09.10.2017,93,67,93,77,93,84,93,62,-,-0,14%
06.10.2017,93,80,93,92,94,27,93,77,-,-0,17%
05.10.2017,93,96,93,48,93,99,93,41,-,0,53%
04.10.2017,93,46,93,57,93,58,93,26,-,-0,12%
03.10.2017,93,57,93,60,93,92,93,43,-,0,01%
02.10.2017,93,56,93,22,93,66,93,12,-,0,52%
29.09.2017,93,08,93,17,93,27,92,95,-,0,00%
28.09.2017,93,08,93,47,93,67,93,07,-,-0,30%
27.09.2017,93,36,93,04,93,61,93,00,-,0,42%
26.09.2017,92,97,92,60,93,29,92,55,-,0,35%
25.09.2017,92,65,92,42,92,72,92,21,-,0,52%
22.09.2017,92,17,92,18,92,22,91,78,-,-0,02%
21.09.2017,92,19,92,47,92,66,92,10,-,-0,35%
20.09.2017,92,51,91,83,92,70,91,53,-,0,78%
19.09.2017,91,79,91,98,92,05,91,75,-,-0,28%
18.09.2017,92,05,91,95,92,21,91,80,-,0,20%
15.09.2017,91,87,92,00,92,17,91,58,-,-0,27%
14.09.2017,92,12,92,35,92,66,91,97,-,-0,43%
13.09.2017,92,52,91,88,92,53,91,71,-,0,70%
12.09.2017,91,88,91,86,92,08,91,77,-,-0,02%
11.09.2017,91,90,91,44,91,98,91,42,-,0,60%
08.09.2017,91,35,91,49,91,51,91,01,-,-0,34%
07.09.2017,91,66,92,20,92,25,91,41,-,-0,68%
06.09.2017,92,29,92,24,92,38,91,99,-,0,04%
05.09.2017,92,25,92,60,92,73,92,18,-,-0,42%
04.09.2017,92,64,92,66,92,70,92,44,-,-0,18%
01.09.2017,92,81,92,61,92,93,92,10,-,0,15%
31.08.2017,92,67,92,85,93,35,92,56,-,-0,23%
30.08.2017,92,88,92,30,92,95,92,25,-,0,68%
29.08.2017,92,25,92,22,92,47,91,62,-,0,04%
28.08.2017,92,21,92,32,92,55,92,17,-,-0,57%
25.08.2017,92,74,93,27,93,44,92,42,-,-0,58%
24.08.2017,93,28,93,16,93,38,93,14,-,0,14%
23.08.2017,93,15,93,51,93,63,93,13,-,-0,43%
22.08.2017,93,55,93,14,93,58,93,06,-,0,49%
21.08.2017,93,09,93,45,93,58,93,00,-,-0,36%
18.08.2017,93,43,93,68,93,76,93,33,-,-0,20%
17.08.2017,93,62,93,44,94,08,93,31,-,0,09%
16.08.2017,93,54,93,83,94,14,93,47,-,-0,33%
15.08.2017,93,85,93,46,94,14,93,44,-,0,47%
14.08.2017,93,41,93,07,93,50,93,05,-,0,37%
11.08.2017,93,07,93,43,93,51,92,93,-,-0,35%
10.08.2017,93,40,93,50,93,81,93,32,-,-0,16%
09.08.2017,93,55,93,56,93,89,93,49,-,-0,11%
08.08.2017,93,65,93,44,93,88,93,24,-,0,24%
07.08.2017,93,43,93,51,93,54,93,30,-,-0,12%
04.08.2017,93,54,92,76,93,77,92,70,-,0,75%
03.08.2017,92,84,92,90,93,04,92,68,-,0,00%
02.08.2017,92,84,93,06,93,16,92,55,-,-0,21%
01.08.2017,93,04,92,89,93,12,92,78,-,0,19%
31.07.2017,92,86,93,36,93,53,92,78,-,-0,43%
28.07.2017,93,26,93,87,93,95,93,26,-,-0,64%
27.07.2017,93,86,93,46,94,10,93,15,-,0,20%
26.07.2017,93,67,94,09,94,28,93,37,-,-0,40%
25.07.2017,94,05,94,03,94,12,93,64,-,0,07%
24.07.2017,93,98,93,94,94,12,93,82,-,0,13%
21.07.2017,93,86,94,30,94,36,93,85,-,-0,48%
20.07.2017,94,31,94,77,95,17,94,09,-,-0,50%
19.07.2017,94,78,94,69,94,89,94,64,-,0,19%
18.07.2017,94,60,95,16,95,19,94,48,-,-0,56%
17.07.2017,95,13,95,09,95,35,95,02,-,-0,02%
14.07.2017,95,15,95,80,95,83,95,09,-,-0,61%
13.07.2017,95,73,95,78,95,92,95,46,-,-0,03%
12.07.2017,95,76,95,71,95,98,95,51,-,0,09%
11.07.2017,95,67,96,07,96,20,95,65,-,-0,36%
10.07.2017,96,02,96,03,96,20,95,95,-,0,01%
07.07.2017,96,01,95,80,96,15,95,75,-,0,22%
06.07.2017,95,80,96,19,96,34,95,78,-,-0,51%
05.07.2017,96,29,96,19,96,51,96,07,-,0,07%
04.07.2017,96,22,96,16,96,33,96,05,-,0,00%
03.07.2017,96,22,95,65,96,24,95,63,-,0,62%
30.06.2017,95,63,95,54,95,83,95,47,-,0,00%
29.06.2017,95,63,96,04,96,05,95,53,-,-0,40%
28.06.2017,96,01,96,43,96,62,95,97,-,-0,39%
27.06.2017,96,39,97,43,97,45,96,34,-,-1,07%
26.06.2017,97,43,97,24,97,47,97,11,-,0,17%
23.06.2017,97,26,97,56,97,58,97,18,-,-0,34%
22.06.2017,97,59,97,55,97,65,97,43,-,0,03%
21.06.2017,97,56,97,73,97,80,97,52,-,-0,20%
20.06.2017,97,76,97,53,97,87,97,43,-,0,22%
19.06.2017,97,55,97,10,97,58,97,05,-,0,40%
16.06.2017,97,16,97,48,97,56,97,10,-,-0,28%
15.06.2017,97,43,96,93,97,56,96,84,-,0,51%
14.06.2017,96,94,97,00,97,12,96,32,-,-0,03%
13.06.2017,96,97,97,17,97,28,96,95,-,-0,18%
12.06.2017,97,14,97,22,97,32,97,04,-,-0,13%
09.06.2017,97,27,97,18,97,50,97,14,-,0,36%
08.06.2017,96,92,96,70,97,23,96,59,-,0,18%
07.06.2017,96,75,96,54,96,98,96,51,-,0,11%
06.06.2017,96,64,96,79,96,80,96,52,-,-0,17%
05.06.2017,96,80,96,73,96,97,96,70,-,0,08%
02.06.2017,96,72,97,19,97,31,96,65,-,-0,49%
01.06.2017,97,20,96,99,97,32,96,90,-,0,29%
31.05.2017,96,92,97,43,97,50,96,86,-,-0,37%
30.05.2017,97,28,97,63,97,78,97,22,-,-0,16%
29.05.2017,97,44,97,43,97,61,97,33,-,0,00%
26.05.2017,97,44,97,23,97,55,97,04,-,0,20%
25.05.2017,97,25,97,07,97,28,96,88,-,0,01%
24.05.2017,97,24,97,34,97,47,97,03,-,-0,11%
23.05.2017,97,35,96,95,97,42,96,80,-,0,38%
22.05.2017,96,98,97,22,97,44,96,80,-,-0,16%
19.05.2017,97,14,97,85,97,85,97,08,-,-0,76%
18.05.2017,97,88,97,44,98,07,97,37,-,0,31%
17.05.2017,97,58,98,09,98,13,97,33,-,-0,54%
16.05.2017,98,11,98,88,98,89,98,08,-,-0,81%
15.05.2017,98,91,99,15,99,26,98,79,-,-0,34%
12.05.2017,99,25,99,63,99,70,99,16,-,-0,37%
11.05.2017,99,62,99,66,99,89,99,49,-,-0,05%
10.05.2017,99,67,99,48,99,72,99,36,-,0,01%
09.05.2017,99,66,99,14,99,69,99,08,-,0,61%
08.05.2017,99,06,98,79,99,19,98,60,-,0,42%
05.05.2017,98,65,98,77,98,97,98,54,-,-0,15%
04.05.2017,98,80,99,35,99,46,98,71,-,-0,41%
03.05.2017,99,21,98,92,99,39,98,89,-,0,23%
02.05.2017,98,98,99,07,99,22,98,92,-,-0,10%
01.05.2017,99,08,98,93,99,21,98,89,-,0,03%
28.04.2017,99,05,99,17,99,25,98,72,-,-0,03%
27.04.2017,99,08,98,95,99,33,98,81,-,0,03%
26.04.2017,99,05,98,85,99,33,98,73,-,0,27%
25.04.2017,98,78,99,05,99,22,98,69,-,-0,31%
24.04.2017,99,09,98,97,99,33,98,91,-,-0,89%
21.04.2017,99,98,99,83,100,03,99,65,-,0,20%
20.04.2017,99,78,99,78,99,85,99,37,-,0,04%
19.04.2017,99,74,99,51,99,89,99,51,-,0,24%
18.04.2017,99,50,100,34,100,40,99,47,-,-0,79%
17.04.2017,100,29,100,49,100,47,100,00,-,-0,27%
14.04.2017,100,56,100,58,100,61,100,36,-,0,00%
13.04.2017,100,56,100,16,100,60,100,01,-,-0,22%
12.04.2017,100,78,100,73,100,82,100,09,-,0,07%
11.04.2017,100,71,100,97,101,08,100,58,-,-0,31%
10.04.2017,101,02,101,18,101,34,100,94,-,-0,16%
07.04.2017,101,18,100,73,101,26,100,52,-,0,51%
06.04.2017,100,67,100,50,100,77,100,38,-,0,11%
05.04.2017,100,56,100,52,100,85,100,41,-,0,02%
04.04.2017,100,54,100,49,100,73,100,42,-,0,00%
03.04.2017,100,54,100,50,100,69,100,37,-,0,19%
31.03.2017,100,35,100,49,100,65,100,25,-,-0,06%
30.03.2017,100,41,99,96,100,60,99,92,-,0,41%
29.03.2017,100,00,99,70,100,13,99,67,-,0,29%
28.03.2017,99,71,99,22,99,79,99,11,-,0,54%
27.03.2017,99,17,99,47,99,53,98,86,-,-0,46%
24.03.2017,99,63,99,77,100,00,99,53,-,-0,13%
23.03.2017,99,76,99,75,99,87,99,63,-,0,08%
22.03.2017,99,68,99,69,99,93,99,55,-,-0,13%
21.03.2017,99,81,100,37,100,47,99,66,-,-0,60%
20.03.2017,100,41,100,36,100,45,100,02,-,0,11%
17.03.2017,100,30,100,24,100,47,100,14,-,-0,06%
16.03.2017,100,36,100,56,100,75,100,21,-,-0,38%
15.03.2017,100,74,101,71,101,72,100,49,-,-0,94%
14.03.2017,101,70,101,40,101,79,101,34,-,0,38%
13.03.2017,101,31,101,31,101,39,101,01,-,0,06%
10.03.2017,101,25,101,99,102,00,101,17,-,-0,59%
09.03.2017,101,85,102,11,102,25,101,70,-,-0,22%
08.03.2017,102,07,101,79,102,19,101,71,-,0,26%
07.03.2017,101,81,101,68,101,91,101,53,-,0,17%
06.03.2017,101,64,101,40,101,75,101,22,-,0,10%
03.03.2017,101,54,102,13,102,17,101,34,-,-0,65%
02.03.2017,102,20,101,92,102,26,101,78,-,0,41%
01.03.2017,101,78,101,43,101,97,101,23,-,0,65%
28.02.2017,101,12,101,21,101,40,100,78,-,-0,01%
27.02.2017,101,13,101,11,101,27,100,69,-,0,04%
24.02.2017,101,09,100,95,101,17,100,66,-,0,04%
23.02.2017,101,05,101,38,101,44,100,87,-,-0,17%
22.02.2017,101,22,101,40,101,72,101,17,-,-0,15%
21.02.2017,101,37,100,93,101,60,100,91,-,0,42%
20.02.2017,100,95,100,93,100,98,100,77,-,0,00%
17.02.2017,100,95,100,52,100,96,100,45,-,0,51%
16.02.2017,100,44,101,05,101,07,100,41,-,-0,73%
15.02.2017,101,18,101,22,101,76,101,00,-,-0,07%
14.02.2017,101,25,100,98,101,38,100,70,-,0,29%
13.02.2017,100,96,100,84,101,11,100,58,-,0,16%
10.02.2017,100,80,100,67,101,01,100,58,-,0,15%
09.02.2017,100,65,100,22,100,68,100,08,-,0,37%
08.02.2017,100,28,100,44,100,64,100,06,-,0,02%
07.02.2017,100,26,99,93,100,72,99,91,-,0,35%
06.02.2017,99,91,99,65,100,25,99,63,-,0,04%
03.02.2017,99,87,99,79,100,26,99,56,-,0,08%
02.02.2017,99,79,99,76,99,87,99,23,-,0,15%
01.02.2017,99,64,99,56,100,04,99,50,-,0,13%
31.01.2017,99,51,100,33,100,51,99,43,-,-0,92%
30.01.2017,100,43,100,32,101,02,100,17,-,-0,10%
27.01.2017,100,53,100,49,100,82,100,32,-,0,15%
26.01.2017,100,38,99,91,100,73,99,79,-,0,35%
25.01.2017,100,03,100,31,100,41,99,83,-,-0,32%
24.01.2017,100,35,100,08,100,43,99,92,-,0,19%
23.01.2017,100,16,100,74,100,74,99,90,-,-0,58%
20.01.2017,100,74,101,17,101,50,100,70,-,-0,41%
19.01.2017,101,15,101,35,101,73,100,97,-,0,22%
18.01.2017,100,93,100,43,101,34,100,32,-,0,60%
17.01.2017,100,33,101,54,101,62,100,26,-,-0,84%
16.01.2017,101,18,101,66,101,73,101,32,-,0,00%
13.01.2017,101,18,101,51,101,67,101,01,-,-0,17%
12.01.2017,101,35,101,67,101,80,100,72,-,-0,42%
11.01.2017,101,78,102,07,102,95,101,28,-,-0,23%
10.01.2017,102,01,101,85,102,10,101,51,-,0,08%
09.01.2017,101,93,102,25,102,52,101,80,-,-0,28%
06.01.2017,102,22,101,40,102,29,101,37,-,0,69%
05.01.2017,101,52,102,45,102,51,101,30,-,-1,15%
04.01.2017,102,70,103,17,103,44,102,39,-,-0,49%
03.01.2017,103,21,102,88,103,82,102,59,-,0,37%
02.01.2017,102,83,102,38,102,94,102,21,-,0,61%
30.12.2016,102,21,102,13,102,59,101,91,-,-0,46%
29.12.2016,102,68,103,21,103,25,102,60,-,-0,60%
28.12.2016,103,30,103,02,103,63,102,87,-,0,27%
27.12.2016,103,02,102,97,103,15,102,95,-,0,01%
26.12.2016,103,01,103,01,103,02,102,83,-,0,00%
23.12.2016,103,01,103,08,103,23,102,88,-,-0,08%
22.12.2016,103,09,103,05,103,14,102,59,-,0,07%
21.12.2016,103,02,103,26,103,38,102,77,-,-0,26%
20.12.2016,103,29,103,15,103,65,103,03,-,0,15%
19.12.2016,103,14,102,90,103,21,102,52,-,0,18%
16.12.2016,102,95,103,16,103,27,102,62,-,-0,07%
15.12.2016,103,02,102,23,103,56,102,16,-,1,24%
14.12.2016,101,76,101,04,102,35,100,73,-,0,68%
13.12.2016,101,07,100,89,101,16,100,75,-,0,04%
12.12.2016,101,03,101,71,101,78,100,84,-,-0,55%
09.12.2016,101,59,101,06,101,74,101,01,-,0,48%
08.12.2016,101,10,100,23,101,25,99,43,-,0,87%
07.12.2016,100,23,100,48,100,60,100,13,-,-0,26%
06.12.2016,100,49,100,13,100,58,99,98,-,0,40%
05.12.2016,100,09,100,84,101,54,99,85,-,-0,67%
02.12.2016,100,77,100,88,101,11,100,62,-,-0,27%
01.12.2016,101,04,101,52,101,59,100,87,-,-0,45%
30.11.2016,101,50,100,85,101,83,100,84,-,0,56%
29.11.2016,100,93,101,18,101,64,100,86,-,-0,39%
28.11.2016,101,33,101,25,101,60,100,64,-,-0,16%
25.11.2016,101,49,101,84,101,92,101,21,-,-0,21%
24.11.2016,101,70,101,82,102,05,101,43,-,0,00%
23.11.2016,101,70,100,95,101,91,100,89,-,0,65%
22.11.2016,101,04,100,77,101,32,100,65,-,-0,01%
21.11.2016,101,05,101,28,101,40,100,74,-,-0,16%
18.11.2016,101,21,100,97,101,48,100,83,-,0,32%
17.11.2016,100,89,100,26,101,01,99,96,-,0,48%
16.11.2016,100,41,100,18,100,57,99,90,-,0,18%
15.11.2016,100,23,99,80,100,26,99,45,-,0,12%
14.11.2016,100,11,99,13,100,22,99,13,-,1,06%
11.11.2016,99,06,98,85,99,13,98,54,-,0,28%
10.11.2016,98,78,98,61,99,08,98,31,-,0,28%
09.11.2016,98,50,97,68,98,70,95,89,-,0,65%
08.11.2016,97,86,97,74,98,00,97,55,-,0,08%
07.11.2016,97,78,97,54,97,87,97,22,-,0,74%
04.11.2016,97,06,97,17,97,35,96,89,-,-0,10%
03.11.2016,97,16,97,37,97,46,97,04,-,-0,25%
02.11.2016,97,40,97,75,97,80,97,18,-,-0,31%
01.11.2016,97,70,98,39,98,48,97,64,-,-0,75%
31.10.2016,98,44,98,30,98,70,98,29,-,0,09%
28.10.2016,98,35,98,92,98,94,98,24,-,-0,55%
27.10.2016,98,89,98,62,99,03,98,50,-,0,26%
26.10.2016,98,63,98,70,98,84,98,33,-,-0,09%
25.10.2016,98,72,98,77,99,12,98,61,-,-0,04%
24.10.2016,98,76,98,64,98,85,98,54,-,0,07%
21.10.2016,98,69,98,32,98,81,98,31,-,0,39%
20.10.2016,98,31,97,85,98,40,97,66,-,0,40%
19.10.2016,97,92,97,89,97,97,97,63,-,0,03%
18.10.2016,97,89,97,87,97,96,97,61,-,0,00%
17.10.2016,97,89,98,15,98,17,97,81,-,-0,13%
14.10.2016,98,02,97,53,98,12,97,51,-,0,51%
13.10.2016,97,52,97,99,98,13,97,50,-,-0,46%
12.10.2016,97,97,97,54,98,04,97,45,-,0,29%
11.10.2016,97,69,96,91,97,76,96,91,-,0,78%
10.10.2016,96,93,96,63,96,97,96,46,-,0,31%
07.10.2016,96,63,97,12,97,19,96,40,-,-0,14%
06.10.2016,96,77,96,14,96,77,96,11,-,0,68%
05.10.2016,96,12,96,10,96,31,95,96,-,-0,05%
04.10.2016,96,17,95,73,96,44,95,73,-,0,50%
03.10.2016,95,69,95,54,95,80,95,46,-,0,24%
30.09.2016,95,46,95,51,95,96,95,34,-,-0,07%
29.09.2016,95,53,95,37,95,68,95,33,-,0,10%
28.09.2016,95,43,95,45,95,74,95,36,-,-0,01%
27.09.2016,95,44,95,32,95,67,95,24,-,0,15%
26.09.2016,95,30,95,40,95,53,95,13,-,-0,19%
23.09.2016,95,48,95,36,95,68,95,34,-,0,03%
22.09.2016,95,45,95,50,95,53,95,05,-,-0,22%
21.09.2016,95,66,96,00,96,33,95,44,-,-0,37%
20.09.2016,96,02,95,83,96,04,95,60,-,0,19%
19.09.2016,95,84,96,07,96,07,95,64,-,-0,28%
16.09.2016,96,11,95,23,96,11,95,22,-,0,86%
15.09.2016,95,29,95,33,95,56,95,08,-,-0,04%
14.09.2016,95,33,95,56,95,66,95,20,-,-0,31%
13.09.2016,95,63,95,12,95,67,95,08,-,0,57%
12.09.2016,95,09,95,30,95,45,94,94,-,-0,26%
09.09.2016,95,34,94,94,95,58,94,80,-,0,33%
08.09.2016,95,03,94,96,95,14,94,47,-,0,07%
07.09.2016,94,96,94,89,95,06,94,69,-,0,15%
06.09.2016,94,82,95,79,95,86,94,77,-,-1,06%
05.09.2016,95,84,95,89,95,89,95,55,-,0,00%
02.09.2016,95,84,95,67,95,96,95,19,-,0,20%
01.09.2016,95,65,95,98,96,24,95,59,-,-0,39%
31.08.2016,96,02,96,01,96,25,95,90,-,-0,03%
30.08.2016,96,05,95,58,96,14,95,53,-,0,49%
29.08.2016,95,58,95,61,95,83,95,48,-,0,01%
26.08.2016,95,57,94,72,95,59,94,25,-,0,84%
25.08.2016,94,77,94,78,94,83,94,59,-,-0,02%
24.08.2016,94,79,94,55,94,91,94,50,-,0,26%
23.08.2016,94,54,94,55,94,58,94,21,-,0,02%
22.08.2016,94,52,94,72,94,96,94,44,-,0,01%
19.08.2016,94,51,94,23,94,63,94,22,-,0,37%
18.08.2016,94,16,94,70,94,70,94,08,-,-0,59%
17.08.2016,94,72,94,80,95,10,94,51,-,-0,07%
16.08.2016,94,79,95,61,95,66,94,43,-,-0,88%
15.08.2016,95,63,95,65,95,80,95,47,-,-0,09%
12.08.2016,95,72,95,92,95,99,95,25,-,-0,15%
11.08.2016,95,86,95,58,95,97,95,50,-,0,22%
10.08.2016,95,65,96,12,96,12,95,44,-,-0,55%
09.08.2016,96,18,96,39,96,52,96,08,-,-0,23%
08.08.2016,96,40,96,29,96,47,96,15,-,0,22%
05.08.2016,96,19,95,78,96,52,95,55,-,0,45%
04.08.2016,95,76,95,54,95,90,95,42,-,0,21%
03.08.2016,95,56,95,13,95,61,95,13,-,0,53%
02.08.2016,95,06,95,82,95,85,95,00,-,-0,68%
01.08.2016,95,71,95,59,95,82,95,54,-,0,19%
29.07.2016,95,53,96,62,96,62,95,38,-,-1,25%
28.07.2016,96,74,96,73,96,77,96,29,-,-0,32%
27.07.2016,97,05,97,14,97,53,96,67,-,-0,11%
26.07.2016,97,16,97,29,97,32,96,85,-,-0,13%
25.07.2016,97,29,97,35,97,57,97,22,-,-0,18%
22.07.2016,97,47,96,92,97,54,96,83,-,0,48%
21.07.2016,97,00,97,13,97,21,96,73,-,-0,21%
20.07.2016,97,20,97,08,97,32,96,99,-,0,14%
19.07.2016,97,06,96,55,97,15,96,52,-,0,52%
18.07.2016,96,56,96,59,96,71,96,47,-,-0,02%
15.07.2016,96,58,96,13,96,73,95,91,-,0,52%
14.07.2016,96,08,96,27,96,37,95,83,-,-0,15%
13.07.2016,96,22,96,51,96,60,96,09,-,-0,23%
12.07.2016,96,44,96,54,96,64,96,07,-,-0,13%
11.07.2016,96,57,96,29,96,79,96,27,-,0,28%
08.07.2016,96,30,96,28,96,70,95,83,-,-0,03%
07.07.2016,96,33,96,13,96,34,95,92,-,0,29%
06.07.2016,96,05,96,25,96,50,95,98,-,-0,12%
05.07.2016,96,17,95,54,96,25,95,34,-,0,54%
04.07.2016,95,65,95,69,95,89,95,43,-,0,00%
01.07.2016,95,65,95,89,96,08,95,41,-,-0,51%
30.06.2016,96,14,95,67,96,42,95,44,-,0,39%
29.06.2016,95,77,96,04,96,20,95,59,-,-0,50%
28.06.2016,96,25,96,41,96,41,95,77,-,-0,30%
27.06.2016,96,54,96,07,96,70,95,81,-,1,14%
24.06.2016,95,45,93,45,96,70,93,45,-,2,05%
23.06.2016,93,53,93,50,93,61,93,02,-,-0,20%
22.06.2016,93,72,94,05,94,12,93,42,-,-0,32%
21.06.2016,94,02,93,61,94,14,93,42,-,0,44%
20.06.2016,93,61,93,87,93,87,93,45,-,-0,64%
17.06.2016,94,21,94,58,94,59,94,07,-,-0,38%
16.06.2016,94,57,94,60,95,32,94,20,-,-0,04%
15.06.2016,94,61,94,91,95,04,94,36,-,-0,34%
14.06.2016,94,93,94,36,95,03,94,32,-,0,60%
13.06.2016,94,36,94,65,94,75,94,24,-,-0,22%
10.06.2016,94,57,94,09,94,71,94,05,-,0,66%
09.06.2016,93,95,93,55,94,13,93,43,-,0,38%
08.06.2016,93,59,93,86,93,87,93,42,-,-0,26%
07.06.2016,93,83,94,02,94,09,93,75,-,-0,07%
06.06.2016,93,90,94,02,94,27,93,75,-,-0,14%
03.06.2016,94,03,95,55,95,64,93,86,-,-1,60%
02.06.2016,95,56,95,43,95,61,95,15,-,0,12%
01.06.2016,95,45,95,81,95,90,95,34,-,-0,46%
31.05.2016,95,89,95,66,95,89,95,46,-,0,39%
30.05.2016,95,52,95,70,95,97,95,52,-,0,00%
27.05.2016,95,52,95,14,95,78,95,08,-,0,37%
26.05.2016,95,17,95,42,95,42,94,94,-,-0,19%
25.05.2016,95,35,95,63,95,66,95,33,-,-0,23%
24.05.2016,95,57,95,27,95,66,95,20,-,0,36%
23.05.2016,95,23,95,32,95,48,95,10,-,-0,10%
20.05.2016,95,33,95,29,95,46,95,17,-,0,04%
19.05.2016,95,29,95,15,95,50,95,12,-,0,22%
18.05.2016,95,08,94,58,95,27,94,53,-,0,56%
17.05.2016,94,55,94,57,94,71,94,33,-,-0,02%
16.05.2016,94,57,94,65,94,68,94,40,-,-0,04%
13.05.2016,94,61,94,12,94,84,94,12,-,0,49%
12.05.2016,94,15,93,85,94,19,93,80,-,0,35%
11.05.2016,93,82,94,26,94,26,93,68,-,-0,50%
10.05.2016,94,29,94,13,94,36,94,03,-,0,17%
09.05.2016,94,13,93,91,94,20,93,80,-,0,26%
06.05.2016,93,89,93,73,93,96,93,28,-,0,12%
05.05.2016,93,78,93,21,93,86,93,17,-,0,64%
04.05.2016,93,18,92,98,93,36,92,85,-,0,26%
03.05.2016,92,94,92,60,93,11,91,92,-,0,33%
02.05.2016,92,63,93,02,93,07,92,54,-,-0,48%
29.04.2016,93,08,93,80,93,80,93,01,-,-0,73%
28.04.2016,93,76,94,39,94,58,93,69,-,-0,67%
27.04.2016,94,39,94,53,94,80,94,15,-,-0,19%
26.04.2016,94,57,94,79,94,81,94,20,-,-0,28%
25.04.2016,94,84,95,11,95,08,94,68,-,-0,29%
22.04.2016,95,12,94,63,95,20,94,47,-,0,55%
21.04.2016,94,60,94,53,94,70,93,92,-,0,12%
20.04.2016,94,49,94,14,94,59,93,94,-,0,54%
19.04.2016,93,98,94,49,94,55,93,93,-,-0,54%
18.04.2016,94,49,94,59,94,83,94,38,-,-0,22%
15.04.2016,94,70,94,93,95,05,94,51,-,-0,21%
14.04.2016,94,90,94,81,95,20,94,68,-,0,17%
13.04.2016,94,74,94,05,94,85,94,00,-,0,83%
12.04.2016,93,96,93,99,94,39,93,63,-,0,01%
11.04.2016,93,95,94,10,94,34,93,75,-,-0,30%
08.04.2016,94,23,94,56,94,68,94,09,-,-0,26%
07.04.2016,94,48,94,48,94,67,94,02,-,0,05%
06.04.2016,94,43,94,60,95,07,94,24,-,-0,21%
05.04.2016,94,63,94,58,94,98,94,45,-,0,13%
04.04.2016,94,51,94,56,94,83,94,41,-,-0,12%
01.04.2016,94,62,94,64,95,11,94,33,-,0,03%
31.03.2016,94,59,94,84,95,03,94,32,-,-0,26%
30.03.2016,94,84,95,21,95,22,94,59,-,-0,34%
29.03.2016,95,16,95,96,96,22,95,09,-,-0,81%
28.03.2016,95,94,96,27,96,40,95,84,-,-0,21%
25.03.2016,96,14,96,11,96,36,96,11,-,0,00%
24.03.2016,96,14,96,07,96,36,96,04,-,0,09%
23.03.2016,96,05,95,64,96,23,95,62,-,0,42%
22.03.2016,95,65,95,43,95,75,95,26,-,0,38%
21.03.2016,95,29,95,15,95,41,95,00,-,0,21%
18.03.2016,95,09,94,77,95,17,94,58,-,0,35%
17.03.2016,94,76,95,75,95,83,94,65,-,-1,18%
16.03.2016,95,89,96,67,97,06,95,54,-,-0,77%
15.03.2016,96,63,96,60,96,87,96,47,-,0,01%
14.03.2016,96,62,96,31,96,71,96,14,-,0,47%
11.03.2016,96,17,96,17,96,72,95,94,-,0,10%
10.03.2016,96,07,97,23,98,42,95,94,-,-1,13%
09.03.2016,97,17,97,22,97,57,96,93,-,-0,04%
08.03.2016,97,21,97,11,97,27,96,89,-,0,14%
07.03.2016,97,07,97,40,97,70,97,04,-,-0,28%
04.03.2016,97,34,97,67,98,03,97,02,-,-0,26%
03.03.2016,97,59,98,20,98,35,97,46,-,-0,63%
02.03.2016,98,21,98,26,98,58,98,12,-,-0,14%
01.03.2016,98,35,98,18,98,57,98,09,-,0,14%
29.02.2016,98,21,98,17,98,37,97,80,-,0,06%
26.02.2016,98,15,97,40,98,26,97,10,-,0,88%
25.02.2016,97,29,97,49,97,72,97,22,-,-0,17%
24.02.2016,97,46,97,47,97,92,97,23,-,-0,02%
23.02.2016,97,48,97,36,97,58,97,14,-,0,10%
22.02.2016,97,38,96,78,97,60,96,73,-,0,81%
19.02.2016,96,60,96,87,97,17,96,56,-,-0,36%
18.02.2016,96,95,96,89,97,09,96,69,-,0,17%
17.02.2016,96,79,96,94,97,10,96,63,-,-0,08%
16.02.2016,96,87,96,58,96,99,96,38,-,0,93%
15.02.2016,95,98,96,08,96,88,95,94,-,0,04%
12.02.2016,95,94,95,50,96,22,95,46,-,0,40%
11.02.2016,95,56,95,89,95,90,95,24,-,-0,34%
10.02.2016,95,89,96,06,96,72,95,76,-,-0,19%
09.02.2016,96,07,96,73,96,83,95,66,-,-0,52%
08.02.2016,96,57,97,06,97,48,96,54,-,-0,47%
05.02.2016,97,03,96,56,97,27,96,32,-,0,58%
04.02.2016,96,47,97,29,97,47,96,26,-,-0,84%
03.02.2016,97,29,98,83,98,94,96,89,-,-1,60%
02.02.2016,98,87,98,99,99,09,98,75,-,-0,14%
01.02.2016,99,01,99,55,99,63,98,93,-,-0,60%
29.01.2016,99,61,98,65,99,83,98,58,-,1,12%
28.01.2016,98,51,98,88,99,11,98,42,-,-0,39%
27.01.2016,98,90,99,02,99,16,98,71,-,-0,46%
26.01.2016,99,36,99,30,99,45,99,00,-,0,00%
25.01.2016,99,36,99,52,99,55,99,23,-,-0,21%
22.01.2016,99,57,99,18,99,59,99,11,-,0,51%
21.01.2016,99,06,99,19,99,80,98,91,-,-0,03%
20.01.2016,99,09,99,02,99,19,98,63,-,0,10%
19.01.2016,98,99,99,12,99,31,98,86,-,0,03%
18.01.2016,98,96,98,80,99,20,98,80,-,0,00%
15.01.2016,98,96,99,10,99,12,98,38,-,-0,13%
14.01.2016,99,09,98,82,99,26,98,59,-,0,16%
13.01.2016,98,93,99,03,99,33,98,86,-,-0,04%
12.01.2016,98,97,98,80,99,28,98,57,-,0,25%
11.01.2016,98,72,98,41,98,89,98,25,-,0,18%
08.01.2016,98,54,98,30,99,18,98,27,-,0,33%
07.01.2016,98,22,99,21,99,30,98,17,-,-0,97%
06.01.2016,99,18,99,39,99,58,99,11,-,-0,22%
05.01.2016,99,40,98,87,99,63,98,75,-,0,54%
04.01.2016,98,87,98,59,99,18,98,05,-,0,24%
01.01.2016,98,63,98,69,98,69,98,63,-,0,00%
31.12.2015,98,63,98,22,98,78,98,18,-,0,37%
30.12.2015,98,27,98,21,98,41,98,11,-,0,17%
29.12.2015,98,10,97,90,98,41,97,80,-,0,18%
28.12.2015,97,92,97,95,98,03,97,81,-,-0,06%
25.12.2015,97,98,97,87,98,02,97,83,-,0,00%
24.12.2015,97,98,98,33,98,38,97,86,-,-0,37%
23.12.2015,98,34,98,21,98,60,98,19,-,0,11%
22.12.2015,98,23,98,46,98,51,98,00,-,-0,13%
21.12.2015,98,36,98,68,98,84,98,29,-,-0,34%
18.12.2015,98,70,99,02,99,18,98,64,-,-0,57%
17.12.2015,99,27,98,56,99,29,98,53,-,1,43%
16.12.2015,97,87,98,19,98,60,97,66,-,-0,36%
15.12.2015,98,22,97,64,98,29,97,19,-,0,64%
14.12.2015,97,60,97,61,97,93,97,28,-,0,04%
11.12.2015,97,56,97,98,98,09,97,33,-,-0,39%
10.12.2015,97,94,97,41,97,99,97,36,-,0,62%
09.12.2015,97,34,98,45,98,52,97,22,-,-1,15%
08.12.2015,98,47,98,73,98,76,98,33,-,-0,19%
07.12.2015,98,66,98,38,98,90,98,30,-,0,32%
04.12.2015,98,35,97,83,98,61,97,75,-,0,75%
03.12.2015,97,62,100,01,100,47,97,59,-,-2,37%
02.12.2015,99,99,99,83,100,51,99,80,-,0,19%
01.12.2015,99,80,100,23,100,26,99,72,-,-0,37%
30.11.2015,100,17,100,08,100,31,100,05,-,0,15%
27.11.2015,100,02,99,86,100,20,99,66,-,0,22%
26.11.2015,99,80,99,74,99,91,99,71,-,0,00%
25.11.2015,99,80,99,56,100,17,99,31,-,0,27%
24.11.2015,99,53,99,68,99,78,99,47,-,-0,27%
23.11.2015,99,80,99,66,100,00,99,53,-,0,24%
20.11.2015,99,56,99,09,99,65,99,00,-,0,58%
19.11.2015,98,99,99,41,99,48,98,73,-,-0,66%
18.11.2015,99,65,99,65,99,85,99,31,-,0,02%
17.11.2015,99,63,99,40,99,75,99,36,-,0,19%
16.11.2015,99,44,99,00,99,46,98,87,-,0,44%
13.11.2015,99,00,98,57,99,21,98,53,-,0,35%
12.11.2015,98,65,98,82,99,29,98,43,-,-0,36%
11.11.2015,99,01,99,10,99,24,98,78,-,-0,28%
10.11.2015,99,29,99,01,99,50,98,94,-,0,31%
09.11.2015,98,98,99,27,99,27,98,82,-,-0,19%
06.11.2015,99,17,97,95,99,34,97,89,-,1,26%
05.11.2015,97,94,97,94,98,14,97,75,-,-0,01%
04.11.2015,97,95,97,20,98,05,97,17,-,0,81%
03.11.2015,97,16,96,90,97,48,96,77,-,0,24%
02.11.2015,96,93,96,69,96,97,96,64,-,-0,02%
30.10.2015,96,95,97,19,97,35,96,58,-,-0,34%
29.10.2015,97,28,97,61,97,69,97,19,-,-0,51%
28.10.2015,97,78,96,95,97,82,96,47,-,0,90%
27.10.2015,96,91,96,80,96,97,96,58,-,0,05%
26.10.2015,96,86,97,15,97,15,96,68,-,-0,28%
23.10.2015,97,13,96,40,97,20,96,15,-,0,78%
22.10.2015,96,38,95,04,96,54,94,94,-,1,42%
21.10.2015,95,03,94,85,95,08,94,72,-,0,13%
20.10.2015,94,91,94,93,94,95,94,59,-,-0,02%
19.10.2015,94,93,94,67,95,00,94,55,-,0,41%
16.10.2015,94,54,94,47,94,77,94,37,-,0,18%
15.10.2015,94,37,93,95,94,59,93,81,-,0,47%
14.10.2015,93,93,94,76,94,76,93,84,-,-0,88%
13.10.2015,94,76,94,90,94,98,94,54,-,-0,08%
12.10.2015,94,84,94,86,94,90,94,62,-,0,03%
09.10.2015,94,81,95,23,95,34,94,69,-,-0,54%
08.10.2015,95,32,95,57,95,61,94,98,-,-0,19%
07.10.2015,95,50,95,47,95,70,95,33,-,0,05%
06.10.2015,95,45,96,05,96,16,95,40,-,-0,69%
05.10.2015,96,11,95,84,96,17,95,45,-,0,29%
02.10.2015,95,83,96,14,96,38,95,22,-,-0,37%
01.10.2015,96,19,96,27,96,49,95,97,-,-0,17%
30.09.2015,96,35,95,91,96,41,95,85,-,0,51%
29.09.2015,95,86,96,02,96,24,95,71,-,-0,18%
28.09.2015,96,03,96,29,96,50,95,90,-,-0,25%
25.09.2015,96,27,96,24,96,70,96,12,-,-0,43%
24.09.2015,96,69,96,23,96,69,95,46,-,0,65%
23.09.2015,96,07,96,31,96,55,96,02,-,-0,22%
22.09.2015,96,28,95,92,96,40,95,76,-,0,41%
21.09.2015,95,89,95,36,95,98,95,04,-,1,09%
18.09.2015,94,86,94,57,95,38,94,06,-,0,33%
17.09.2015,94,55,95,31,95,39,94,36,-,-0,91%
16.09.2015,95,42,95,57,95,84,95,16,-,-0,20%
15.09.2015,95,61,95,30,95,68,95,12,-,0,38%
14.09.2015,95,25,95,20,95,45,94,91,-,0,06%
11.09.2015,95,19,95,47,95,69,95,11,-,-0,28%
10.09.2015,95,46,95,91,96,19,95,40,-,-0,57%
09.09.2015,96,01,95,84,96,41,95,85,-,0,03%
08.09.2015,95,98,96,15,96,24,95,73,-,-0,26%
07.09.2015,96,23,96,15,96,42,96,04,-,0,00%
04.09.2015,96,23,96,37,96,58,95,97,-,-0,19%
03.09.2015,96,41,95,95,96,62,95,79,-,0,61%
02.09.2015,95,83,95,41,95,98,95,41,-,0,40%
01.09.2015,95,45,95,93,95,93,95,19,-,-0,39%
31.08.2015,95,82,96,19,96,25,95,62,-,-0,30%
28.08.2015,96,11,95,76,96,32,95,38,-,0,52%
27.08.2015,95,61,95,19,96,03,94,98,-,0,54%
26.08.2015,95,10,93,96,95,44,93,72,-,0,60%
25.08.2015,94,53,93,38,94,69,93,49,-,1,29%
24.08.2015,93,33,94,86,94,96,92,62,-,-1,77%
21.08.2015,95,01,95,81,95,82,94,80,-,-1,01%
20.08.2015,95,98,96,45,96,58,95,71,-,-0,39%
19.08.2015,96,36,97,00,97,08,96,34,-,-0,70%
18.08.2015,97,04,96,84,97,07,96,68,-,0,24%
17.08.2015,96,81,96,56,96,94,96,51,-,0,30%
14.08.2015,96,52,96,37,96,67,96,09,-,0,08%
13.08.2015,96,44,96,34,96,81,96,12,-,0,19%
12.08.2015,96,26,97,18,97,33,95,93,-,-1,06%
11.08.2015,97,29,97,19,97,59,96,88,-,0,13%
10.08.2015,97,16,97,54,97,92,97,04,-,-0,41%
07.08.2015,97,56,97,79,98,33,97,51,-,-0,28%
06.08.2015,97,83,97,88,98,16,97,63,-,-0,13%
05.08.2015,97,96,97,92,98,22,97,64,-,0,03%
04.08.2015,97,93,97,48,98,00,97,21,-,0,45%
03.08.2015,97,49,97,22,97,58,97,16,-,0,15%
31.07.2015,97,34,97,47,97,60,96,31,-,-0,23%
30.07.2015,97,56,97,13,97,77,97,17,-,0,60%
29.07.2015,96,98,96,64,97,25,96,50,-,0,22%
28.07.2015,96,77,96,58,96,97,96,47,-,0,28%
27.07.2015,96,50,97,20,97,29,96,29,-,-0,76%
24.07.2015,97,24,97,19,97,62,97,12,-,0,13%
23.07.2015,97,11,97,45,97,51,96,89,-,-0,50%
22.07.2015,97,60,97,34,97,79,97,11,-,0,28%
21.07.2015,97,33,98,02,98,15,97,14,-,-0,71%
20.07.2015,98,03,97,93,98,15,97,73,-,0,17%
17.07.2015,97,86,97,66,97,98,97,42,-,0,19%
16.07.2015,97,67,97,13,97,76,97,17,-,0,51%
15.07.2015,97,17,96,66,97,31,96,53,-,0,55%
14.07.2015,96,64,96,81,97,05,96,27,-,-0,23%
13.07.2015,96,86,96,09,96,86,95,63,-,0,86%
10.07.2015,96,03,96,38,96,39,95,45,-,-0,60%
09.07.2015,96,61,96,23,96,75,95,97,-,0,33%
08.07.2015,96,29,96,68,96,88,96,12,-,-0,59%
07.07.2015,96,86,96,28,97,23,96,31,-,0,58%
06.07.2015,96,30,96,42,96,62,96,02,-,0,20%
03.07.2015,96,11,96,09,96,22,95,87,-,0,00%
02.07.2015,96,11,96,32,96,42,95,87,-,-0,21%
01.07.2015,96,31,95,58,96,35,95,47,-,0,87%
30.06.2015,95,48,95,04,95,68,94,85,-,0,73%
29.06.2015,94,79,96,11,96,37,94,68,-,-0,71%
26.06.2015,95,47,95,17,95,67,95,08,-,0,29%
25.06.2015,95,19,95,28,95,51,95,09,-,-0,07%
24.06.2015,95,26,95,37,95,54,94,93,-,-0,18%
23.06.2015,95,43,94,29,95,64,94,30,-,1,17%
22.06.2015,94,33,94,00,94,45,93,81,-,0,27%
19.06.2015,94,08,94,03,94,50,93,90,-,0,04%
18.06.2015,94,04,94,22,94,23,93,56,-,-0,28%
17.06.2015,94,30,94,95,95,18,94,11,-,-0,74%
16.06.2015,95,00,94,83,95,23,94,56,-,0,20%
15.06.2015,94,81,95,16,95,39,94,73,-,-0,17%
12.06.2015,94,97,95,09,95,68,94,69,-,-0,01%
11.06.2015,94,98,94,70,95,59,94,71,-,0,35%
10.06.2015,94,65,95,14,95,23,94,32,-,-0,55%
09.06.2015,95,17,95,26,95,58,94,84,-,-0,14%
08.06.2015,95,30,96,47,96,55,95,05,-,-1,05%
05.06.2015,96,31,95,76,96,91,95,36,-,0,89%
04.06.2015,95,46,95,42,95,62,94,65,-,-0,01%
03.06.2015,95,47,95,94,96,51,95,21,-,-0,38%
02.06.2015,95,83,97,43,97,53,95,67,-,-1,60%
01.06.2015,97,39,96,90,97,68,96,93,-,0,50%
29.05.2015,96,91,96,89,97,19,96,75,-,-0,06%
28.05.2015,96,97,97,26,97,63,96,86,-,-0,41%
27.05.2015,97,37,97,22,97,78,96,89,-,0,07%
26.05.2015,97,30,96,39,97,36,96,45,-,1,34%
25.05.2015,96,01,96,23,96,47,96,17,-,-0,10%
22.05.2015,96,11,95,40,96,27,94,82,-,0,90%
21.05.2015,95,25,95,59,95,65,94,97,-,-0,21%
20.05.2015,95,45,95,31,95,84,95,26,-,0,19%
19.05.2015,95,27,94,12,95,47,94,09,-,1,11%
18.05.2015,94,22,93,23,94,27,93,27,-,1,16%
15.05.2015,93,14,93,41,94,03,93,14,-,-0,34%
14.05.2015,93,46,93,64,93,76,93,13,-,-0,17%
13.05.2015,93,62,94,55,94,59,93,46,-,-0,96%
12.05.2015,94,53,95,06,95,16,94,24,-,-0,51%
11.05.2015,95,01,94,79,95,26,94,80,-,0,23%
08.05.2015,94,79,94,64,95,06,94,32,-,0,16%
07.05.2015,94,64,94,11,94,83,93,89,-,0,58%
06.05.2015,94,09,95,18,95,22,93,88,-,-1,04%
05.05.2015,95,08,95,44,95,95,94,88,-,-0,42%
04.05.2015,95,48,95,25,95,64,95,04,-,0,19%
01.05.2015,95,30,94,83,95,40,94,50,-,0,74%
30.04.2015,94,60,95,20,95,45,94,40,-,-0,64%
29.04.2015,95,21,96,12,96,18,94,68,-,-0,92%
28.04.2015,96,09,96,79,96,93,96,01,-,-0,70%
27.04.2015,96,77,96,95,97,28,96,47,-,-0,15%
24.04.2015,96,92,97,33,97,56,96,75,-,-0,37%
23.04.2015,97,28,98,05,98,42,97,14,-,-0,66%
22.04.2015,97,93,97,95,98,12,97,43,-,-0,07%
21.04.2015,98,00,97,95,98,45,97,64,-,0,06%
20.04.2015,97,94,97,34,98,07,97,33,-,0,43%
17.04.2015,97,52,97,65,97,82,97,00,-,0,10%
16.04.2015,97,42,98,39,98,72,97,28,-,-0,92%
15.04.2015,98,32,98,79,99,36,98,22,-,-0,42%
14.04.2015,98,73,99,46,99,70,98,37,-,-0,76%
13.04.2015,99,49,99,47,99,99,99,23,-,0,15%