Fecha;Último;Apertura;Máximo;Mínimo;% var.
11.04.2021;0,013;0,010;0,013;0,010;0,00%
09.04.2021;0,013;0,020;0,020;0,010;0,00%
08.04.2021;0,013;0,013;0,020;0,010;0,00%
07.04.2021;0,013;0,020;0,025;0,010;0,00%
06.04.2021;0,013;0,025;0,025;0,013;-35,00%
05.04.2021;0,020;0,018;0,033;0,018;-34,21%
04.04.2021;0,030;0,030;0,030;0,030;49,75%
02.04.2021;0,020;0,018;0,018;0,018;12,78%
01.04.2021;0,018;0,008;0,020;0,008;38,46%
31.03.2021;0,013;0,010;0,023;0,002;62,50%
30.03.2021;0,008;0,013;0,028;0,005;-73,33%
29.03.2021;0,030;0,025;0,030;0,015;18,58%
28.03.2021;0,025;0,025;0,025;0,025;68,67%
26.03.2021;0,015;0,013;0,025;0,013;50,00%
25.03.2021;0,010;0,020;0,023;0,010;-23,08%
24.03.2021;0,013;0,023;0,023;0,010;0,00%
23.03.2021;0,013;0,018;0,018;0,010;-48,00%
22.03.2021;0,025;0,010;0,025;0,010;23,15%
21.03.2021;0,020;0,020;0,020;0,020;103,00%
19.03.2021;0,010;0,018;0,018;0,010;25,00%
18.03.2021;0,008;0,010;0,015;0,005;-38,46%
17.03.2021;0,013;0,018;0,018;0,008;-13,33%
16.03.2021;0,015;0,018;0,033;0,010;-40,00%
15.03.2021;0,025;0,023;0,142;0,015;-10,39%
14.03.2021;0,028;0,028;0,028;0,028;11,60%
12.03.2021;0,025;0,033;0,033;0,025;0,00%
11.03.2021;0,025;0,025;0,036;0,023;-10,71%
10.03.2021;0,028;0,030;0,043;0,025;-6,67%
09.03.2021;0,030;0,043;0,043;0,030;-14,29%
08.03.2021;0,035;0,046;0,051;0,036;-1,41%
07.03.2021;0,036;0,036;0,036;0,036;18,33%
05.03.2021;0,030;0,033;0,041;0,030;-9,09%
04.03.2021;0,033;0,038;0,041;0,030;-19,51%
03.03.2021;0,041;0,043;0,048;0,036;-4,65%
02.03.2021;0,043;0,038;0,046;0,036;22,86%
01.03.2021;0,035;0,041;0,041;0,033;-13,79%
28.02.2021;0,041;0,041;0,041;0,041;23,03%
26.02.2021;0,033;0,041;0,046;0,030;0,00%
25.02.2021;0,033;0,030;0,046;0,025;0,00%
24.02.2021;0,033;0,030;0,046;0,025;32,00%
23.02.2021;0,025;0,030;0,033;0,020;0,00%
22.02.2021;0,025;0,020;0,025;0,020;-24,24%
21.02.2021;0,033;0,033;0,033;0,033;43,48%
19.02.2021;0,023;0,030;0,036;0,020;0,00%
18.02.2021;0,023;0,036;0,041;0,023;-34,29%
17.02.2021;0,035;0,036;0,043;0,033;6,06%
16.02.2021;0,033;0,038;0,043;0,033;-13,16%
15.02.2021;0,038;0,036;0,038;0,036;26,67%
12.02.2021;0,030;0,033;0,033;0,030;0,00%
11.02.2021;0,030;0,046;0,046;0,030;-14,29%
10.02.2021;0,035;0,043;0,048;0,033;-14,63%
09.02.2021;0,041;0,043;0,046;0,033;36,67%
08.02.2021;0,030;0,030;0,041;0,030;-26,11%
07.02.2021;0,041;0,041;0,041;0,041;35,33%
05.02.2021;0,030;0,030;0,046;0,030;50,00%
04.02.2021;0,020;0,036;0,041;0,015;-42,86%
03.02.2021;0,035;0,036;0,048;0,028;-7,89%
02.02.2021;0,038;0,048;0,061;0,038;-32,14%
01.02.2021;0,056;0,056;0,056;0,056;-15,02%
31.01.2021;0,066;0,066;0,066;0,066;17,68%
29.01.2021;0,056;0,066;0,066;0,056;60,00%
28.01.2021;0,035;0,048;0,051;0,033;0,00%
27.01.2021;0,035;0,058;0,066;0,036;-31,37%
26.01.2021;0,051;0,081;0,084;0,051;-28,17%
25.01.2021;0,071;0,076;0,076;0,071;-12,45%
24.01.2021;0,081;0,081;0,081;0,081;14,23%
22.01.2021;0,071;0,061;0,084;0,061;12,70%
21.01.2021;0,063;0,073;0,081;0,053;-11,27%
20.01.2021;0,071;0,073;0,081;0,071;0,00%
19.01.2021;0,071;0,079;0,086;0,071;-6,58%
18.01.2021;0,076;0,076;0,076;0,076;0,00%
15.01.2021;0,076;0,081;0,081;0,076;0,00%
14.01.2021;0,076;0,086;0,089;0,076;-6,17%
13.01.2021;0,081;0,091;0,091;0,081;-3,57%
12.01.2021;0,084;0,086;0,091;0,081;-12,50%
11.01.2021;0,096;0,096;0,096;0,084;11,37%
10.01.2021;0,086;0,086;0,086;0,086;0,00%
08.01.2021;0,086;0,084;0,096;0,084;2,38%
07.01.2021;0,084;0,091;0,096;0,081;0,00%
06.01.2021;0,084;0,084;0,094;0,079;3,70%
05.01.2021;0,081;0,099;0,099;0,076;0,00%
04.01.2021;0,081;0,096;0,096;0,081;45,16%
31.12.2020;0,056;0,046;0,066;0,046;-8,52%
30.12.2020;0,061;0,081;0,091;0,053;-29,07%
29.12.2020;0,086;0,094;0,104;0,084;-5,49%
28.12.2020;0,091;0,091;0,091;0,086;12,35%
24.12.2020;0,081;0,073;0,086;0,073;9,46%
23.12.2020;0,074;0,068;0,079;0,066;8,82%
22.12.2020;0,068;0,079;0,094;0,066;-10,53%
21.12.2020;0,076;0,076;0,076;0,076;-16,76%
20.12.2020;0,091;0,091;0,091;0,091;12,72%
18.12.2020;0,081;0,076;0,888;0,076;14,08%
17.12.2020;0,071;0,081;0,084;0,071;-10,13%
16.12.2020;0,079;0,073;0,081;0,071;6,76%
15.12.2020;0,074;0,073;0,081;0,071;4,23%
14.12.2020;0,071;0,071;0,071;0,071;-6,70%
11.12.2020;0,076;0,071;0,079;0,071;15,30%
10.12.2020;0,066;0,066;0,073;0,066;-2,94%
09.12.2020;0,068;0,089;0,089;0,066;-4,23%
08.12.2020;0,071;0,076;0,086;0,071;-3,40%
07.12.2020;0,073;0,073;0,073;0,073;-14,73%
06.12.2020;0,086;0,086;0,086;0,086;13,42%
04.12.2020;0,076;0,073;0,086;0,073;-3,80%
03.12.2020;0,079;0,079;0,084;0,071;6,76%
02.12.2020;0,074;0,081;0,081;0,068;4,23%
01.12.2020;0,071;0,089;0,089;0,071;-12,35%
30.11.2020;0,081;0,086;0,086;0,081;-5,81%
27.11.2020;0,086;0,079;0,091;0,079;0,00%
26.11.2020;0,086;0,091;0,091;0,086;30,61%
25.11.2020;0,066;0,079;0,081;0,063;-7,04%
24.11.2020;0,071;0,079;0,081;0,068;-6,58%
23.11.2020;0,076;0,086;0,086;0,073;0,00%
22.11.2020;0,076;0,076;0,076;0,076;0,00%
20.11.2020;0,076;0,081;0,081;0,073;35,71%
19.11.2020;0,056;0,061;0,079;0,048;-11,11%
18.11.2020;0,063;0,079;0,089;0,061;-20,25%
17.11.2020;0,079;0,086;0,119;0,079;-8,14%
16.11.2020;0,086;0,086;0,086;0,086;-15,19%
15.11.2020;0,101;0,101;0,101;0,101;11,43%
13.11.2020;0,091;0,081;0,137;0,081;2,25%
12.11.2020;0,089;0,086;0,096;0,084;3,25%
11.11.2020;0,086;0,086;0,086;0,086;0,00%
10.11.2020;0,086;0,099;0,099;0,084;-5,49%
09.11.2020;0,091;0,086;0,091;0,086;-5,50%
08.11.2020;0,096;0,096;0,096;0,096;11,98%
06.11.2020;0,086;0,079;0,099;0,079;6,17%
05.11.2020;0,081;0,091;0,091;0,076;0,00%
04.11.2020;0,081;0,084;0,094;0,081;-5,81%
03.11.2020;0,086;0,089;0,089;0,084;0,00%
02.11.2020;0,086;0,101;0,101;0,086;-8,32%
01.11.2020;0,094;0,086;0,094;0,086;11,67%
30.10.2020;0,084;0,084;0,091;0,081;3,70%
29.10.2020;0,081;0,073;0,084;0,071;14,08%
28.10.2020;0,071;0,076;0,084;0,071;-4,05%
27.10.2020;0,074;0,079;0,089;0,073;-2,63%
26.10.2020;0,076;0,081;0,081;0,076;-6,17%
23.10.2020;0,081;0,079;0,096;0,079;2,53%
22.10.2020;0,079;0,079;0,101;0,076;0,00%
21.10.2020;0,079;0,084;0,122;0,076;-5,95%
20.10.2020;0,084;0,114;0,114;0,081;-7,69%
19.10.2020;0,091;0,091;0,091;0,091;-10,26%
18.10.2020;0,101;0,101;0,101;0,101;11,43%
16.10.2020;0,091;0,091;0,101;0,091;15,19%
15.10.2020;0,079;0,096;0,139;0,079;-15,96%
14.10.2020;0,094;0,096;0,104;0,091;-5,05%
13.10.2020;0,099;0,099;0,145;0,094;-2,37%
12.10.2020;0,101;0,101;0,101;0,101;7,87%
09.10.2020;0,094;0,091;0,096;0,091;3,30%
08.10.2020;0,091;0,091;0,132;0,084;5,81%
07.10.2020;0,086;0,086;0,132;0,081;0,00%
06.10.2020;0,086;0,089;0,132;0,081;-18,87%
05.10.2020;0,106;0,106;0,106;0,106;7,18%
04.10.2020;0,099;0,099;0,099;0,099;11,12%
02.10.2020;0,089;0,091;0,094;0,089;9,88%
01.10.2020;0,081;0,124;0,124;0,076;9,46%
30.09.2020;0,074;0,071;0,119;0,071;8,82%
29.09.2020;0,068;0,129;0,129;0,063;-16,05%
28.09.2020;0,081;0,084;0,084;0,081;-11,28%
27.09.2020;0,091;0,091;0,091;0,091;12,72%
25.09.2020;0,081;0,086;0,089;0,081;2,53%
24.09.2020;0,079;0,081;0,086;0,073;3,95%
23.09.2020;0,076;0,081;0,086;0,076;-3,80%
22.09.2020;0,079;0,101;0,101;0,076;-2,47%
21.09.2020;0,081;0,096;0,096;0,081;-5,81%
18.09.2020;0,086;0,096;0,132;0,086;13,16%
17.09.2020;0,076;0,086;0,106;0,071;-6,17%
16.09.2020;0,081;0,112;0,112;0,076;-10,99%
15.09.2020;0,091;0,099;0,119;0,086;-5,21%
14.09.2020;0,096;0,096;0,096;0,096;0,00%
13.09.2020;0,096;0,096;0,096;0,096;0,00%
11.09.2020;0,096;0,096;0,142;0,091;7,87%
10.09.2020;0,089;0,091;0,099;0,086;0,00%
09.09.2020;0,089;0,091;0,142;0,086;-2,20%
08.09.2020;0,091;0,142;0,142;0,091;-9,90%
04.09.2020;0,101;0,091;0,101;0,091;10,99%
03.09.2020;0,091;0,094;0,142;0,089;-5,21%
02.09.2020;0,096;0,139;0,139;0,091;5,49%
01.09.2020;0,091;0,139;0,157;0,091;5,81%
31.08.2020;0,086;0,086;0,086;0,086;-15,19%
30.08.2020;0,101;0,101;0,101;0,101;17,91%
28.08.2020;0,086;0,076;0,086;0,076;6,17%
27.08.2020;0,081;0,071;0,094;0,071;9,46%
26.08.2020;0,074;0,079;0,127;0,073;-6,33%
25.08.2020;0,079;0,076;0,127;0,076;3,95%
24.08.2020;0,076;0,094;0,233;0,076;-6,29%
23.08.2020;0,081;0,081;0,081;0,081;0,00%
21.08.2020;0,081;0,081;0,132;0,081;14,08%
20.08.2020;0,071;0,063;0,086;0,061;16,39%
19.08.2020;0,061;0,104;0,104;0,061;-24,69%
18.08.2020;0,081;0,086;0,172;0,079;-10,99%
17.08.2020;0,091;0,091;0,091;0,091;-14,55%
16.08.2020;0,106;0,091;0,106;0,091;17,03%
14.08.2020;0,091;0,106;0,127;0,091;12,35%
13.08.2020;0,081;0,081;0,129;0,079;-3,57%
12.08.2020;0,084;0,073;0,096;0,073;6,33%
11.08.2020;0,079;0,079;0,127;0,076;-2,47%
10.08.2020;0,081;0,099;0,099;0,081;-3,23%
09.08.2020;0,084;0,084;0,084;0,084;3,33%
07.08.2020;0,081;0,096;0,132;0,081;6,58%
06.08.2020;0,076;0,076;0,127;0,073;-6,17%
05.08.2020;0,081;0,086;0,106;0,076;-8,99%
04.08.2020;0,089;0,106;0,137;0,086;3,49%
03.08.2020;0,086;0,096;0,096;0,086;-22,87%
02.08.2020;0,112;0,112;0,112;0,112;16,15%
31.07.2020;0,096;0,106;0,106;0,094;14,29%
30.07.2020;0,084;0,104;0,104;0,084;-7,69%
29.07.2020;0,091;0,091;0,112;0,086;-3,19%
28.07.2020;0,094;0,142;0,142;0,094;-2,08%
27.07.2020;0,096;0,096;0,096;0,091;-9,86%
26.07.2020;0,106;0,106;0,106;0,106;17,03%
24.07.2020;0,091;0,089;0,094;0,086;5,81%
23.07.2020;0,086;0,134;0,134;0,086;-5,49%
22.07.2020;0,091;0,089;0,137;0,086;-5,21%
21.07.2020;0,096;0,162;0,162;0,094;-14,29%
20.07.2020;0,112;0,112;0,112;0,112;-11,60%
19.07.2020;0,127;0,127;0,127;0,127;13,12%
17.07.2020;0,112;0,117;0,162;0,109;-1,75%
16.07.2020;0,114;0,134;0,172;0,114;-8,06%
15.07.2020;0,124;0,114;0,160;0,114;8,77%
14.07.2020;0,114;0,157;0,157;0,114;1,79%
13.07.2020;0,112;0,101;0,112;0,101;10,45%
12.07.2020;0,101;0,101;0,101;0,101;-2,50%
10.07.2020;0,104;0,119;0,147;0,101;0,00%
09.07.2020;0,104;0,157;0,157;0,104;-4,59%
08.07.2020;0,109;0,165;0,165;0,109;-10,66%
07.07.2020;0,122;0,172;0,172;0,119;0,00%
06.07.2020;0,122;0,127;0,127;0,122;-7,44%
05.07.2020;0,132;0,132;0,132;0,132;6,29%
02.07.2020;0,124;0,167;0,167;0,119;4,20%
01.07.2020;0,119;0,172;0,172;0,119;-7,75%
30.06.2020;0,129;0,137;0,185;0,124;-5,84%
29.06.2020;0,137;0,112;0,137;0,112;8,13%
28.06.2020;0,127;0,127;0,127;0,127;8,29%
26.06.2020;0,117;0,127;0,167;0,112;2,63%
25.06.2020;0,114;0,157;0,157;0,109;1,79%
24.06.2020;0,112;0,167;0,167;0,112;-9,68%
23.06.2020;0,124;0,177;0,177;0,119;-6,06%
22.06.2020;0,132;0,132;0,132;0,132;-13,21%
21.06.2020;0,152;0,152;0,152;0,152;15,23%
19.06.2020;0,132;0,119;0,137;0,119;6,45%
18.06.2020;0,124;0,177;0,177;0,122;-6,06%
17.06.2020;0,132;0,137;0,183;0,127;-5,04%
16.06.2020;0,139;0,157;0,157;0,134;-14,20%
15.06.2020;0,162;0,162;0,162;0,142;12,50%
12.06.2020;0,144;0,139;0,188;0,139;21,01%
11.06.2020;0,119;0,137;0,152;0,117;-9,85%
10.06.2020;0,132;0,157;0,165;0,132;-5,04%
09.06.2020;0,139;0,142;0,155;0,139;1,46%
08.06.2020;0,137;0,145;0,145;0,124;-9,93%
07.06.2020;0,152;0,152;0,152;0,152;13,51%
05.06.2020;0,134;0,124;0,157;0,124;9,84%
04.06.2020;0,122;0,145;0,150;0,122;-1,61%
03.06.2020;0,124;0,127;0,142;0,117;1,64%
02.06.2020;0,122;0,134;0,142;0,119;0,00%
01.06.2020;0,122;0,139;0,139;0,122;-18,45%
31.05.2020;0,150;0,150;0,150;0,150;15,97%
29.05.2020;0,129;0,152;0,152;0,129;0,00%
28.05.2020;0,129;0,106;0,137;0,104;21,70%
27.05.2020;0,106;0,122;0,139;0,101;7,07%
26.05.2020;0,099;0,114;0,147;0,099;-23,43%
25.05.2020;0,129;0,114;0,129;0,114;34,69%
22.05.2020;0,096;0,096;0,101;0,096;18,52%
21.05.2020;0,081;0,081;0,127;0,079;0,00%
20.05.2020;0,081;0,124;0,137;0,081;-10,99%
19.05.2020;0,091;0,091;0,137;0,091;0,00%
18.05.2020;0,091;0,101;0,101;0,091;-25,23%
17.05.2020;0,122;0,096;0,122;0,096;29,47%
15.05.2020;0,094;0,086;0,142;0,086;11,90%
14.05.2020;0,084;0,112;0,112;0,081;-2,33%
13.05.2020;0,086;0,096;0,129;0,086;-13,13%
12.05.2020;0,099;0,094;0,132;0,094;-1,98%
11.05.2020;0,101;0,099;0,101;0,091;-20,28%
10.05.2020;0,127;0,127;0,127;0,127;31,98%
08.05.2020;0,096;0,129;0,129;0,096;14,29%
07.05.2020;0,084;0,112;0,112;0,081;-2,33%
06.05.2020;0,086;0,094;0,094;0,084;-8,51%
05.05.2020;0,094;0,094;0,101;0,091;0,00%
04.05.2020;0,094;0,104;0,109;0,094;-7,30%
03.05.2020;0,101;0,101;0,101;0,101;0,00%
01.05.2020;0,101;0,109;0,109;0,094;13,48%
30.04.2020;0,089;0,117;0,117;0,081;5,95%
29.04.2020;0,084;0,104;0,114;0,084;-2,33%
28.04.2020;0,086;0,132;0,132;0,079;-10,42%
27.04.2020;0,096;0,091;0,096;0,091;-24,23%
26.04.2020;0,127;0,127;0,127;0,127;31,98%
24.04.2020;0,096;0,091;0,096;0,091;7,87%
23.04.2020;0,089;0,117;0,117;0,073;9,88%
22.04.2020;0,081;0,084;0,142;0,068;0,00%
21.04.2020;0,081;0,335;0,335;0,073;-13,83%
20.04.2020;0,094;0,132;0,132;0,091;-38,20%
19.04.2020;0,152;0,152;0,152;0,152;15,23%
17.04.2020;0,132;0,180;0,180;0,122;40,43%
16.04.2020;0,094;0,145;0,355;0,086;-29,85%
15.04.2020;0,134;0,188;0,188;0,122;-21,18%
14.04.2020;0,170;0,175;0,411;0,147;4,94%
13.04.2020;0,162;0,203;0,236;0,157;-29,78%
12.04.2020;0,231;0,231;0,231;0,231;26,07%
09.04.2020;0,183;0,127;0,340;0,112;53,78%
08.04.2020;0,119;0,304;0,304;0,058;80,30%
07.04.2020;0,066;0,319;0,319;0,063;-13,16%
06.04.2020;0,076;0,086;0,086;0,073;-42,34%
05.04.2020;0,132;0,132;0,132;0,132;20,92%
03.04.2020;0,109;0,142;0,142;0,068;78,69%
02.04.2020;0,061;0,030;0,274;0,030;48,78%
01.04.2020;0,041;0,051;0,269;0,033;7,89%
31.03.2020;0,038;0,269;0,269;0,025;35,71%
30.03.2020;0,028;0,010;0,193;-0,046;-82,74%
29.03.2020;0,162;0,162;0,162;0,162;1.147,69%
27.03.2020;0,013;0,061;0,061;-0,005;-137,14%
26.03.2020;-0,035;0,107;0,107;-0,117;-14,63%
25.03.2020;-0,041;0,158;0,158;-0,056;-612,50%
24.03.2020;0,008;0,163;0,163;0,008;60,00%
23.03.2020;0,005;0,033;0,041;0,005;-97,19%
22.03.2020;0,178;0,178;0,178;0,178;611,60%
20.03.2020;0,025;0,025;0,031;0,025;-10,71%
19.03.2020;0,028;0,137;0,188;0,025;-47,17%
18.03.2020;0,053;0,102;0,173;0,028;-38,37%
17.03.2020;0,086;0,239;0,341;0,086;-57,64%
16.03.2020;0,203;0,254;0,356;0,191;-47,48%
15.03.2020;0,387;0,549;0,549;0,387;-0,90%
13.03.2020;0,390;0,397;0,475;0,369;12,39%
12.03.2020;0,347;0,595;0,620;0,267;-20,96%
11.03.2020;0,439;0,743;0,743;0,427;-22,02%
10.03.2020;0,563;0,582;0,811;0,557;-4,74%
09.03.2020;0,591;0,692;0,819;0,503;-26,47%
08.03.2020;0,804;0,804;0,804;0,804;2,25%
06.03.2020;0,786;0,931;1,018;0,735;-12,47%
05.03.2020;0,898;1,000;1,048;0,893;-10,82%
04.03.2020;1,007;1,099;1,285;0,997;-10,41%
03.03.2020;1,124;1,438;1,639;1,081;-21,07%
02.03.2020;1,424;1,476;1,532;1,313;-4,83%
01.03.2020;1,496;1,496;1,496;1,496;3,62%
28.02.2020;1,444;1,553;1,744;1,443;-6,05%
27.02.2020;1,537;1,585;1,588;1,504;-2,72%
26.02.2020;1,580;1,595;1,606;1,578;-0,63%
25.02.2020;1,590;1,603;1,611;1,588;-0,50%
24.02.2020;1,598;1,611;1,611;1,593;-0,17%
23.02.2020;1,601;1,601;1,601;1,601;0,00%
21.02.2020;1,601;1,611;1,613;1,601;0,38%
20.02.2020;1,595;1,611;1,628;1,593;-0,50%
19.02.2020;1,603;1,611;1,616;1,600;-0,31%
18.02.2020;1,608;1,596;1,611;1,590;0,94%
17.02.2020;1,593;1,593;1,593;1,593;0,00%
14.02.2020;1,593;1,601;1,606;1,593;0,95%
13.02.2020;1,578;1,570;1,583;1,562;0,70%
12.02.2020;1,567;1,570;1,575;1,562;-0,38%
11.02.2020;1,573;1,575;1,580;1,567;-0,32%
10.02.2020;1,578;1,578;1,578;1,578;0,00%
09.02.2020;1,578;1,578;1,578;1,578;0,00%
07.02.2020;1,578;1,560;1,578;1,560;1,68%
06.02.2020;1,552;1,549;1,560;1,542;0,13%
05.02.2020;1,550;1,552;1,555;1,539;0,52%
04.02.2020;1,542;1,567;1,567;1,542;-1,66%
03.02.2020;1,568;1,567;1,570;1,567;-0,62%
02.02.2020;1,578;1,578;1,578;1,578;0,63%
31.01.2020;1,568;1,583;1,588;1,568;2,35%
30.01.2020;1,532;1,527;1,544;1,516;0,52%
29.01.2020;1,524;1,542;1,542;1,516;0,13%
28.01.2020;1,522;1,542;1,542;1,522;-0,33%
27.01.2020;1,527;1,547;1,547;1,527;-1,31%
26.01.2020;1,547;1,547;1,547;1,547;0,66%
24.01.2020;1,537;1,542;1,542;1,537;0,20%
23.01.2020;1,534;1,534;1,534;1,514;0,66%
22.01.2020;1,524;1,565;1,565;1,514;0,33%
21.01.2020;1,519;1,578;1,578;1,516;-1,33%
20.01.2020;1,539;1,539;1,539;1,539;0,36%
17.01.2020;1,534;1,542;1,542;1,532;1,32%
16.01.2020;1,514;1,537;1,572;1,511;-1,30%
15.01.2020;1,534;1,575;1,575;1,527;0,33%
14.01.2020;1,529;1,537;1,575;1,522;0,13%
13.01.2020;1,527;1,532;1,537;1,519;0,34%
12.01.2020;1,522;1,522;1,522;1,522;0,00%
10.01.2020;1,522;1,512;1,529;1,512;0,20%
09.01.2020;1,519;1,549;1,549;1,501;1,00%
08.01.2020;1,504;1,516;1,532;1,476;-0,66%
07.01.2020;1,514;1,565;1,565;1,509;-1,17%
06.01.2020;1,532;1,535;1,535;1,524;0,51%
05.01.2020;1,524;1,524;1,524;1,524;0,00%
03.01.2020;1,524;1,514;1,532;1,514;-0,52%
02.01.2020;1,532;1,493;1,519;1,486;3,10%
01.01.2020;1,486;1,486;1,486;1,486;0,53%
31.12.2019;1,478;1,511;1,527;1,476;-2,05%
30.12.2019;1,509;1,578;1,583;1,509;-4,67%
29.12.2019;1,583;1,583;1,583;1,583;0,50%
27.12.2019;1,575;1,593;1,596;1,573;1,48%
26.12.2019;1,552;1,557;1,575;1,552;-0,33%
25.12.2019;1,557;1,562;1,562;1,557;0,14%
24.12.2019;1,555;1,659;1,659;1,550;-0,83%
23.12.2019;1,568;1,578;1,578;1,563;0,35%
22.12.2019;1,563;1,563;1,563;1,563;0,16%
20.12.2019;1,560;1,540;1,565;1,537;2,16%
19.12.2019;1,527;1,565;1,656;1,519;-2,12%
18.12.2019;1,560;1,560;1,649;1,542;0,52%
17.12.2019;1,552;1,565;1,657;1,544;-1,02%
16.12.2019;1,568;1,583;1,585;1,557;-1,10%
15.12.2019;1,585;1,585;1,585;1,585;1,82%
13.12.2019;1,557;1,583;1,583;1,552;0,65%
12.12.2019;1,547;1,623;1,623;1,524;1,51%
11.12.2019;1,524;1,572;1,572;1,514;-0,20%
10.12.2019;1,527;1,573;1,573;1,527;-0,65%
09.12.2019;1,537;1,537;1,537;1,527;0,67%
08.12.2019;1,527;1,527;1,527;1,527;0,51%
06.12.2019;1,519;1,535;1,519;1,519;-0,20%
05.12.2019;1,522;1,649;1,649;1,588;-5,05%
04.12.2019;1,603;1,662;1,662;1,603;-0,93%
03.12.2019;1,618;1,680;1,680;1,616;-2,06%
02.12.2019;1,652;1,649;1,652;1,649;0,00%
01.12.2019;1,652;1,652;1,652;1,652;0,00%
29.11.2019;1,652;1,660;1,660;1,647;-0,15%
28.11.2019;1,655;1,655;1,655;1,655;0,21%
27.11.2019;1,651;1,631;1,664;1,600;1,23%
26.11.2019;1,631;1,646;1,646;1,598;2,07%
25.11.2019;1,598;1,588;1,603;1,585;0,63%
24.11.2019;1,588;1,598;1,598;1,588;0,00%
22.11.2019;1,588;1,570;1,588;1,570;1,02%
21.11.2019;1,572;1,611;1,611;1,565;0,32%
20.11.2019;1,567;1,613;1,613;1,557;0,00%
19.11.2019;1,567;1,580;1,626;1,567;-1,94%
18.11.2019;1,598;1,593;1,598;1,593;0,00%
17.11.2019;1,598;1,598;1,598;1,598;0,00%
15.11.2019;1,598;1,601;1,601;1,588;1,46%
14.11.2019;1,575;1,654;1,654;1,547;1,29%
13.11.2019;1,555;1,629;1,629;1,550;-0,32%
12.11.2019;1,560;1,562;1,631;1,555;0,00%
11.11.2019;1,560;1,560;1,560;1,560;0,00%
08.11.2019;1,560;1,567;1,567;1,557;1,50%
07.11.2019;1,537;1,608;1,608;1,532;0,00%
06.11.2019;1,537;1,629;1,629;1,537;-1,47%
05.11.2019;1,560;1,641;1,641;1,557;-2,07%
04.11.2019;1,593;1,593;1,593;1,573;0,00%
03.11.2019;1,593;1,593;1,593;1,593;0,00%
01.11.2019;1,593;1,547;1,596;1,547;2,97%
31.10.2019;1,547;1,613;1,626;1,544;-4,57%
30.10.2019;1,621;1,674;1,679;1,606;-2,29%
29.10.2019;1,659;1,723;1,736;1,657;-4,98%
28.10.2019;1,746;1,746;1,746;1,746;0,00%
27.10.2019;1,746;1,746;1,746;1,746;0,00%
25.10.2019;1,746;1,741;1,746;1,741;0,00%
24.10.2019;1,746;1,893;1,893;1,735;-0,11%
23.10.2019;1,748;1,779;1,779;1,738;-0,63%
22.10.2019;1,759;1,771;1,771;1,748;-0,40%
21.10.2019;1,766;1,766;1,766;1,766;0,85%
20.10.2019;1,751;1,756;1,756;1,751;-0,28%
18.10.2019;1,756;1,685;1,766;1,685;1,50%
17.10.2019;1,730;1,868;1,868;1,715;0,12%
16.10.2019;1,728;1,899;1,899;1,723;-1,03%
15.10.2019;1,746;1,754;1,843;1,718;-0,58%
14.10.2019;1,756;1,756;1,756;1,756;-0,45%
11.10.2019;1,764;1,718;1,779;1,718;3,34%
10.10.2019;1,707;1,835;1,835;1,677;0,89%
09.10.2019;1,692;1,690;1,692;1,667;1,08%
08.10.2019;1,674;1,904;1,904;1,674;-5,21%
07.10.2019;1,766;1,776;1,776;1,756;0,00%
06.10.2019;1,766;1,764;1,766;1,764;0,14%
04.10.2019;1,764;1,777;1,833;1,761;2,86%
03.10.2019;1,715;1,883;1,883;1,690;-1,78%
02.10.2019;1,746;1,937;1,937;1,741;-3,11%
01.10.2019;1,802;1,909;2,021;1,789;-7,45%
30.09.2019;1,947;1,891;1,947;1,891;0,00%
29.09.2019;1,947;1,945;1,947;1,945;-0,13%
27.09.2019;1,950;1,823;1,955;1,823;7,91%
26.09.2019;1,807;1,812;1,825;1,804;-1,53%
25.09.2019;1,835;1,904;1,909;1,804;-3,62%
24.09.2019;1,904;1,952;1,952;1,901;-2,86%
23.09.2019;1,960;1,960;1,960;1,960;-0,14%
22.09.2019;1,963;1,963;1,963;1,963;0,00%
20.09.2019;1,963;2,006;2,026;1,950;0,67%
19.09.2019;1,950;1,934;1,957;1,911;-0,36%
18.09.2019;1,957;2,098;2,098;1,922;-7,03%
17.09.2019;2,105;2,088;2,174;2,044;0,33%
16.09.2019;2,098;1,975;2,098;1,975;5,93%
15.09.2019;1,980;1,980;1,980;1,980;0,00%
13.09.2019;1,980;1,986;1,986;1,970;-1,54%
12.09.2019;2,011;2,023;2,023;2,006;-0,35%
11.09.2019;2,018;2,046;2,046;2,018;-1,03%
10.09.2019;2,039;2,047;2,052;2,036;-0,63%
09.09.2019;2,052;2,054;2,054;2,047;-0,12%
08.09.2019;2,055;2,055;2,055;2,055;0,27%
06.09.2019;2,049;2,057;2,057;2,049;0,39%
05.09.2019;2,041;2,052;2,059;2,039;-0,39%
04.09.2019;2,049;2,069;2,072;2,049;-0,87%
03.09.2019;2,067;2,092;2,113;2,064;-1,22%
02.09.2019;2,093;2,093;2,093;2,093;0,00%
30.08.2019;2,093;2,045;2,098;2,045;1,16%
29.08.2019;2,069;2,072;2,074;2,062;0,24%
28.08.2019;2,064;2,077;2,077;2,064;-0,53%
27.08.2019;2,075;2,100;2,100;2,072;-1,19%
26.08.2019;2,100;2,108;2,108;2,093;0,10%
25.08.2019;2,098;2,098;2,098;2,098;0,23%
23.08.2019;2,093;2,103;2,103;2,093;2,05%
22.08.2019;2,051;2,095;2,095;2,041;-0,05%
21.08.2019;2,052;2,087;2,103;2,049;-0,58%
20.08.2019;2,064;2,108;2,108;2,057;-0,05%
19.08.2019;2,065;2,108;2,108;2,047;0,14%
18.08.2019;2,062;2,062;2,062;2,062;0,15%
16.08.2019;2,059;2,103;2,103;1,980;3,26%
15.08.2019;1,994;1,975;1,998;1,957;0,45%
14.08.2019;1,985;2,052;2,054;1,980;-3,59%
13.08.2019;2,059;2,092;2,092;2,044;-1,01%
12.08.2019;2,080;2,070;2,082;2,070;0,00%
11.08.2019;2,080;2,080;2,080;2,080;0,14%
09.08.2019;2,077;2,098;2,098;2,075;1,86%
08.08.2019;2,039;2,023;2,052;2,018;1,14%
07.08.2019;2,016;2,044;2,077;2,011;-1,37%
06.08.2019;2,044;2,077;2,077;2,042;-1,26%
05.08.2019;2,070;2,118;2,118;2,067;-2,28%
04.08.2019;2,118;2,118;2,118;2,118;0,00%
02.08.2019;2,118;2,136;2,136;2,111;2,22%
01.08.2019;2,072;1,995;2,085;1,993;3,86%
31.07.2019;1,995;2,075;2,077;1,978;-3,86%
30.07.2019;2,075;2,121;2,121;2,062;-2,17%
29.07.2019;2,121;2,144;2,154;2,115;-1,06%
28.07.2019;2,144;2,144;2,144;2,144;0,00%
26.07.2019;2,144;2,085;2,146;2,082;2,00%
25.07.2019;2,102;2,080;2,108;2,074;0,96%
24.07.2019;2,082;2,105;2,105;2,080;-1,33%
23.07.2019;2,110;2,128;2,128;2,103;-0,52%
22.07.2019;2,121;2,113;2,138;2,100;0,37%
21.07.2019;2,113;2,113;2,113;2,113;-0,47%
19.07.2019;2,123;2,047;2,128;2,047;0,86%
18.07.2019;2,105;2,138;2,138;2,090;-1,31%
17.07.2019;2,133;2,172;2,174;2,133;-1,52%
16.07.2019;2,166;2,172;2,174;2,156;-0,37%
15.07.2019;2,174;2,164;2,177;2,159;0,57%
14.07.2019;2,162;2,162;2,162;2,162;0,03%
12.07.2019;2,161;2,167;2,167;2,159;-0,14%
11.07.2019;2,164;2,171;2,181;2,153;-0,92%
10.07.2019;2,184;2,222;2,222;2,171;-1,75%
09.07.2019;2,223;2,246;2,246;2,217;-0,45%
08.07.2019;2,233;2,258;2,258;2,225;-1,13%
07.07.2019;2,259;2,259;2,259;2,259;0,02%
05.07.2019;2,258;2,241;2,269;2,241;0,75%
04.07.2019;2,241;2,241;2,241;2,241;0,27%
03.07.2019;2,235;2,217;2,393;2,189;1,04%
02.07.2019;2,212;2,174;2,225;2,174;1,61%
01.07.2019;2,177;2,182;2,187;2,174;-0,23%
30.06.2019;2,182;2,182;2,182;2,182;0,00%
28.06.2019;2,182;2,169;2,253;2,169;3,66%
27.06.2019;2,105;2,161;2,161;2,062;0,10%
26.06.2019;2,103;2,161;2,161;2,103;-0,33%
25.06.2019;2,110;2,161;2,161;2,103;-0,38%
24.06.2019;2,118;2,172;2,172;2,118;-2,48%
23.06.2019;2,172;2,172;2,172;2,172;0,50%
21.06.2019;2,161;2,172;2,187;2,151;2,90%
20.06.2019;2,100;2,141;2,148;2,092;-2,23%
19.06.2019;2,148;2,182;2,182;2,110;-1,78%
18.06.2019;2,187;2,228;2,228;2,179;-1,49%
17.06.2019;2,220;2,261;2,261;2,215;-1,81%
16.06.2019;2,261;2,261;2,261;2,261;1,48%
14.06.2019;2,228;2,157;2,261;2,157;2,39%
13.06.2019;2,176;2,199;2,199;2,174;-0,14%
12.06.2019;2,179;2,258;2,258;2,161;-3,71%
11.06.2019;2,263;2,299;2,299;2,258;-1,78%
10.06.2019;2,304;2,317;2,337;2,286;-0,57%
09.06.2019;2,317;2,317;2,317;2,317;-0,12%
07.06.2019;2,320;2,292;2,338;2,292;1,27%
06.06.2019;2,291;2,299;2,299;2,281;-0,43%
05.06.2019;2,301;2,340;2,340;2,294;-1,67%
04.06.2019;2,340;2,348;2,350;2,340;-0,34%
03.06.2019;2,348;2,363;2,363;2,342;-0,64%
02.06.2019;2,363;2,363;2,363;2,363;0,00%
31.05.2019;2,363;2,343;2,368;2,343;0,25%
30.05.2019;2,357;2,365;2,365;2,347;0,43%
29.05.2019;2,347;2,365;2,365;2,342;-0,25%
28.05.2019;2,353;2,365;2,373;2,353;-0,63%
27.05.2019;2,368;2,368;2,368;2,368;-0,21%
24.05.2019;2,373;2,365;2,378;2,365;0,98%
23.05.2019;2,350;2,360;2,360;2,342;-0,34%
22.05.2019;2,358;2,375;2,375;2,358;-0,51%
21.05.2019;2,370;2,381;2,383;2,368;-0,67%
20.05.2019;2,386;2,401;2,401;2,381;-0,64%
19.05.2019;2,401;2,401;2,401;2,401;0,00%
17.05.2019;2,401;2,361;2,406;2,361;1,52%
16.05.2019;2,365;2,403;2,406;2,360;-1,58%
15.05.2019;2,403;2,408;2,408;2,398;-0,46%
14.05.2019;2,414;2,419;2,421;2,409;-0,21%
13.05.2019;2,419;2,429;2,437;2,419;-0,43%
12.05.2019;2,429;2,429;2,429;2,429;-0,11%
10.05.2019;2,432;2,429;2,437;2,419;0,54%
09.05.2019;2,419;2,426;2,426;2,416;-0,21%
08.05.2019;2,424;2,424;2,426;2,421;0,00%
07.05.2019;2,424;2,434;2,437;2,424;-0,41%
06.05.2019;2,434;2,432;2,437;2,432;-0,13%
05.05.2019;2,437;2,437;2,437;2,437;0,00%
03.05.2019;2,437;2,394;2,440;2,394;0,99%
02.05.2019;2,413;2,414;2,419;2,408;-0,25%
01.05.2019;2,419;2,429;2,429;2,398;-0,41%
30.04.2019;2,429;2,450;2,450;2,424;-0,86%
29.04.2019;2,450;2,488;2,488;2,429;0,66%
26.04.2019;2,434;2,422;2,434;2,422;0,41%
25.04.2019;2,424;2,421;2,429;2,414;0,21%
24.04.2019;2,419;2,429;2,429;2,419;-0,41%
23.04.2019;2,429;2,429;2,447;2,429;-0,53%
22.04.2019;2,442;2,442;2,480;2,434;-1,55%
21.04.2019;2,480;2,480;2,480;2,480;2,80%
18.04.2019;2,413;2,439;2,439;2,411;-0,45%
17.04.2019;2,424;2,424;2,439;2,414;-0,21%
16.04.2019;2,429;2,419;2,437;2,414;0,29%
15.04.2019;2,422;2,419;2,427;2,417;0,00%
14.04.2019;2,422;2,422;2,422;2,422;-0,09%
12.04.2019;2,424;2,394;2,424;2,394;0,54%
11.04.2019;2,411;2,408;2,411;2,403;0,08%
10.04.2019;2,409;2,421;2,421;2,406;-0,50%
09.04.2019;2,421;2,432;2,432;2,419;-0,33%
08.04.2019;2,429;2,434;2,434;2,424;-0,23%
07.04.2019;2,434;2,434;2,434;2,434;-0,10%
05.04.2019;2,437;2,409;2,437;2,409;0,66%
04.04.2019;2,421;2,426;2,434;2,416;-0,12%
03.04.2019;2,424;2,429;2,437;2,416;-0,21%
02.04.2019;2,429;2,432;2,434;2,421;-0,12%
01.04.2019;2,432;2,406;2,452;2,406;-0,83%
31.03.2019;2,452;2,452;2,452;2,452;0,00%
29.03.2019;2,452;2,406;2,455;2,406;1,83%
28.03.2019;2,408;2,440;2,453;2,402;-1,59%
27.03.2019;2,447;2,463;2,463;2,440;-0,61%
26.03.2019;2,462;2,455;2,461;2,448;0,20%
25.03.2019;2,457;2,474;2,474;2,451;-0,68%
24.03.2019;2,474;2,474;2,474;2,474;-0,37%
22.03.2019;2,483;2,474;2,481;2,471;0,85%
21.03.2019;2,462;2,448;2,470;2,448;0,00%
20.03.2019;2,462;2,445;2,466;2,443;0,29%
19.03.2019;2,455;2,450;2,450;2,428;0,12%
18.03.2019;2,452;2,458;2,463;2,438;-0,16%
17.03.2019;2,456;2,456;2,456;2,456;-0,37%
15.03.2019;2,465;2,446;2,461;2,446;0,74%
14.03.2019;2,447;2,422;2,440;2,422;0,74%
13.03.2019;2,429;2,430;2,430;2,417;-0,21%
12.03.2019;2,434;2,440;2,440;2,425;-0,45%
11.03.2019;2,445;2,440;2,443;2,438;0,18%
10.03.2019;2,441;2,441;2,441;2,441;-0,38%
08.03.2019;2,450;2,416;2,443;2,416;1,07%
07.03.2019;2,424;2,422;2,422;2,417;-0,08%
06.03.2019;2,426;2,427;2,427;2,420;-0,25%
05.03.2019;2,432;2,433;2,433;2,422;-0,21%
04.03.2019;2,437;2,448;2,448;2,428;-0,46%
03.03.2019;2,448;2,448;2,448;2,448;-0,15%
01.03.2019;2,452;2,413;2,448;2,413;1,53%
28.02.2019;2,415;2,432;2,432;2,412;-0,29%
27.02.2019;2,422;2,432;2,432;2,422;-0,25%
26.02.2019;2,428;2,433;2,433;2,425;-0,08%
25.02.2019;2,430;2,433;2,438;2,420;-0,12%
24.02.2019;2,433;2,433;2,433;2,433;0,33%
22.02.2019;2,425;2,433;2,435;2,418;1,72%
21.02.2019;2,384;2,399;2,407;2,371;-0,75%
20.02.2019;2,402;2,399;2,407;2,397;-0,12%
19.02.2019;2,405;2,435;2,435;2,397;-1,04%
18.02.2019;2,430;2,430;2,430;2,430;0,21%
15.02.2019;2,425;2,433;2,433;2,416;0,12%
14.02.2019;2,422;2,417;2,425;2,409;0,21%
13.02.2019;2,417;2,417;2,417;2,415;0,00%
12.02.2019;2,417;2,433;2,433;2,412;-0,66%
11.02.2019;2,433;2,428;2,438;2,425;0,32%
10.02.2019;2,425;2,425;2,425;2,425;-0,11%
08.02.2019;2,428;2,347;2,428;2,347;1,72%
07.02.2019;2,387;2,402;2,402;2,384;-0,29%
06.02.2019;2,394;2,392;2,405;2,382;0,29%
05.02.2019;2,387;2,410;2,412;2,384;-0,62%
04.02.2019;2,402;2,410;2,415;2,402;-0,34%
03.02.2019;2,410;2,410;2,410;2,410;0,00%
01.02.2019;2,410;2,425;2,430;2,410;0,54%
31.01.2019;2,397;2,389;2,407;2,384;0,42%
30.01.2019;2,387;2,387;2,397;2,379;0,21%
29.01.2019;2,382;2,387;2,395;2,377;-0,33%
28.01.2019;2,390;2,382;2,392;2,382;0,33%
27.01.2019;2,382;2,382;2,382;2,382;-0,08%
25.01.2019;2,384;2,377;2,385;2,369;2,85%
24.01.2019;2,318;2,364;2,364;2,315;-1,95%
23.01.2019;2,364;2,379;2,382;2,356;-0,76%
22.01.2019;2,382;2,397;2,400;2,377;-0,63%
21.01.2019;2,397;2,397;2,397;2,397;0,22%
18.01.2019;2,392;2,380;2,423;2,380;0,21%
17.01.2019;2,387;2,397;2,397;2,379;-0,42%
16.01.2019;2,397;2,410;2,410;2,392;-0,42%
15.01.2019;2,407;2,410;2,415;2,402;-0,21%
14.01.2019;2,412;2,428;2,430;2,407;-0,34%
13.01.2019;2,420;2,420;2,420;2,420;0,22%
11.01.2019;2,415;2,403;2,430;2,403;0,88%
10.01.2019;2,394;2,412;2,414;2,389;0,08%
09.01.2019;2,392;2,410;2,425;2,392;-0,33%
08.01.2019;2,400;2,410;2,412;2,397;-0,41%
07.01.2019;2,410;2,423;2,423;2,389;-0,21%
06.01.2019;2,415;2,415;2,415;2,415;0,13%
04.01.2019;2,412;2,420;2,420;2,402;2,59%
03.01.2019;2,351;2,392;2,414;2,341;-1,80%
02.01.2019;2,394;2,427;2,432;2,384;-1,69%
01.01.2019;2,435;2,435;2,435;2,435;0,00%
31.12.2018;2,435;2,415;2,494;2,384;0,93%
30.12.2018;2,413;2,413;2,413;2,413;-0,18%
28.12.2018;2,417;2,428;2,438;2,402;3,69%
27.12.2018;2,331;2,414;2,481;2,326;-3,16%
26.12.2018;2,407;2,410;2,420;2,402;-0,32%
25.12.2018;2,415;2,415;2,415;2,415;0,32%
24.12.2018;2,407;2,417;2,430;2,407;-0,55%
23.12.2018;2,420;2,420;2,420;2,420;0,22%
21.12.2018;2,415;2,408;2,423;2,405;0,21%
20.12.2018;2,410;2,460;2,460;2,351;2,38%
19.12.2018;2,354;2,336;2,371;2,321;0,90%
18.12.2018;2,333;2,356;2,356;2,333;-0,89%
17.12.2018;2,354;2,379;2,379;2,351;-1,07%
16.12.2018;2,379;2,379;2,379;2,379;0,44%
14.12.2018;2,369;2,367;2,385;2,346;4,13%
13.12.2018;2,275;2,280;2,285;2,275;-0,09%
12.12.2018;2,277;2,270;2,282;2,270;0,09%
11.12.2018;2,275;2,308;2,308;2,270;-1,77%
10.12.2018;2,316;2,339;2,339;2,300;-0,97%
09.12.2018;2,339;2,339;2,339;2,339;0,12%
07.12.2018;2,336;2,298;2,359;2,298;1,34%
06.12.2018;2,305;2,354;2,366;2,287;-2,07%
05.12.2018;2,354;2,354;2,354;2,354;1,02%
04.12.2018;2,330;2,287;2,340;2,284;1,88%
03.12.2018;2,287;2,305;2,310;2,284;-0,78%
02.12.2018;2,305;2,305;2,305;2,305;-0,09%
30.11.2018;2,307;2,302;2,307;2,292;0,39%
29.11.2018;2,298;2,298;2,305;2,287;0,00%
28.11.2018;2,298;2,308;2,308;2,295;4,79%
27.11.2018;2,193;2,195;2,200;2,182;-0,09%
26.11.2018;2,195;2,228;2,231;2,193;-1,50%
25.11.2018;2,228;2,228;2,228;2,228;0,34%
23.11.2018;2,221;2,228;2,231;2,221;-0,35%
22.11.2018;2,229;2,229;2,229;2,229;-0,09%
21.11.2018;2,231;2,221;2,231;2,219;2,25%
20.11.2018;2,182;2,198;2,198;2,175;-0,59%
19.11.2018;2,195;2,183;2,200;2,180;0,56%
18.11.2018;2,183;2,183;2,183;2,183;-0,11%
16.11.2018;2,185;2,185;2,193;2,175;-0,36%
15.11.2018;2,193;2,234;2,249;2,175;-1,62%
14.11.2018;2,229;2,234;2,237;2,229;0,72%
13.11.2018;2,213;2,201;2,213;2,193;0,56%
12.11.2018;2,201;2,201;2,201;2,201;0,21%
09.11.2018;2,196;2,201;2,203;2,188;-0,23%
08.11.2018;2,201;2,219;2,237;2,196;-0,81%
07.11.2018;2,219;2,252;2,270;2,219;0,82%
06.11.2018;2,201;2,183;2,203;2,173;1,20%
05.11.2018;2,175;2,196;2,196;2,168;-0,25%
04.11.2018;2,181;2,181;2,181;2,181;-0,34%
02.11.2018;2,188;2,206;2,211;2,181;-0,82%
01.11.2018;2,206;2,186;2,206;2,186;0,55%
31.10.2018;2,194;2,194;2,201;2,191;1,43%
30.10.2018;2,163;2,170;2,178;2,157;-0,46%
29.10.2018;2,173;2,165;2,181;2,165;0,36%
28.10.2018;2,165;2,165;2,165;2,165;0,11%
26.10.2018;2,163;2,196;2,198;2,163;-1,28%
25.10.2018;2,191;2,199;2,209;2,189;-0,81%
24.10.2018;2,209;2,214;2,214;2,207;1,94%
23.10.2018;2,167;2,178;2,178;2,162;-0,14%
22.10.2018;2,170;2,183;2,183;2,170;-0,48%
21.10.2018;2,181;2,181;2,181;2,181;0,00%
19.10.2018;2,180;2,188;2,191;2,181;-0,50%
18.10.2018;2,191;2,188;2,199;2,188;-0,14%
17.10.2018;2,194;2,184;2,199;2,184;1,72%
16.10.2018;2,157;2,147;2,160;2,147;0,23%
15.10.2018;2,152;2,157;2,157;2,137;0,93%
14.10.2018;2,132;2,132;2,132;2,132;0,00%
12.10.2018;2,132;2,135;2,158;2,132;0,09%
11.10.2018;2,130;2,168;2,168;2,130;-1,89%
10.10.2018;2,171;2,163;2,173;2,163;0,42%
09.10.2018;2,162;2,155;2,168;2,152;0,21%
08.10.2018;2,157;2,157;2,157;2,157;0,11%
05.10.2018;2,155;2,160;2,162;2,155;0,09%
04.10.2018;2,153;2,272;2,272;2,148;0,23%
03.10.2018;2,148;2,260;2,260;2,138;0,51%
02.10.2018;2,137;2,363;2,363;2,117;0,71%
01.10.2018;2,122;2,109;2,122;2,109;0,36%
30.09.2018;2,114;2,114;2,114;2,114;0,11%
28.09.2018;2,112;2,102;2,117;2,092;0,24%
27.09.2018;2,107;2,112;2,115;2,102;-0,47%
26.09.2018;2,117;2,117;2,117;2,112;2,87%
25.09.2018;2,058;2,048;2,094;2,038;0,24%
24.09.2018;2,053;2,038;2,074;2,030;0,85%
23.09.2018;2,036;2,036;2,036;2,036;0,00%
21.09.2018;2,036;2,038;2,069;2,023;0,49%
20.09.2018;2,026;2,038;2,074;2,021;-1,22%
19.09.2018;2,051;2,051;2,051;2,051;2,04%
18.09.2018;2,010;2,007;2,051;2,005;0,25%
17.09.2018;2,005;2,005;2,010;1,997;-0,38%
16.09.2018;2,013;2,013;2,013;2,013;0,13%
14.09.2018;2,010;2,000;2,015;2,000;0,50%
13.09.2018;2,000;2,000;2,008;1,995;0,00%
12.09.2018;2,000;2,000;2,000;2,000;1,83%
11.09.2018;1,964;1,964;1,969;1,957;0,36%
10.09.2018;1,957;1,969;1,977;1,954;-0,76%
09.09.2018;1,972;1,972;1,972;1,972;0,15%
07.09.2018;1,969;1,969;1,982;1,967;-0,30%
06.09.2018;1,975;2,003;2,010;1,967;-1,25%
05.09.2018;2,000;2,000;2,000;2,000;3,15%
04.09.2018;1,939;1,949;1,954;1,934;0,13%
03.09.2018;1,936;1,936;1,936;1,936;0,12%
31.08.2018;1,934;1,949;1,969;1,934;-1,33%
30.08.2018;1,960;1,949;1,962;1,944;0,15%
29.08.2018;1,957;1,955;1,965;1,955;0,82%
28.08.2018;1,941;1,946;1,954;1,939;-0,26%
27.08.2018;1,946;1,936;1,949;1,936;0,36%
26.08.2018;1,939;1,939;1,939;1,939;0,00%
24.08.2018;1,939;1,939;1,947;1,926;0,00%
23.08.2018;1,939;1,942;1,955;1,937;0,00%
22.08.2018;1,939;1,939;1,947;1,939;0,78%
21.08.2018;1,924;1,944;1,952;1,918;0,42%
20.08.2018;1,916;1,944;1,952;1,913;-1,06%
19.08.2018;1,936;1,936;1,936;1,936;0,13%
17.08.2018;1,934;1,944;1,949;1,924;-0,41%
16.08.2018;1,942;1,944;1,952;1,939;-0,41%
15.08.2018;1,950;1,947;1,955;1,939;0,57%
14.08.2018;1,939;1,913;1,949;1,913;1,04%
13.08.2018;1,919;1,908;1,921;1,908;0,55%
12.08.2018;1,908;1,908;1,908;1,908;-0,03%
10.08.2018;1,909;1,914;1,954;1,893;0,26%
09.08.2018;1,904;1,919;1,919;1,899;-0,94%
08.08.2018;1,922;1,950;1,950;1,916;1,10%
07.08.2018;1,901;1,898;1,911;1,888;0,16%
06.08.2018;1,898;1,893;1,911;1,888;0,66%
05.08.2018;1,886;1,886;1,886;1,886;-0,29%
03.08.2018;1,891;1,893;1,893;1,883;0,42%
02.08.2018;1,883;1,919;1,934;1,871;-2,64%
01.08.2018;1,934;1,924;1,942;1,924;1,90%
31.07.2018;1,898;1,903;1,913;1,890;0,00%
30.07.2018;1,898;1,883;1,913;1,883;0,66%
29.07.2018;1,886;1,886;1,886;1,886;0,00%
27.07.2018;1,886;1,883;1,893;1,878;-0,26%
26.07.2018;1,891;1,904;2,171;1,883;-0,26%
25.07.2018;1,896;1,909;1,914;1,891;0,85%
24.07.2018;1,880;1,873;2,061;1,870;0,27%
23.07.2018;1,875;1,865;1,972;1,840;1,63%
22.07.2018;1,845;1,845;1,845;1,845;0,00%
20.07.2018;1,845;1,901;1,901;1,842;-1,76%
19.07.2018;1,878;1,899;1,909;1,878;-1,11%
18.07.2018;1,899;1,909;1,919;1,894;0,32%
17.07.2018;1,893;1,883;1,898;1,873;0,53%
16.07.2018;1,883;1,883;1,891;1,852;0,27%
15.07.2018;1,878;1,878;1,878;1,878;0,00%
13.07.2018;1,878;1,883;1,898;1,870;-0,42%
12.07.2018;1,886;1,873;1,894;1,866;0,16%
11.07.2018;1,883;1,878;1,891;1,878;0,16%
10.07.2018;1,880;1,852;1,885;1,852;1,18%
09.07.2018;1,858;1,847;1,865;1,814;0,57%
08.07.2018;1,847;1,847;1,847;1,847;0,96%
06.07.2018;1,830;1,858;1,868;1,825;-1,51%
05.07.2018;1,858;1,909;1,919;1,855;-2,67%
04.07.2018;1,909;1,909;1,909;1,909;0,00%
03.07.2018;1,909;1,899;1,909;1,899;2,36%
02.07.2018;1,865;1,748;1,870;1,748;6,51%
01.07.2018;1,751;1,751;1,751;1,751;-0,45%
29.06.2018;1,759;1,749;1,781;1,748;0,00%
28.06.2018;1,759;1,779;1,784;1,751;-1,40%
27.06.2018;1,784;1,797;1,797;1,777;1,02%
26.06.2018;1,766;1,776;1,781;1,751;-0,73%
25.06.2018;1,779;1,832;1,847;1,779;-2,64%
24.06.2018;1,827;1,827;1,827;1,827;0,12%
22.06.2018;1,825;1,850;1,860;1,825;-1,35%
21.06.2018;1,850;1,848;1,855;1,838;0,38%
20.06.2018;1,843;1,838;1,853;1,838;1,04%
19.06.2018;1,824;1,817;1,832;1,814;-0,05%
18.06.2018;1,825;1,812;1,827;1,812;1,15%
17.06.2018;1,804;1,812;1,812;1,804;-0,42%
15.06.2018;1,812;1,805;1,814;1,792;1,00%
14.06.2018;1,794;1,812;1,817;1,792;-0,99%
13.06.2018;1,812;1,807;1,820;1,805;0,83%
12.06.2018;1,797;1,817;1,817;1,796;-0,83%
11.06.2018;1,812;1,786;1,819;1,774;1,43%
10.06.2018;1,786;1,786;1,786;1,786;0,70%
08.06.2018;1,774;1,789;1,799;1,766;-0,17%
07.06.2018;1,777;1,807;1,812;1,777;-1,66%
06.06.2018;1,807;1,807;1,825;1,802;2,61%
05.06.2018;1,761;1,725;1,771;1,725;0,86%
04.06.2018;1,746;1,725;1,756;1,725;0,88%
03.06.2018;1,731;1,731;1,731;1,731;-0,13%
01.06.2018;1,733;1,746;1,769;1,728;-0,74%
31.05.2018;1,746;1,756;1,787;1,744;-0,74%
30.05.2018;1,759;1,767;1,777;1,759;3,65%
29.05.2018;1,697;1,685;1,728;1,680;0,72%
28.05.2018;1,685;1,685;1,685;1,685;-0,13%
25.05.2018;1,687;1,736;1,743;1,677;-2,26%
24.05.2018;1,726;1,736;1,782;1,726;-1,32%
23.05.2018;1,749;1,736;1,759;1,736;6,06%
22.05.2018;1,649;1,675;1,685;1,647;-1,26%
21.05.2018;1,670;1,667;1,675;1,664;0,00%
20.05.2018;1,670;1,665;1,670;1,665;0,28%
18.05.2018;1,665;1,680;1,685;1,660;-0,77%
17.05.2018;1,678;1,680;1,688;1,670;0,00%
16.05.2018;1,678;1,670;1,685;1,670;1,76%
15.05.2018;1,649;1,664;1,677;1,649;-0,96%
14.05.2018;1,665;1,662;1,700;1,647;0,00%
13.05.2018;1,665;1,665;1,665;1,665;0,28%
11.05.2018;1,660;1,675;1,682;1,654;-0,60%
10.05.2018;1,670;1,688;1,695;1,670;-0,89%
09.05.2018;1,685;1,680;1,690;1,680;0,78%
08.05.2018;1,672;1,672;1,697;1,667;0,12%
07.05.2018;1,670;1,667;1,672;1,659;-0,13%
06.05.2018;1,672;1,667;1,672;1,667;0,43%
04.05.2018;1,665;1,665;1,715;1,662;-0,42%
03.05.2018;1,672;1,667;1,683;1,660;-0,77%
02.05.2018;1,685;1,685;1,688;1,680;4,08%
01.05.2018;1,619;1,629;1,652;1,619;-0,31%
30.04.2018;1,624;1,609;1,632;1,601;1,27%
29.04.2018;1,604;1,604;1,604;1,604;0,16%
27.04.2018;1,601;1,606;1,621;1,599;-0,50%
26.04.2018;1,609;1,655;1,680;1,596;-2,60%
25.04.2018;1,652;1,706;1,706;1,645;-1,08%
24.04.2018;1,670;1,682;1,695;1,662;0,30%
23.04.2018;1,665;1,657;1,680;1,649;0,33%
22.04.2018;1,660;1,654;1,660;1,654;0,76%
20.04.2018;1,647;1,657;1,662;1,647;-0,60%
19.04.2018;1,657;1,667;1,690;1,652;-0,60%
18.04.2018;1,667;1,665;1,675;1,660;2,02%
17.04.2018;1,634;1,629;1,662;1,629;0,31%
16.04.2018;1,629;1,637;1,662;1,626;-0,62%
15.04.2018;1,639;1,639;1,639;1,639;0,63%
13.04.2018;1,629;1,634;1,662;1,629;-0,49%
12.04.2018;1,637;1,629;1,645;1,624;0,49%
11.04.2018;1,629;1,624;1,670;1,624;0,00%
10.04.2018;1,629;1,675;1,697;1,624;-1,81%
09.04.2018;1,659;1,680;1,685;1,659;-1,54%
08.04.2018;1,685;1,675;1,685;1,675;0,47%
06.04.2018;1,677;1,670;1,733;1,665;0,60%
05.04.2018;1,667;1,670;1,731;1,662;-0,36%
04.04.2018;1,673;1,690;1,706;1,670;-0,83%
03.04.2018;1,687;1,675;1,705;1,672;0,42%
02.04.2018;1,680;1,642;1,682;1,639;3,29%
01.04.2018;1,627;1,624;1,627;1,624;0,34%
29.03.2018;1,621;1,637;1,700;1,611;-1,28%
28.03.2018;1,642;1,685;1,706;1,624;-1,32%
27.03.2018;1,664;1,705;1,758;1,664;-2,12%
26.03.2018;1,700;1,685;1,736;1,677;0,44%
25.03.2018;1,692;1,677;1,692;1,677;0,62%
23.03.2018;1,682;1,670;1,685;1,670;0,42%
22.03.2018;1,675;1,703;1,721;1,675;-1,64%
21.03.2018;1,703;1,754;1,754;1,703;0,77%
20.03.2018;1,690;1,705;1,705;1,685;0,00%
19.03.2018;1,690;1,708;1,708;1,690;-1,34%
18.03.2018;1,713;1,713;1,713;1,713;1,06%
16.03.2018;1,695;1,726;1,726;1,688;0,00%
15.03.2018;1,695;1,746;1,746;1,693;-0,94%
14.03.2018;1,711;1,675;1,713;1,675;6,01%
13.03.2018;1,614;1,578;1,619;1,573;2,28%
12.03.2018;1,578;1,563;1,578;1,563;1,12%
11.03.2018;1,561;1,561;1,561;1,561;-0,16%
09.03.2018;1,563;1,563;1,568;1,555;0,00%
08.03.2018;1,563;1,538;1,581;1,538;-0,32%
07.03.2018;1,568;1,566;1,573;1,558;3,84%
06.03.2018;1,510;1,497;1,515;1,484;0,87%
05.03.2018;1,497;1,497;1,517;1,492;0,00%
04.03.2018;1,497;1,500;1,500;1,497;1,01%
02.03.2018;1,482;1,487;1,500;1,479;-0,54%
01.03.2018;1,490;1,497;1,515;1,487;-1,13%
28.02.2018;1,507;1,492;1,535;1,492;10,00%
27.02.2018;1,370;1,360;1,378;1,360;0,59%
26.02.2018;1,362;1,350;1,378;1,350;-1,13%
25.02.2018;1,378;1,367;1,378;1,367;0,55%
23.02.2018;1,370;1,370;1,380;1,345;2,24%
22.02.2018;1,340;1,388;1,398;1,337;-3,80%
21.02.2018;1,393;1,401;1,408;1,388;1,53%
20.02.2018;1,372;1,337;1,375;1,332;1,85%
19.02.2018;1,347;1,337;1,347;1,337;0,76%
18.02.2018;1,337;1,337;1,337;1,337;0,00%
16.02.2018;1,337;1,304;1,337;1,299;2,53%
15.02.2018;1,304;1,299;1,317;1,291;-0,61%
14.02.2018;1,312;1,340;1,352;1,304;0,23%
13.02.2018;1,309;1,339;1,380;1,296;-1,50%
12.02.2018;1,329;1,304;1,398;1,304;1,33%
11.02.2018;1,312;1,312;1,312;1,312;-0,18%
09.02.2018;1,314;1,319;1,360;1,289;-0,38%
08.02.2018;1,319;1,355;1,393;1,317;-2,66%
07.02.2018;1,355;1,472;1,497;1,340;-2,52%
06.02.2018;1,390;1,385;1,444;1,365;-0,36%
05.02.2018;1,395;1,403;1,456;1,375;-0,21%
04.02.2018;1,398;1,398;1,398;1,398;0,21%
02.02.2018;1,395;1,406;1,459;1,395;-0,57%
01.02.2018;1,403;1,385;1,444;1,360;-4,04%
31.01.2018;1,462;1,474;1,487;1,390;17,90%
30.01.2018;1,240;1,266;1,276;1,228;-1,27%
29.01.2018;1,256;1,225;1,294;1,225;0,83%
28.01.2018;1,246;1,235;1,246;1,235;1,27%
26.01.2018;1,230;1,210;1,243;1,210;1,23%
25.01.2018;1,215;1,248;1,279;1,213;-2,88%
24.01.2018;1,251;1,238;1,256;1,230;0,64%
23.01.2018;1,243;1,268;1,294;1,235;-0,24%
22.01.2018;1,246;1,263;1,273;1,245;-1,37%
21.01.2018;1,263;1,263;1,263;1,263;0,00%
19.01.2018;1,263;1,279;1,279;1,261;-1,25%
18.01.2018;1,279;1,309;1,337;1,274;-2,14%
17.01.2018;1,307;1,317;1,317;1,304;-0,31%
16.01.2018;1,311;1,299;1,327;1,291;0,94%
15.01.2018;1,299;1,299;1,299;1,299;-0,40%
12.01.2018;1,304;1,306;1,334;1,294;-0,23%
11.01.2018;1,307;1,304;1,309;1,299;0,62%
10.01.2018;1,299;1,294;1,307;1,289;0,78%
09.01.2018;1,289;1,281;1,289;1,278;0,39%
08.01.2018;1,284;1,268;1,380;1,256;1,84%
07.01.2018;1,261;1,261;1,261;1,261;0,38%
05.01.2018;1,256;1,268;1,294;1,256;-1,02%
04.01.2018;1,269;1,281;1,304;1,263;-2,31%
03.01.2018;1,299;1,299;1,299;1,299;4,76%
02.01.2018;1,240;1,263;1,301;1,228;-1,84%
01.01.2018;1,263;1,263;1,263;1,263;0,18%
29.12.2017;1,261;1,177;1,278;1,172;7,14%
28.12.2017;1,177;1,187;1,220;1,144;0,00%
27.12.2017;1,177;1,256;1,256;1,159;0,86%
26.12.2017;1,167;1,139;1,202;1,139;1,79%
25.12.2017;1,146;1,146;1,146;1,146;0,00%
22.12.2017;1,147;1,177;1,220;1,131;-2,80%
21.12.2017;1,180;1,218;1,228;1,175;-3,52%
20.12.2017;1,223;1,256;1,263;1,215;0,25%
19.12.2017;1,220;1,238;1,248;1,218;-1,45%
18.12.2017;1,238;1,238;1,248;1,205;0,21%
17.12.2017;1,235;1,235;1,235;1,235;-0,20%
16.12.2017;1,238;1,238;1,238;1,238;0,00%
15.12.2017;1,238;1,205;1,246;1,202;2,74%
14.12.2017;1,205;1,223;1,360;1,200;-1,23%
13.12.2017;1,220;1,238;1,243;1,220;1,92%
12.12.2017;1,197;1,157;1,197;1,154;3,73%
11.12.2017;1,154;1,126;1,159;1,126;2,23%
10.12.2017;1,129;1,129;1,129;1,129;0,25%
08.12.2017;1,126;1,164;1,164;1,121;-2,68%
07.12.2017;1,157;1,164;1,175;1,152;-0,86%
06.12.2017;1,167;1,200;1,203;1,162;0,86%
05.12.2017;1,157;1,139;1,164;1,139;1,40%
04.12.2017;1,141;1,121;1,149;1,121;1,31%
03.12.2017;1,126;1,126;1,126;1,126;0,20%
01.12.2017;1,124;1,131;1,144;1,114;-0,88%
30.11.2017;1,134;1,167;1,177;1,129;-2,83%
29.11.2017;1,167;1,177;1,177;1,164;5,04%
28.11.2017;1,111;1,141;1,197;1,108;-2,63%
27.11.2017;1,141;1,185;1,147;1,136;0,63%
26.11.2017;1,134;1,136;1,136;1,134;-0,18%
24.11.2017;1,136;1,136;1,144;1,136;-1,59%
23.11.2017;1,154;1,154;1,154;1,154;0,20%
22.11.2017;1,152;1,142;1,154;1,142;8,88%
21.11.2017;1,058;1,070;1,070;1,050;0,28%
20.11.2017;1,055;1,060;1,070;1,053;-0,50%
19.11.2017;1,060;1,060;1,060;1,060;0,00%
17.11.2017;1,060;1,076;1,081;1,060;-0,93%
16.11.2017;1,070;1,071;1,076;1,065;-0,28%
15.11.2017;1,073;1,060;1,078;1,058;1,42%
14.11.2017;1,058;1,048;1,065;1,048;0,95%
13.11.2017;1,048;1,045;1,050;1,040;0,00%
12.11.2017;1,048;1,048;1,048;1,048;0,25%
10.11.2017;1,045;1,119;1,119;1,043;-1,42%
09.11.2017;1,060;1,053;1,109;1,045;0,95%
08.11.2017;1,050;1,045;1,055;1,040;1,74%
07.11.2017;1,032;1,015;1,063;1,015;0,68%
06.11.2017;1,025;1,015;1,055;1,012;0,78%
05.11.2017;1,017;1,017;1,017;1,017;0,21%
03.11.2017;1,015;1,228;1,228;1,007;0,30%
02.11.2017;1,012;1,045;1,058;1,005;-2,69%
01.11.2017;1,040;1,022;1,045;1,022;6,23%
31.10.2017;0,979;0,954;0,992;0,954;2,41%
30.10.2017;0,956;0,994;1,027;0,951;-2,86%
29.10.2017;0,984;0,969;0,984;0,969;0,73%
27.10.2017;0,977;0,994;1,027;0,969;-1,21%
26.10.2017;0,989;1,005;1,048;0,984;-1,00%
25.10.2017;0,999;1,010;1,022;0,994;0,00%
24.10.2017;0,999;0,994;1,040;0,989;0,71%
23.10.2017;0,992;0,989;1,032;0,984;0,28%
22.10.2017;0,989;0,989;0,989;0,989;-0,28%
20.10.2017;0,992;0,974;1,032;0,974;0,81%
19.10.2017;0,984;0,974;1,025;0,974;-1,01%
18.10.2017;0,994;0,994;0,999;0,977;4,74%
17.10.2017;0,949;0,956;0,976;0,943;-1,25%
16.10.2017;0,961;1,004;1,004;0,956;0,77%
15.10.2017;0,954;0,954;0,954;0,954;0,28%
13.10.2017;0,951;1,004;1,004;0,949;-3,16%
12.10.2017;0,982;1,020;1,032;0,959;-4,20%
11.10.2017;1,025;1,025;1,033;1,025;0,00%
10.10.2017;1,025;0,999;1,032;0,999;0,53%
09.10.2017;1,020;1,017;1,020;1,017;0,45%
06.10.2017;1,015;1,010;1,025;1,004;0,30%
05.10.2017;1,012;0,994;1,012;0,992;1,50%
04.10.2017;0,997;0,994;1,002;0,994;5,06%
03.10.2017;0,949;0,943;0,959;0,938;0,85%
02.10.2017;0,941;0,964;0,971;0,933;-0,80%
01.10.2017;0,949;0,949;0,949;0,949;0,00%
29.09.2017;0,949;0,964;0,966;0,946;-1,56%
28.09.2017;0,964;0,984;0,984;0,949;-2,33%
27.09.2017;0,987;0,984;0,992;0,979;3,24%
26.09.2017;0,956;0,974;0,974;0,946;0,74%
25.09.2017;0,949;0,974;0,974;0,946;-1,54%
24.09.2017;0,964;0,964;0,964;0,964;-0,23%
22.09.2017;0,966;0,984;1,096;0,961;-2,13%
21.09.2017;0,987;0,974;0,994;0,966;-0,20%
20.09.2017;0,989;0,979;0,989;0,979;4,00%
19.09.2017;0,951;0,918;0,976;0,918;1,60%
18.09.2017;0,936;0,976;0,976;0,928;-3,14%
17.09.2017;0,966;0,966;0,966;0,966;0,00%
15.09.2017;0,966;0,974;1,002;0,964;-2,13%
14.09.2017;0,987;0,984;0,992;0,974;0,51%
13.09.2017;0,982;0,984;0,994;0,979;0,82%
12.09.2017;0,974;0,969;0,979;0,959;1,35%
11.09.2017;0,961;0,964;1,017;0,959;1,04%
10.09.2017;0,951;0,964;0,964;0,951;-0,82%
08.09.2017;0,959;0,964;0,992;0,956;-0,72%
07.09.2017;0,966;1,055;1,162;0,961;-7,56%
06.09.2017;1,045;1,269;1,274;1,033;3,77%
05.09.2017;1,007;0,949;1,055;0,948;5,88%
03.09.2017;0,951;0,951;0,951;0,951;0,22%
01.09.2017;0,949;0,949;1,012;0,928;1,17%
31.08.2017;0,938;0,954;1,060;0,900;-1,68%
30.08.2017;0,954;0,984;0,984;0,951;-3,34%
29.08.2017;0,987;0,994;1,004;0,982;-0,50%
28.08.2017;0,992;0,982;0,997;0,976;1,06%
27.08.2017;0,982;0,984;0,984;0,982;-0,24%
25.08.2017;0,984;0,974;1,004;0,974;0,00%
24.08.2017;0,984;0,979;0,992;0,969;0,51%
23.08.2017;0,979;0,944;0,984;0,944;3,16%
22.08.2017;0,949;0,938;0,948;0,931;1,17%
21.08.2017;0,938;0,954;0,964;0,938;-0,85%
20.08.2017;0,946;0,951;0,951;0,946;-1,05%
18.08.2017;0,956;0,964;0,974;0,951;-0,31%
17.08.2017;0,959;0,964;0,979;0,959;-0,52%
16.08.2017;0,964;0,954;0,984;0,954;2,23%
15.08.2017;0,943;0,936;0,948;0,931;0,21%
14.08.2017;0,941;0,994;1,004;0,938;-5,11%
13.08.2017;0,992;0,987;0,994;0,987;0,00%
11.08.2017;0,992;1,010;1,164;0,987;-1,49%
10.08.2017;1,007;1,002;1,010;0,997;0,00%
09.08.2017;1,007;0,994;1,007;0,994;1,51%
08.08.2017;0,992;0,979;1,093;0,979;0,81%
07.08.2017;0,984;0,989;1,045;0,982;-0,53%
06.08.2017;0,989;0,989;0,989;0,989;-0,28%
04.08.2017;0,992;0,989;1,002;0,989;0,00%
03.08.2017;0,992;0,999;1,012;0,982;-0,70%
02.08.2017;0,999;0,999;1,005;0,999;2,57%
01.08.2017;0,974;0,982;0,997;0,969;-0,81%
31.07.2017;0,982;0,982;1,004;0,982;-0,21%
30.07.2017;0,984;0,987;0,987;0,984;-1,00%
28.07.2017;0,994;1,002;1,010;0,987;-1,00%
27.07.2017;1,004;1,005;1,022;0,999;-0,10%
26.07.2017;1,005;0,989;1,022;0,989;2,34%
25.07.2017;0,982;0,976;0,989;0,971;1,13%
24.07.2017;0,971;0,984;0,989;0,969;-0,56%
23.07.2017;0,976;0,976;0,976;0,976;-0,26%
21.07.2017;0,979;0,984;0,992;0,974;-0,81%
20.07.2017;0,987;0,992;1,002;0,977;-0,70%
19.07.2017;0,994;0,974;1,109;0,974;5,07%
18.07.2017;0,946;0,938;0,951;0,938;0,85%
17.07.2017;0,938;0,921;0,997;0,921;1,60%
16.07.2017;0,923;0,923;0,923;0,923;0,00%
14.07.2017;0,923;0,943;0,956;0,921;-2,43%
13.07.2017;0,946;0,944;0,949;0,936;0,53%
12.07.2017;0,941;0,954;0,959;0,938;-0,21%
11.07.2017;0,943;0,943;0,954;0,938;0,53%
10.07.2017;0,938;0,943;0,954;0,926;1,04%
09.07.2017;0,928;0,931;0,931;0,928;0,00%
07.07.2017;0,928;0,941;0,954;0,926;-1,38%
06.07.2017;0,941;0,969;0,979;0,938;-3,19%
05.07.2017;0,972;0,954;0,954;0,954;1,91%
04.07.2017;0,954;0,954;0,954;0,954;7,41%
03.07.2017;0,888;0,883;0,910;0,845;7,08%
02.07.2017;0,829;0,837;0,837;0,829;-0,91%
01.07.2017;0,837;0,837;0,837;0,837;-0,25%
30.06.2017;0,839;0,883;0,890;0,829;-3,01%
29.06.2017;0,865;0,903;0,903;0,837;-2,04%
28.06.2017;0,883;0,908;0,913;0,883;1,85%
27.06.2017;0,867;0,801;0,877;0,768;10,31%
26.06.2017;0,786;0,801;0,801;0,751;5,79%
25.06.2017;0,743;0,748;0,748;0,743;-0,67%
23.06.2017;0,748;0,771;0,814;0,746;-5,44%
22.06.2017;0,791;0,847;0,857;0,774;-6,61%
21.06.2017;0,847;0,852;0,852;0,842;4,70%
20.06.2017;0,809;0,842;0,842;0,801;-1,82%
19.06.2017;0,824;0,837;0,865;0,809;-1,85%
18.06.2017;0,840;0,840;0,840;0,840;-0,30%
16.06.2017;0,842;0,865;0,865;0,837;-2,09%
15.06.2017;0,860;0,903;0,908;0,847;-5,08%
14.06.2017;0,906;0,903;0,905;0,893;6,34%
13.06.2017;0,852;0,822;0,867;0,804;5,97%
12.06.2017;0,804;0,842;0,842;0,801;3,26%
11.06.2017;0,779;0,779;0,779;0,779;-2,80%
09.06.2017;0,801;0,774;0,837;0,774;2,17%
08.06.2017;0,784;0,832;0,832;0,784;-3,69%
07.06.2017;0,814;0,862;0,862;0,812;1,88%
06.06.2017;0,799;0,812;0,817;0,796;-1,24%
05.06.2017;0,809;0,812;0,817;0,807;0,63%
04.06.2017;0,804;0,804;0,804;0,804;-1,00%
02.06.2017;0,812;0,812;0,827;0,781;-0,61%
01.06.2017;0,817;0,860;0,873;0,781;-5,77%
31.05.2017;0,867;0,870;0,875;0,852;19,59%
30.05.2017;0,725;0,700;0,746;0,700;-1,08%
29.05.2017;0,733;0,730;0,733;0,730;1,09%
26.05.2017;0,725;0,700;0,730;0,697;1,40%
25.05.2017;0,715;0,746;0,768;0,697;-5,67%
24.05.2017;0,758;0,756;0,758;0,751;11,96%
23.05.2017;0,677;0,674;0,690;0,662;1,50%
22.05.2017;0,667;0,690;0,695;0,659;-1,11%
21.05.2017;0,674;0,674;0,674;0,674;-2,95%
19.05.2017;0,695;0,730;0,735;0,677;-4,53%
18.05.2017;0,728;0,715;0,730;0,710;2,54%
17.05.2017;0,710;0,725;0,725;0,710;0,42%
16.05.2017;0,707;0,685;0,715;0,682;1,73%
15.05.2017;0,695;0,664;0,700;0,662;4,61%
14.05.2017;0,664;0,667;0,667;0,664;-0,39%
12.05.2017;0,667;0,690;0,695;0,657;-0,74%
11.05.2017;0,672;0,695;0,705;0,672;-3,59%
10.05.2017;0,697;0,710;0,718;0,692;-1,83%
09.05.2017;0,710;0,700;0,720;0,700;1,87%
08.05.2017;0,697;0,700;0,713;0,690;1,80%
07.05.2017;0,685;0,692;0,692;0,685;-1,48%
05.05.2017;0,695;0,715;0,715;0,687;-0,29%
04.05.2017;0,697;0,740;0,751;0,695;-5,56%
03.05.2017;0,738;0,730;0,751;0,730;9,33%
02.05.2017;0,675;0,649;0,680;0,644;4,81%
01.05.2017;0,644;0,664;0,700;0,639;-3,07%
30.04.2017;0,664;0,667;0,667;0,664;-1,13%
28.04.2017;0,672;0,695;0,705;0,647;-3,59%
27.04.2017;0,697;0,725;0,735;0,685;-5,17%
26.04.2017;0,735;0,735;0,735;0,733;3,96%
25.04.2017;0,707;0,735;0,740;0,705;-2,48%
24.04.2017;0,725;0,715;0,740;0,710;1,38%
22.04.2017;0,715;0,715;0,715;0,715;-0,40%
21.04.2017;0,718;0,725;0,733;0,707;-0,28%
20.04.2017;0,720;0,751;0,753;0,720;-3,49%
19.04.2017;0,746;0,771;0,771;0,743;-0,93%
18.04.2017;0,753;0,761;0,763;0,751;0,00%
17.04.2017;0,753;0,761;0,763;0,751;-1,03%
16.04.2017;0,761;0,761;0,761;0,761;0,00%
13.04.2017;0,761;0,781;0,789;0,751;-1,93%
12.04.2017;0,776;0,771;0,779;0,771;1,70%
11.04.2017;0,763;0,766;0,773;0,758;0,00%
10.04.2017;0,763;0,761;0,771;0,761;0,62%
09.04.2017;0,758;0,761;0,761;0,758;-0,62%
07.04.2017;0,763;0,771;0,786;0,761;-1,68%
06.04.2017;0,776;0,763;0,779;0,761;0,26%
05.04.2017;0,774;0,771;0,786;0,766;4,17%
04.04.2017;0,743;0,746;0,766;0,723;3,92%
03.04.2017;0,715;0,725;0,766;0,715;-0,72%
02.04.2017;0,720;0,720;0,720;0,720;-2,41%
31.03.2017;0,738;0,746;0,766;0,723;-1,99%
30.03.2017;0,753;0,746;0,774;0,740;0,00%
29.03.2017;0,753;0,751;0,763;0,751;2,73%
28.03.2017;0,733;0,725;0,758;0,725;0,41%
27.03.2017;0,730;0,723;0,753;0,720;0,65%
26.03.2017;0,725;0,728;0,728;0,725;0,74%
24.03.2017;0,720;0,725;0,751;0,715;-0,69%
23.03.2017;0,725;0,761;0,771;0,723;-4,73%
22.03.2017;0,761;0,761;0,761;0,733;8,71%
21.03.2017;0,700;0,674;0,715;0,674;0,72%
20.03.2017;0,695;0,715;0,715;0,669;3,42%
19.03.2017;0,672;0,672;0,672;0,672;0,00%
18.03.2017;0,672;0,672;0,672;0,672;-2,89%
17.03.2017;0,692;0,680;0,710;0,672;1,76%
16.03.2017;0,680;0,710;0,720;0,631;-3,13%
15.03.2017;0,702;0,791;0,791;0,687;3,69%
14.03.2017;0,677;0,680;0,707;0,664;-1,88%
13.03.2017;0,690;0,609;0,707;0,609;10,61%
12.03.2017;0,624;0,631;0,631;0,624;9,82%
10.03.2017;0,568;0,510;0,637;0,477;17,84%
09.03.2017;0,482;0,500;0,563;0,479;-9,06%
08.03.2017;0,530;0,578;0,578;0,497;-1,85%
07.03.2017;0,540;0,525;0,543;0,525;0,37%
06.03.2017;0,538;0,538;0,563;0,533;1,53%
05.03.2017;0,530;0,530;0,530;0,530;-3,30%
03.03.2017;0,548;0,507;0,555;0,497;11,38%
02.03.2017;0,492;0,454;0,492;0,446;5,35%
01.03.2017;0,467;0,454;0,477;0,396;15,88%
28.02.2017;0,403;0,436;0,449;0,401;-4,73%
27.02.2017;0,423;0,391;0,449;0,385;9,05%
26.02.2017;0,388;0,393;0,393;0,388;-1,30%
24.02.2017;0,393;0,378;0,436;0,375;-3,68%
23.02.2017;0,408;0,467;0,472;0,383;-12,07%
22.02.2017;0,464;0,487;0,487;0,464;-2,11%
21.02.2017;0,474;0,494;0,510;0,474;-3,64%
20.02.2017;0,492;0,492;0,492;0,492;-1,03%
17.02.2017;0,497;0,507;0,515;0,494;-1,00%
16.02.2017;0,502;0,522;0,985;0,500;-2,90%
15.02.2017;0,517;0,522;0,522;0,517;2,38%
14.02.2017;0,505;0,502;0,510;0,497;1,61%
13.02.2017;0,497;0,502;0,510;0,492;0,00%
12.02.2017;0,497;0,500;0,502;0,497;0,00%
10.02.2017;0,497;0,497;0,515;0,494;-1,00%
09.02.2017;0,502;0,507;0,517;0,497;-4,74%
08.02.2017;0,527;0,538;0,538;0,505;2,33%
07.02.2017;0,515;0,477;0,520;0,474;6,40%
06.02.2017;0,484;0,482;0,487;0,477;1,00%
05.02.2017;0,479;0,484;0,484;0,479;-0,99%
03.02.2017;0,484;0,474;0,487;0,474;0,41%
02.02.2017;0,482;0,502;0,512;0,479;-2,03%
01.02.2017;0,492;0,497;0,500;0,492;4,90%
31.01.2017;0,469;0,482;0,505;0,467;-3,10%
30.01.2017;0,484;0,489;0,510;0,477;-1,61%
29.01.2017;0,492;0,494;0,494;0,492;0,59%
27.01.2017;0,489;0,477;0,500;0,477;1,45%
26.01.2017;0,482;0,477;0,489;0,461;0,63%
25.01.2017;0,479;0,492;0,492;0,477;2,57%
24.01.2017;0,467;0,459;0,474;0,456;1,30%
23.01.2017;0,461;0,454;0,472;0,454;1,59%
22.01.2017;0,454;0,456;0,456;0,454;-1,56%
20.01.2017;0,461;0,456;0,461;0,449;1,54%
19.01.2017;0,454;0,461;0,472;0,446;-2,16%
18.01.2017;0,464;0,533;0,533;0,464;-10,25%
17.01.2017;0,517;0,520;0,527;0,510;0,00%
16.01.2017;0,517;0,520;0,520;0,517;-0,54%
13.01.2017;0,520;0,515;0,530;0,510;-0,38%
12.01.2017;0,522;0,510;0,522;0,502;2,35%
11.01.2017;0,510;0,512;0,515;0,507;-0,39%
10.01.2017;0,512;0,501;0,587;0,493;2,61%
09.01.2017;0,499;0,498;0,582;0,486;-0,38%
08.01.2017;0,501;0,501;0,501;0,501;0,18%
06.01.2017;0,500;0,503;0,605;0,491;0,60%
05.01.2017;0,497;0,496;0,626;0,493;1,02%
04.01.2017;0,492;0,610;0,610;0,488;5,35%
03.01.2017;0,467;0,535;0,535;0,428;7,73%
02.01.2017;0,433;0,433;0,433;0,433;2,97%
30.12.2016;0,421;0,332;0,444;0,330;7,95%
29.12.2016;0,390;0,451;0,715;0,332;-17,37%
28.12.2016;0,472;0,495;0,497;0,461;3,96%
27.12.2016;0,454;0,416;0,614;0,413;8,53%
26.12.2016;0,418;0,418;0,418;0,418;-0,64%
23.12.2016;0,421;0,530;0,533;0,403;1,94%
22.12.2016;0,413;0,446;0,586;0,391;-9,43%
21.12.2016;0,456;0,487;0,639;0,449;1,11%
20.12.2016;0,451;0,439;0,593;0,431;2,27%
19.12.2016;0,441;0,451;0,609;0,431;-4,44%
18.12.2016;0,461;0,461;0,461;0,461;0,54%
16.12.2016;0,459;0,472;0,624;0,456;-1,71%
15.12.2016;0,467;0,492;0,644;0,449;-4,11%
14.12.2016;0,487;0,487;0,639;0,484;10,93%
13.12.2016;0,439;0,409;0,575;0,404;11,70%
12.12.2016;0,393;0,389;0,577;0,386;0,38%
11.12.2016;0,391;0,391;0,407;0,386;-0,38%
09.12.2016;0,393;0,376;0,552;0,374;3,97%
08.12.2016;0,378;0,369;0,544;0,363;2,72%
07.12.2016;0,368;0,361;0,529;0,351;6,05%
06.12.2016;0,347;0,297;0,350;0,294;12,30%
05.12.2016;0,309;0,324;0,347;0,297;-3,26%
04.12.2016;0,319;0,322;0,322;0,319;-0,81%
02.12.2016;0,322;0,327;0,363;0,322;0,00%
01.12.2016;0,322;0,370;0,398;0,322;-12,50%
30.11.2016;0,368;0,522;0,522;0,363;46,61%
29.11.2016;0,251;0,297;0,345;0,246;-16,89%
28.11.2016;0,302;0,324;0,368;0,299;-6,21%
27.11.2016;0,322;0,330;0,345;0,322;-4,45%
25.11.2016;0,337;0,335;0,355;0,332;0,00%
24.11.2016;0,337;0,340;0,345;0,337;0,00%
23.11.2016;0,337;0,347;0,347;0,332;41,60%
22.11.2016;0,238;0,271;0,274;0,236;-9,85%
21.11.2016;0,264;0,287;0,309;0,264;-7,01%
20.11.2016;0,284;0,281;0,289;0,279;1,03%
18.11.2016;0,281;0,324;0,324;0,281;-5,39%
17.11.2016;0,297;0,312;0,332;0,287;-4,81%
16.11.2016;0,312;0,309;0,360;0,304;4,35%
15.11.2016;0,299;0,320;0,325;0,287;2,40%
14.11.2016;0,292;0,292;0,582;0,285;-0,98%
13.11.2016;0,295;0,297;0,297;0,292;0,99%
10.11.2016;0,292;0,297;0,529;0,282;0,00%
09.11.2016;0,292;0,544;0,544;0,272;9,77%
08.11.2016;0,266;0,279;0,279;0,261;-1,85%
07.11.2016;0,271;0,243;0,271;0,243;17,47%
06.11.2016;0,231;0,248;0,248;0,231;-5,06%
04.11.2016;0,243;0,487;0,487;0,228;2,10%
03.11.2016;0,238;0,487;0,487;0,233;3,03%
02.11.2016;0,231;0,246;0,246;0,231;16,67%
01.11.2016;0,198;0,426;0,426;0,183;11,86%
31.10.2016;0,177;0,426;0,426;0,165;0,00%
30.10.2016;0,177;0,177;0,177;0,177;4,41%
28.10.2016;0,170;0,198;0,213;0,165;-2,86%
27.10.2016;0,175;0,233;0,243;0,172;-27,39%
26.10.2016;0,241;0,254;0,368;0,241;17,56%
25.10.2016;0,205;0,221;0,228;0,198;-4,65%
24.10.2016;0,215;0,241;0,251;0,213;-9,78%
23.10.2016;0,238;0,243;0,243;0,238;-1,93%
21.10.2016;0,243;0,236;0,246;0,233;0,83%
20.10.2016;0,241;0,238;0,251;0,231;0,00%
19.10.2016;0,241;0,254;0,254;0,238;2,12%
18.10.2016;0,236;0,226;0,249;0,226;3,51%
17.10.2016;0,228;0,247;0,483;0,226;-8,47%
16.10.2016;0,249;0,249;0,249;0,249;-2,01%
15.10.2016;0,254;0,254;0,254;0,254;2,50%
14.10.2016;0,248;0,252;0,264;0,221;0,81%
13.10.2016;0,246;0,254;0,269;0,244;-3,91%
12.10.2016;0,256;0,397;0,397;0,257;3,23%
11.10.2016;0,248;0,251;0,266;0,246;-2,17%
10.10.2016;0,254;0,254;0,254;0,254;1,00%
07.10.2016;0,251;0,248;0,266;0,248;0,00%
06.10.2016;0,251;0,259;0,269;0,238;-1,95%
05.10.2016;0,256;0,502;0,502;0,254;-3,03%
04.10.2016;0,264;0,236;0,276;0,233;14,29%
03.10.2016;0,231;0,398;0,398;0,188;13,91%
02.10.2016;0,203;0,200;0,203;0,200;1,40%
30.09.2016;0,200;0,119;0,269;0,106;70,94%
29.09.2016;0,117;0,109;0,145;0,096;-20,41%
28.09.2016;0,147;0,213;0,213;0,134;13,95%
27.09.2016;0,129;0,122;0,139;0,117;30,30%
26.09.2016;0,099;0,094;0,127;0,089;11,61%
25.09.2016;0,089;0,101;0,101;0,089;-12,52%
24.09.2016;0,101;0,101;0,101;0,101;5,63%
23.09.2016;0,096;0,086;0,114;0,086;5,49%
22.09.2016;0,091;0,127;0,127;0,071;-25,41%
21.09.2016;0,122;0,228;0,228;0,114;4,27%
20.09.2016;0,117;0,193;0,198;0,112;-22,00%
19.09.2016;0,150;0,201;0,249;0,135;-23,35%
18.09.2016;0,196;0,196;0,196;0,196;0,00%
17.09.2016;0,196;0,196;0,196;0,196;4,10%
16.09.2016;0,188;0,211;0,216;0,183;-5,05%
15.09.2016;0,198;0,242;0,252;0,198;-16,10%
14.09.2016;0,236;0,249;0,252;0,236;8,26%
13.09.2016;0,218;0,233;0,233;0,210;-3,54%
12.09.2016;0,226;0,309;0,309;0,221;-0,96%
11.09.2016;0,228;0,233;0,233;0,228;-3,31%
09.09.2016;0,236;0,261;0,261;0,213;-4,84%
08.09.2016;0,248;0,261;0,261;0,246;0,00%
07.09.2016;0,248;0,304;0,304;0,246;4,20%
06.09.2016;0,238;0,264;0,264;0,236;-4,19%
05.09.2016;0,248;0,248;0,248;0,248;0,00%
02.09.2016;0,248;0,266;0,266;0,248;-4,25%
01.09.2016;0,259;0,289;0,302;0,256;-1,89%
31.08.2016;0,264;0,324;0,324;0,254;18,39%
30.08.2016;0,223;0,264;0,269;0,218;-8,23%
29.08.2016;0,243;0,271;0,271;0,238;-8,72%
28.08.2016;0,266;0,266;0,266;0,266;0,00%
26.08.2016;0,266;0,279;0,279;0,261;0,00%
25.08.2016;0,266;0,284;0,284;0,266;-4,66%
24.08.2016;0,279;0,335;0,335;0,274;8,98%
23.08.2016;0,256;0,247;0,257;0,247;12,28%
22.08.2016;0,228;0,277;0,280;0,229;-16,94%
21.08.2016;0,275;0,275;0,275;0,275;-1,61%
19.08.2016;0,279;0,285;0,287;0,275;0,00%
18.08.2016;0,279;0,356;0,359;0,272;1,82%
17.08.2016;0,274;0,277;0,287;0,275;12,76%
16.08.2016;0,243;0,261;0,266;0,243;-4,33%
15.08.2016;0,254;0,281;0,281;0,238;-7,23%
14.08.2016;0,274;0,274;0,274;0,274;0,00%
13.08.2016;0,274;0,274;0,274;0,274;3,71%
12.08.2016;0,264;0,284;0,284;0,256;-7,04%
11.08.2016;0,284;0,274;0,284;0,264;4,80%
10.08.2016;0,271;0,350;0,350;0,269;7,97%
09.08.2016;0,251;0,248;0,271;0,248;-1,95%
08.08.2016;0,256;0,231;0,261;0,228;13,48%
07.08.2016;0,226;0,228;0,228;0,226;-1,14%
06.08.2016;0,228;0,228;0,228;0,228;-2,06%
05.08.2016;0,233;0,236;0,254;0,228;0,00%
04.08.2016;0,233;0,266;0,269;0,228;-12,41%
03.08.2016;0,266;0,346;0,346;0,259;24,88%
02.08.2016;0,213;0,193;0,216;0,191;9,23%
01.08.2016;0,195;0,224;0,224;0,178;0,93%
31.07.2016;0,193;0,193;0,193;0,193;9,15%
29.07.2016;0,177;0,183;0,193;0,137;-1,67%
28.07.2016;0,180;0,239;0,249;0,178;-25,31%
27.07.2016;0,241;0,259;0,262;0,242;6,64%
26.07.2016;0,226;0,262;0,269;0,216;-15,99%
25.07.2016;0,269;0,272;0,277;0,262;-2,00%
24.07.2016;0,275;0,275;0,275;0,275;0,18%
22.07.2016;0,274;0,287;0,287;0,272;-2,49%
21.07.2016;0,281;0,282;0,287;0,280;0,72%
20.07.2016;0,279;0,315;0,315;0,280;8,98%
19.07.2016;0,256;0,267;0,267;0,257;-1,92%
18.07.2016;0,261;0,381;0,381;0,254;-0,31%
17.07.2016;0,262;0,262;0,262;0,262;-0,83%
15.07.2016;0,264;0,305;0,376;0,259;-11,11%
14.07.2016;0,297;0,303;0,310;0,295;0,00%
13.07.2016;0,297;0,371;0,371;0,292;4,58%
12.07.2016;0,284;0,310;0,310;0,264;6,77%
11.07.2016;0,266;0,315;0,315;0,254;3,62%
10.07.2016;0,257;0,257;0,257;0,257;-1,65%
08.07.2016;0,261;0,277;0,277;0,259;-3,69%
07.07.2016;0,271;0,267;0,282;0,267;1,88%
06.07.2016;0,266;0,361;0,361;0,259;4,72%
05.07.2016;0,254;0,244;0,264;0,213;6,28%
04.07.2016;0,239;0,234;0,239;0,234;2,58%
01.07.2016;0,233;0,193;0,239;0,186;25,95%
30.06.2016;0,185;0,188;0,191;0,147;1,09%
29.06.2016;0,183;0,346;0,346;0,181;-16,06%
28.06.2016;0,218;0,208;0,234;0,203;3,81%
27.06.2016;0,210;0,234;0,249;0,211;-15,70%
26.06.2016;0,249;0,249;0,249;0,249;2,51%
24.06.2016;0,243;0,275;0,336;0,208;-8,65%
23.06.2016;0,266;0,252;0,277;0,252;4,72%
22.06.2016;0,254;0,257;0,336;0,249;11,40%
21.06.2016;0,228;0,221;0,236;0,221;3,17%
20.06.2016;0,221;0,234;0,305;0,221;-7,53%
19.06.2016;0,239;0,224;0,239;0,224;7,17%
17.06.2016;0,223;0,236;0,242;0,219;-4,29%
16.06.2016;0,233;0,239;0,246;0,219;-2,10%
15.06.2016;0,238;0,247;0,249;0,231;9,17%
14.06.2016;0,218;0,208;0,226;0,206;4,81%
13.06.2016;0,208;0,208;0,216;0,186;10,58%
12.06.2016;0,188;0,191;0,191;0,188;0,00%
10.06.2016;0,188;0,211;0,216;0,188;-9,62%
09.06.2016;0,208;0,196;0,216;0,191;5,05%
08.06.2016;0,198;0,198;0,198;0,193;-2,46%
07.06.2016;0,203;0,186;0,213;0,186;9,73%
06.06.2016;0,185;0,183;0,196;0,181;-0,32%
05.06.2016;0,186;0,183;0,186;0,183;0,32%
03.06.2016;0,185;0,188;0,249;0,178;-1,60%
02.06.2016;0,188;0,234;0,239;0,173;-30,11%
01.06.2016;0,269;0,269;0,295;0,219;37,95%
31.05.2016;0,195;0,221;0,285;0,239;-12,83%
30.05.2016;0,224;0,224;0,224;0,224;0,31%
27.05.2016;0,223;0,168;0,224;0,168;31,18%
26.05.2016;0,170;0,239;0,242;0,145;-28,57%
25.05.2016;0,238;0,272;0,272;0,229;-3,25%
24.05.2016;0,246;0,252;0,254;0,244;1,23%
23.05.2016;0,243;0,252;0,254;0,244;-0,41%
22.05.2016;0,244;0,244;0,244;0,244;-1,61%
20.05.2016;0,248;0,252;0,264;0,244;-1,20%
19.05.2016;0,251;0,249;0,257;0,244;1,21%
18.05.2016;0,248;0,275;0,275;0,247;15,35%
17.05.2016;0,215;0,211;0,219;0,208;2,38%
16.05.2016;0,210;0,226;0,236;0,208;-8,22%
15.05.2016;0,229;0,231;0,231;0,226;0,35%
13.05.2016;0,228;0,254;0,257;0,229;-9,16%
12.05.2016;0,251;0,257;0,262;0,249;-1,18%
11.05.2016;0,254;0,259;0,259;0,254;1,20%
10.05.2016;0,251;0,254;0,257;0,216;17,84%
09.05.2016;0,213;0,196;0,219;0,193;7,41%
08.05.2016;0,198;0,198;0,198;0,198;1,69%
06.05.2016;0,195;0,188;0,203;0,183;3,72%
05.05.2016;0,188;0,186;0,191;0,178;6,21%
04.05.2016;0,177;0,178;0,183;0,175;22,92%
03.05.2016;0,144;0,132;0,150;0,127;35,85%
02.05.2016;0,106;0,163;0,163;0,107;-35,84%
01.05.2016;0,165;0,160;0,165;0,160;0,00%
29.04.2016;0,165;0,163;0,170;0,140;1,85%
28.04.2016;0,162;0,178;0,183;0,158;-10,00%
27.04.2016;0,180;0,213;0,213;0,181;12,50%
26.04.2016;0,160;0,167;0,175;0,155;-6,98%
25.04.2016;0,172;0,191;0,191;0,165;-6,01%
24.04.2016;0,183;0,183;0,183;0,183;-1,08%
22.04.2016;0,185;0,193;0,193;0,183;-1,60%
21.04.2016;0,188;0,188;0,196;0,183;2,73%
20.04.2016;0,183;0,183;0,186;0,181;10,91%
19.04.2016;0,165;0,170;0,181;0,160;5,10%
18.04.2016;0,157;0,198;0,198;0,155;-18,74%
17.04.2016;0,193;0,188;0,193;0,188;2,77%
15.04.2016;0,188;0,244;0,244;0,188;-10,48%
14.04.2016;0,210;0,219;0,221;0,206;0,96%
13.04.2016;0,208;0,229;0,229;0,208;-2,35%
12.04.2016;0,213;0,208;0,213;0,203;3,90%
11.04.2016;0,205;0,196;0,208;0,191;6,11%
10.04.2016;0,193;0,191;0,193;0,191;0,00%
08.04.2016;0,193;0,203;0,203;0,188;-2,53%
07.04.2016;0,198;0,191;0,203;0,188;5,32%
06.04.2016;0,188;0,188;0,193;0,188;-2,59%
05.04.2016;0,193;0,178;0,193;0,178;9,04%
04.04.2016;0,177;0,206;0,213;0,160;-17,10%
03.04.2016;0,213;0,201;0,213;0,201;2,64%
01.04.2016;0,208;0,178;0,231;0,155;20,93%
31.03.2016;0,172;0,132;0,181;0,091;23,74%
30.03.2016;0,139;0,198;0,198;0,140;1,46%
29.03.2016;0,137;0,186;0,201;0,117;-33,17%
28.03.2016;0,205;0,249;0,249;0,178;-15,98%
27.03.2016;0,244;0,244;0,244;0,244;-0,81%
24.03.2016;0,246;0,277;0,310;0,244;-11,83%
23.03.2016;0,279;0,315;0,315;0,275;11,16%
22.03.2016;0,251;0,257;0,300;0,252;-1,18%
21.03.2016;0,254;0,282;0,282;0,247;-7,47%
20.03.2016;0,275;0,275;0,275;0,275;-1,61%
18.03.2016;0,279;0,287;0,315;0,272;-2,45%
17.03.2016;0,286;0,315;0,315;0,267;2,51%
16.03.2016;0,279;0,290;0,336;0,280;8,98%
15.03.2016;0,256;0,300;0,300;0,257;-4,83%
14.03.2016;0,269;0,272;0,300;0,262;-2,00%
13.03.2016;0,275;0,275;0,275;0,275;2,04%
11.03.2016;0,269;0,267;0,277;0,262;0,00%
10.03.2016;0,269;0,275;0,305;0,267;-0,74%
09.03.2016;0,271;0,277;0,285;0,272;6,69%
08.03.2016;0,254;0,267;0,290;0,254;-3,79%
07.03.2016;0,264;0,254;0,267;0,254;3,86%
06.03.2016;0,254;0,254;0,254;0,254;1,27%
04.03.2016;0,251;0,252;0,259;0,242;3,29%
03.03.2016;0,243;0,275;0,331;0,244;-17,35%
02.03.2016;0,294;0,295;0,325;0,290;23,01%
01.03.2016;0,239;0,226;0,252;0,226;2,14%
29.02.2016;0,234;0,257;0,259;0,221;-7,03%
28.02.2016;0,252;0,249;0,252;0,249;0,00%
26.02.2016;0,252;0,264;0,272;0,247;-5,62%
25.02.2016;0,267;0,290;0,300;0,267;-5,32%
24.02.2016;0,282;0,287;0,399;0,280;9,73%
23.02.2016;0,257;0,275;0,300;0,254;-6,55%
22.02.2016;0,275;0,262;0,275;0,259;6,05%
21.02.2016;0,259;0,259;0,259;0,259;-1,03%
19.02.2016;0,262;0,277;0,280;0,259;-6,43%
18.02.2016;0,280;0,285;0,285;0,277;0,00%
17.02.2016;0,280;0,216;0,252;0,216;27,85%
16.02.2016;0,219;0,257;0,269;0,211;-13,85%
15.02.2016;0,254;0,257;0,257;0,254;-1,01%
14.02.2016;0,257;0,257;0,257;0,257;0,00%
12.02.2016;0,257;0,267;0,269;0,254;-4,46%
11.02.2016;0,269;0,315;0,315;0,257;-3,93%
10.02.2016;0,280;0,277;0,310;0,272;11,11%
09.02.2016;0,252;0,221;0,257;0,213;19,43%
08.02.2016;0,211;0,226;0,229;0,206;-4,61%
07.02.2016;0,221;0,221;0,221;0,221;-2,12%
05.02.2016;0,226;0,242;0,247;0,208;-5,44%
04.02.2016;0,239;0,269;0,282;0,236;-22,90%
03.02.2016;0,310;0,310;0,313;0,310;46,92%
02.02.2016;0,211;0,191;0,234;0,186;13,44%
01.02.2016;0,186;0,226;0,244;0,181;-18,71%
31.01.2016;0,229;0,231;0,231;0,229;2,14%
29.01.2016;0,224;0,252;0,257;0,203;-7,44%
28.01.2016;0,242;0,280;0,280;0,242;-15,09%
27.01.2016;0,285;0,295;0,297;0,275;8,78%
26.01.2016;0,262;0,247;0,267;0,247;6,07%
25.01.2016;0,247;0,252;0,262;0,247;-2,83%
24.01.2016;0,254;0,257;0,257;0,252;2,09%
22.01.2016;0,249;0,267;0,280;0,249;-5,68%
21.01.2016;0,264;0,264;0,272;0,254;16,81%
20.01.2016;0,226;0,216;0,231;0,201;9,71%
19.01.2016;0,206;0,198;0,208;0,183;6,63%
18.01.2016;0,193;0,193;0,193;0,193;1,15%
15.01.2016;0,191;0,229;0,229;0,188;-10,75%
14.01.2016;0,214;0,231;0,231;0,213;-2,28%
13.01.2016;0,219;0,224;0,226;0,219;7,88%
12.01.2016;0,203;0,195;0,205;0,193;7,98%
11.01.2016;0,188;0,213;0,213;0,183;-8,43%
10.01.2016;0,205;0,205;0,205;0,205;1,13%
08.01.2016;0,203;0,213;0,213;0,183;0,00%
07.01.2016;0,203;0,215;0,226;0,200;-5,14%
06.01.2016;0,214;0,213;0,218;0,203;1,42%
05.01.2016;0,211;0,191;0,216;0,173;15,30%
04.01.2016;0,183;0,132;0,193;0,117;41,20%
03.01.2016;0,130;0,140;0,140;0,130;-1,82%
31.12.2015;0,132;0,076;0,140;0,020;53,49%
30.12.2015;0,086;0,175;0,178;0,086;-31,20%
29.12.2015;0,125;0,140;0,140;0,107;2,46%
28.12.2015;0,122;0,147;0,160;0,119;-22,59%
27.12.2015;0,158;0,153;0,158;0,153;3,01%
24.12.2015;0,153;0,203;0,203;0,150;-21,94%
23.12.2015;0,196;0,188;0,196;0,188;35,17%
22.12.2015;0,145;0,135;0,147;0,132;14,17%
21.12.2015;0,127;0,160;0,160;0,127;-19,42%
20.12.2015;0,158;0,158;0,158;0,158;3,01%
18.12.2015;0,153;0,186;0,188;0,153;-17,74%
17.12.2015;0,186;0,203;0,208;0,165;-7,46%
16.12.2015;0,201;0,211;0,262;0,193;-3,37%
15.12.2015;0,208;0,122;0,162;0,114;74,79%
14.12.2015;0,119;0,139;0,145;0,079;-13,08%
13.12.2015;0,137;0,137;0,137;0,137;-3,59%
11.12.2015;0,142;0,180;0,221;0,137;-21,11%
10.12.2015;0,180;0,198;0,200;0,172;-6,74%
09.12.2015;0,193;0,226;0,228;0,190;-10,65%
08.12.2015;0,216;0,208;0,226;0,198;4,85%
07.12.2015;0,206;0,170;0,206;0,170;19,21%
06.12.2015;0,173;0,175;0,175;0,173;-1,26%
04.12.2015;0,175;0,175;0,175;0,175;-4,37%
03.12.2015;0,183;0,183;0,183;0,183;-5,18%
02.12.2015;0,193;0,193;0,193;0,193;94,95%
01.12.2015;0,099;0,104;0,122;0,091;-4,81%
30.11.2015;0,104;0,132;0,135;0,102;-44,71%
29.11.2015;0,188;0,132;0,188;0,132;42,50%
27.11.2015;0,132;0,140;0,150;0,119;-8,90%
26.11.2015;0,145;0,145;0,145;0,145;3,50%
25.11.2015;0,140;0,132;0,145;0,122;66,67%
24.11.2015;0,084;0,061;0,091;0,053;50,00%
23.11.2015;0,056;0,056;0,058;0,043;10,24%
22.11.2015;0,051;0,051;0,051;0,051;-4,15%
20.11.2015;0,053;0,061;0,061;0,046;-8,62%
19.11.2015;0,058;0,071;0,074;0,056;-21,62%
18.11.2015;0,074;0,071;0,081;0,071;54,17%
17.11.2015;0,048;0,030;0,051;0,030;33,33%
16.11.2015;0,036;0,030;0,036;0,018;29,03%
15.11.2015;0,028;0,033;0,033;0,028;0,00%
13.11.2015;0,028;0,081;0,084;0,028;-64,56%
12.11.2015;0,079;0,086;0,086;0,076;-2,59%
11.11.2015;0,081;0,081;0,081;0,081;39,83%
10.11.2015;0,058;0,051;0,069;0,046;20,83%
09.11.2015;0,048;0,043;0,056;0,036;25,98%
08.11.2015;0,038;0,041;0,041;0,038;0,00%
06.11.2015;0,038;0,043;0,058;0,036;-17,39%
05.11.2015;0,046;0,074;0,076;0,041;-35,21%
04.11.2015;0,071;0,069;0,074;0,069;222,73%
03.11.2015;0,022;0,010;0,031;0,000;120,00%
02.11.2015;0,010;0,010;0,015;0,005;0,00%
01.11.2015;0,010;0,010;0,010;0,010;27,50%
30.10.2015;0,008;0,025;0,025;0,008;-65,22%
29.10.2015;0,023;0,038;0,038;0,005;27,78%
28.10.2015;0,018;0,015;0,025;0,015;260,00%
27.10.2015;0,005;0,018;0,020;0,002;-72,22%
26.10.2015;0,018;0,013;0,031;0,010;17,65%
25.10.2015;0,015;0,023;0,023;0,015;0,00%
23.10.2015;0,015;0,015;0,025;0,013;-16,67%
22.10.2015;0,018;0,015;0,043;0,010;-77,22%
21.10.2015;0,079;0,076;0,081;0,076;-27,52%
20.10.2015;0,109;0,071;0,137;0,066;65,15%
19.10.2015;0,066;0,033;0,177;0,030;85,92%
18.10.2015;0,036;0,046;0,046;0,036;0,00%
16.10.2015;0,036;0,008;0,048;0,005;350,00%
15.10.2015;0,008;-0,002;0,013;-0,002;-200,00%
14.10.2015;-0,008;0,002;0,005;-0,008;-260,00%
13.10.2015;0,005;0,008;0,010;0,000;0,00%
12.10.2015;0,005;0,005;0,005;0,005;0,00%
09.10.2015;0,005;0,002;0,008;0,000;0,00%
08.10.2015;0,000;-0,002;0,005;-0,008;-100,00%
07.10.2015;-0,003;0,000;0,000;-0,008;-85,00%
06.10.2015;-0,020;-0,015;-0,008;-0,036;0,00%
05.10.2015;-0,020;-0,023;-0,010;-0,025;31,58%
04.10.2015;-0,015;-0,015;-0,015;-0,015;-25,12%
03.10.2015;-0,020;-0,020;-0,020;-0,020;-11,74%
02.10.2015;-0,023;-0,015;-0,010;-0,025;53,33%
01.10.2015;-0,015;-0,013;-0,005;-0,015;50,00%
30.09.2015;-0,010;-0,013;-0,005;-0,015;-56,52%
29.09.2015;-0,023;-0,020;-0,002;-0,023;15,00%
28.09.2015;-0,020;-0,020;-0,010;-0,023;12,36%
27.09.2015;-0,018;-0,023;-0,018;-0,023;0,00%
25.09.2015;-0,018;-0,025;-0,013;-0,031;-28,00%
24.09.2015;-0,025;-0,023;-0,015;-0,025;38,89%
23.09.2015;-0,018;-0,020;-0,015;-0,020;38,46%
22.09.2015;-0,013;-0,010;-0,008;-0,020;0,00%
21.09.2015;-0,013;-0,010;-0,008;-0,018;28,71%
20.09.2015;-0,010;-0,010;-0,010;-0,010;-32,67%
18.09.2015;-0,015;-0,010;-0,008;-0,028;15,38%
17.09.2015;-0,013;0,002;0,008;-0,023;-262,50%
16.09.2015;0,008;0,010;0,020;0,008;-38,46%
15.09.2015;0,013;0,015;0,020;0,008;-27,78%
14.09.2015;0,018;0,033;0,038;0,015;-40,98%
13.09.2015;0,031;0,033;0,033;0,031;0,00%
11.09.2015;0,031;0,020;0,033;0,020;55,00%
10.09.2015;0,020;0,023;0,025;0,013;-35,48%
09.09.2015;0,031;0,013;0,038;0,010;138,46%
08.09.2015;0,013;0,013;0,020;0,008;27,45%
07.09.2015;0,010;0,010;0,010;0,010;-21,54%
04.09.2015;0,013;0,010;0,015;0,008;30,00%
03.09.2015;0,010;0,010;0,015;0,008;0,00%
02.09.2015;0,010;0,010;0,010;0,010;0,00%
01.09.2015;0,010;0,005;0,010;-0,002;233,33%
31.08.2015;0,003;0,028;0,028;0,000;-70,59%
30.08.2015;0,010;0,010;0,010;0,005;27,50%
28.08.2015;0,008;0,010;0,015;0,008;-20,00%
27.08.2015;0,010;0,033;0,038;0,008;-78,26%
26.08.2015;0,046;0,046;0,051;0,046;84,00%
25.08.2015;0,025;0,025;0,038;0,020;25,00%
24.08.2015;0,020;0,018;0,023;0,010;57,48%
23.08.2015;0,013;0,010;0,013;0,010;27,00%
21.08.2015;0,010;0,036;0,036;0,010;25,00%
20.08.2015;0,008;0,043;0,043;0,005;-80,49%
19.08.2015;0,041;0,043;0,043;0,043;127,78%
18.08.2015;0,018;0,025;0,028;0,010;-10,00%
17.08.2015;0,020;0,023;0,038;0,015;-21,26%
16.08.2015;0,025;0,033;0,033;0,025;-18,06%
14.08.2015;0,031;0,048;0,051;0,028;-39,22%
13.08.2015;0,051;0,064;0,064;0,048;-16,39%
12.08.2015;0,061;0,051;0,061;0,051;60,53%
11.08.2015;0,038;0,018;0,041;0,018;90,00%
10.08.2015;0,020;0,036;0,038;0,015;-34,43%
09.08.2015;0,031;0,031;0,031;0,031;0,00%
07.08.2015;0,031;0,041;0,048;0,028;-13,89%
06.08.2015;0,036;0,056;0,058;0,031;-29,41%
05.08.2015;0,051;0,053;0,053;0,048;24,39%
04.08.2015;0,041;0,028;0,041;0,028;64,00%
03.08.2015;0,025;0,046;0,046;0,018;-19,35%
31.07.2015;0,031;0,061;0,061;0,025;-35,42%
30.07.2015;0,048;0,056;0,058;0,046;-5,88%
29.07.2015;0,051;0,066;0,066;0,051;24,39%
28.07.2015;0,041;0,043;0,048;0,038;0,00%
27.07.2015;0,041;0,038;0,041;0,033;24,24%
26.07.2015;0,033;0,038;0,038;0,033;0,00%
24.07.2015;0,033;0,038;0,046;0,030;-13,16%
23.07.2015;0,038;0,041;0,046;0,036;5,56%
22.07.2015;0,036;0,038;0,041;0,036;44,00%
21.07.2015;0,025;0,030;0,033;0,023;8,70%
20.07.2015;0,023;0,041;0,041;0,018;13,30%
19.07.2015;0,020;0,020;0,020;0,020;0,00%
18.07.2015;0,020;0,020;0,020;0,020;0,00%
17.07.2015;0,020;0,033;0,033;0,018;-13,04%
16.07.2015;0,023;0,025;0,033;0,020;-8,00%
15.07.2015;0,025;0,020;0,033;0,020;92,31%
14.07.2015;0,013;0,020;0,020;0,013;0,00%
13.07.2015;0,013;0,018;0,023;0,013;-14,47%
12.07.2015;0,015;0,015;0,015;0,015;0,00%
10.07.2015;0,015;0,023;0,023;0,015;0,00%
09.07.2015;0,015;0,018;0,023;0,013;0,00%
08.07.2015;0,015;0,025;0,025;0,015;50,00%
07.07.2015;0,010;0,010;0,023;0,005;25,00%
06.07.2015;0,008;0,028;0,028;0,005;-20,79%
05.07.2015;0,010;0,010;0,010;0,010;26,25%
02.07.2015;0,008;0,015;0,033;0,005;-20,00%
01.07.2015;0,010;0,025;0,025;0,010;-433,33%
30.06.2015;-0,003;-0,010;0,005;-0,013;-40,00%
29.06.2015;-0,005;0,015;0,015;-0,015;4.900,00%
28.06.2015;-0,000;0,002;0,002;-0,002;-96,67%
26.06.2015;-0,003;0,000;0,002;-0,013;-62,50%
25.06.2015;-0,008;-0,002;0,005;-0,015;-260,00%
24.06.2015;0,005;0,030;0,030;0,000;-138,46%
23.06.2015;-0,013;-0,005;-0,002;-0,013;0,00%
22.06.2015;-0,013;0,002;0,005;-0,015;-354,90%
21.06.2015;0,005;0,005;0,005;0,002;70,00%
19.06.2015;0,003;0,002;0,005;-0,002;-200,00%
18.06.2015;-0,003;0,005;0,005;-0,002;-160,00%
17.06.2015;0,005;0,002;0,005;0,000;0,00%
16.06.2015;0,005;0,008;0,008;0,005;-37,50%
15.06.2015;0,008;0,002;0,010;0,002;56,86%
14.06.2015;0,005;0,005;0,005;0,005;0,00%
12.06.2015;0,005;0,008;0,010;0,005;0,00%
11.06.2015;0,005;0,008;0,008;0,002;0,00%
10.06.2015;0,005;0,010;0,015;0,005;-61,54%
09.06.2015;0,013;0,020;0,020;0,010;-13,33%
08.06.2015;0,015;0,018;0,020;0,015;0,00%
07.06.2015;0,015;0,015;0,015;0,015;0,00%
05.06.2015;0,015;0,018;0,020;0,015;0,00%
04.06.2015;0,015;0,013;0,018;0,013;0,00%
03.06.2015;0,015;0,020;0,020;0,015;50,00%
02.06.2015;0,010;0,005;0,023;0,005;233,33%
01.06.2015;0,003;0,018;0,018;0,002;-41,18%
31.05.2015;0,005;0,005;0,005;0,005;-32,89%
30.05.2015;0,008;0,008;0,008;0,008;0,00%
29.05.2015;0,008;0,018;0,018;0,008;-38,46%
28.05.2015;0,013;0,013;0,015;0,010;30,00%
27.05.2015;0,010;0,015;0,015;0,010;-23,08%
26.05.2015;0,013;0,013;0,015;0,010;28,71%
25.05.2015;0,010;0,013;0,013;0,010;-22,31%
22.05.2015;0,013;0,030;0,030;0,013;-35,00%
21.05.2015;0,020;0,020;0,023;0,018;0,00%
20.05.2015;0,020;0,020;0,023;0,015;100,00%
19.05.2015;0,010;0,015;0,015;0,008;0,00%
18.05.2015;0,010;0,013;0,015;0,008;-34,21%
17.05.2015;0,015;0,010;0,015;0,010;52,00%
15.05.2015;0,010;0,015;0,015;0,008;-23,08%
14.05.2015;0,013;0,018;0,018;0,010;30,00%
13.05.2015;0,010;0,013;0,025;0,010;25,00%
12.05.2015;0,008;0,013;0,013;0,002;60,00%
11.05.2015;0,005;0,008;0,015;0,005;-50,50%
10.05.2015;0,010;0,010;0,010;0,010;0,00%
08.05.2015;0,010;0,013;0,013;0,008;25,00%
07.05.2015;0,008;0,023;0,023;0,008;-55,56%
06.05.2015;0,018;0,005;0,025;0,005;80,00%
05.05.2015;0,010;0,005;0,015;0,005;100,00%
04.05.2015;0,005;0,030;0,030;0,003;-34,21%
03.05.2015;0,008;0,008;0,008;0,008;153,33%
01.05.2015;0,003;-0,013;0,008;-0,018;-200,00%
30.04.2015;-0,003;-0,013;0,000;-0,028;-70,00%
29.04.2015;-0,010;0,000;0,020;0,000;-433,33%
28.04.2015;0,003;0,010;0,013;0,000;-62,50%
27.04.2015;0,008;0,013;0,013;0,008;-20,79%
26.04.2015;0,010;0,010;0,010;0,010;0,00%
24.04.2015;0,010;0,018;0,020;0,008;25,00%
23.04.2015;0,008;0,018;0,018;0,008;-55,56%
22.04.2015;0,018;0,036;0,036;0,018;38,46%
21.04.2015;0,013;0,020;0,020;0,010;-13,33%
20.04.2015;0,015;0,023;0,028;0,015;-26,11%
19.04.2015;0,020;0,025;0,025;0,020;0,00%
17.04.2015;0,020;0,028;0,033;0,020;-28,57%
16.04.2015;0,028;0,028;0,033;0,018;21,74%
15.04.2015;0,023;0,020;0,046;0,018;-8,00%
14.04.2015;0,025;0,020;0,025;0,013;66,67%
13.04.2015;0,015;0,018;0,018;0,015;-26,11%
12.04.2015;0,020;0,015;0,020;0,015;35,33%