Fecha;Último;Apertura;Máximo;Mínimo;Vol.;% var.
09.04.2021;3.450,68;3.475,44;3.475,45;3.442,14;28,01B;-0,92%
08.04.2021;3.482,55;3.467,49;3.495,91;3.459,32;33,18B;0,08%
07.04.2021;3.479,63;3.483,42;3.483,42;3.453,19;29,58B;-0,10%
06.04.2021;3.482,97;3.491,63;3.493,28;3.471,76;23,47B;-0,04%
02.04.2021;3.484,39;3.472,63;3.487,59;3.462,83;26,27B;0,52%
01.04.2021;3.466,33;3.444,81;3.470,03;3.438,83;27,52B;0,71%
31.03.2021;3.441,91;3.452,21;3.452,21;3.420,83;28,30B;-0,43%
30.03.2021;3.456,68;3.432,53;3.457,63;3.423,32;28,54B;0,62%
29.03.2021;3.435,30;3.429,63;3.449,83;3.409,89;28,48B;0,50%
26.03.2021;3.418,33;3.373,32;3.423,22;3.373,32;27,46B;1,63%
25.03.2021;3.363,59;3.355,07;3.382,23;3.344,97;27,07B;-0,10%
24.03.2021;3.367,06;3.394,13;3.415,29;3.362,18;31,74B;-1,30%
23.03.2021;3.411,51;3.445,34;3.445,42;3.390,05;32,64B;-0,93%
22.03.2021;3.443,44;3.406,12;3.443,66;3.404,23;31,26B;1,14%
19.03.2021;3.404,66;3.423,87;3.439,52;3.389,29;30,92B;-1,69%
18.03.2021;3.463,07;3.449,64;3.478,14;3.449,38;28,44B;0,51%
17.03.2021;3.445,55;3.435,73;3.454,06;3.410,28;28,01B;-0,03%
16.03.2021;3.446,73;3.424,65;3.448,88;3.406,17;31,67B;0,78%
15.03.2021;3.419,95;3.441,88;3.457,49;3.392,51;36,78B;-0,96%
12.03.2021;3.453,08;3.447,20;3.454,51;3.417,24;35,80B;0,47%
11.03.2021;3.436,83;3.369,90;3.436,83;3.369,90;32,21B;2,36%
10.03.2021;3.357,74;3.389,84;3.397,03;3.354,82;29,97B;-0,05%
09.03.2021;3.359,29;3.415,34;3.429,15;3.328,31;40,77B;-1,82%
08.03.2021;3.421,41;3.524,98;3.542,30;3.421,22;38,70B;-2,30%
05.03.2021;3.501,99;3.463,31;3.523,57;3.456,67;35,64B;-0,04%
04.03.2021;3.503,49;3.546,64;3.552,20;3.487,38;39,36B;-2,05%
03.03.2021;3.576,90;3.500,16;3.577,62;3.498,72;34,77B;1,95%
02.03.2021;3.508,59;3.566,85;3.566,85;3.485,36;33,98B;-1,21%
01.03.2021;3.551,40;3.531,48;3.552,57;3.511,99;31,55B;1,21%
26.02.2021;3.509,08;3.514,56;3.550,41;3.500,70;33,33B;-2,12%
25.02.2021;3.585,05;3.595,54;3.608,56;3.568,47;36,62B;0,59%
24.02.2021;3.564,08;3.638,94;3.645,65;3.531,59;36,22B;-1,99%
23.02.2021;3.636,36;3.617,70;3.672,15;3.617,70;39,89B;-0,17%
22.02.2021;3.642,44;3.707,19;3.717,27;3.642,44;48,88B;-1,45%
19.02.2021;3.696,17;3.661,78;3.699,65;3.634,01;36,11B;0,57%
18.02.2021;3.675,36;3.721,09;3.731,69;3.663,66;34,03B;0,55%
10.02.2021;3.655,09;3.612,61;3.662,77;3.612,50;25,79B;1,43%
09.02.2021;3.603,49;3.539,77;3.604,01;3.528,68;25,38B;2,01%
08.02.2021;3.532,45;3.504,56;3.542,21;3.492,13;24,98B;1,03%
05.02.2021;3.496,33;3.509,49;3.536,54;3.492,96;29,01B;-0,16%
04.02.2021;3.501,86;3.503,78;3.524,72;3.465,77;29,88B;-0,44%
03.02.2021;3.517,31;3.531,15;3.544,01;3.508,51;29,74B;-0,46%
02.02.2021;3.533,68;3.510,81;3.535,50;3.495,57;26,45B;0,81%
01.02.2021;3.505,28;3.477,17;3.506,39;3.469,88;27,76B;0,64%
29.01.2021;3.483,07;3.521,72;3.531,60;3.446,55;29,37B;-0,63%
28.01.2021;3.505,18;3.534,67;3.549,54;3.496,88;27,09B;-1,91%
27.01.2021;3.573,34;3.567,55;3.578,80;3.546,49;26,41B;0,11%
26.01.2021;3.569,43;3.610,97;3.610,97;3.564,74;27,81B;-1,51%
25.01.2021;3.624,24;3.605,36;3.637,10;3.591,02;32,73B;0,48%
22.01.2021;3.606,75;3.616,54;3.616,54;3.585,03;32,45B;-0,40%
21.01.2021;3.621,26;3.590,92;3.636,24;3.585,80;32,75B;1,07%
20.01.2021;3.583,09;3.564,12;3.589,96;3.556,44;27,23B;0,47%
19.01.2021;3.566,38;3.596,36;3.603,15;3.553,02;32,34B;-0,83%
18.01.2021;3.596,22;3.554,80;3.608,77;3.544,26;30,17B;0,84%
15.01.2021;3.566,38;3.566,28;3.589,27;3.533,79;32,46B;0,01%
14.01.2021;3.565,90;3.584,93;3.599,06;3.559,60;34,77B;-0,91%
13.01.2021;3.598,65;3.613,28;3.622,35;3.575,59;38,81B;-0,27%
12.01.2021;3.608,34;3.518,01;3.608,34;3.517,47;32,34B;2,18%
11.01.2021;3.531,50;3.571,32;3.597,70;3.516,99;36,25B;-1,08%
08.01.2021;3.570,11;3.577,69;3.588,06;3.544,89;34,56B;-0,17%
07.01.2021;3.576,20;3.552,91;3.576,20;3.526,62;40,53B;0,71%
06.01.2021;3.550,88;3.530,91;3.556,80;3.513,13;37,02B;0,63%
05.01.2021;3.528,68;3.492,19;3.528,68;3.484,72;40,80B;0,73%
04.01.2021;3.502,96;3.474,68;3.511,66;3.457,21;38,08B;0,86%
31.12.2020;3.473,07;3.419,73;3.474,92;3.419,73;33,57B;1,72%
30.12.2020;3.414,45;3.375,01;3.414,45;3.374,42;29,10B;1,05%
29.12.2020;3.379,04;3.399,29;3.407,09;3.376,09;31,18B;-0,54%
28.12.2020;3.397,29;3.396,36;3.412,52;3.383,65;31,62B;0,02%
25.12.2020;3.396,56;3.351,79;3.397,01;3.348,35;29,45B;0,99%
24.12.2020;3.363,11;3.382,19;3.394,07;3.354,02;27,50B;-0,57%
23.12.2020;3.382,32;3.362,47;3.394,21;3.360,20;29,95B;0,76%
22.12.2020;3.356,78;3.410,97;3.415,75;3.353,86;32,30B;-1,86%
21.12.2020;3.420,57;3.394,39;3.423,61;3.381,12;28,38B;0,76%
18.12.2020;3.394,90;3.400,49;3.413,81;3.382,75;28,10B;-0,29%
17.12.2020;3.404,87;3.367,28;3.406,15;3.354,01;27,55B;1,13%
16.12.2020;3.366,98;3.371,26;3.378,66;3.359,17;22,08B;-0,01%
15.12.2020;3.367,23;3.366,58;3.373,56;3.348,42;22,57B;-0,06%
14.12.2020;3.369,12;3.349,53;3.371,13;3.338,63;23,98B;0,66%
11.12.2020;3.347,19;3.381,01;3.383,18;3.325,17;29,86B;-0,77%
10.12.2020;3.373,28;3.365,73;3.384,89;3.357,75;24,73B;0,04%
09.12.2020;3.371,96;3.416,08;3.422,54;3.371,92;26,07B;-1,12%
08.12.2020;3.410,18;3.417,69;3.428,66;3.403,03;22,69B;-0,19%
07.12.2020;3.416,60;3.446,65;3.449,58;3.414,31;25,45B;-0,81%
04.12.2020;3.444,58;3.436,73;3.448,40;3.417,05;25,63B;0,07%
03.12.2020;3.442,14;3.448,54;3.452,16;3.428,80;29,85B;-0,21%
02.12.2020;3.449,38;3.453,52;3.465,73;3.435,87;31,28B;-0,07%
01.12.2020;3.451,94;3.388,99;3.457,64;3.386,91;31,62B;1,77%
30.11.2020;3.391,76;3.418,16;3.456,74;3.391,76;38,50B;-0,49%
27.11.2020;3.408,31;3.373,84;3.408,31;3.364,49;28,06B;1,14%
26.11.2020;3.369,73;3.360,06;3.371,45;3.344,28;25,59B;0,22%
25.11.2020;3.362,33;3.417,51;3.423,49;3.362,33;32,21B;-1,19%
24.11.2020;3.402,82;3.407,41;3.413,93;3.396,24;30,10B;-0,34%
23.11.2020;3.414,49;3.384,10;3.431,65;3.377,99;37,39B;1,09%
20.11.2020;3.377,73;3.359,60;3.380,15;3.356,31;26,13B;0,44%
19.11.2020;3.363,09;3.339,09;3.367,33;3.330,45;25,33B;0,47%
18.11.2020;3.347,30;3.337,33;3.358,89;3.333,99;28,75B;0,22%
17.11.2020;3.339,90;3.347,15;3.347,70;3.323,95;28,36B;-0,21%
16.11.2020;3.346,97;3.325,62;3.346,97;3.313,65;27,96B;1,11%
13.11.2020;3.310,10;3.327,23;3.327,23;3.291,64;22,79B;-0,86%
12.11.2020;3.338,68;3.344,46;3.350,28;3.329,49;21,65B;-0,11%
11.11.2020;3.342,20;3.354,02;3.365,84;3.339,04;27,12B;-0,53%
10.11.2020;3.360,15;3.387,62;3.387,62;3.346,17;27,87B;-0,40%
09.11.2020;3.373,73;3.329,43;3.380,82;3.329,43;31,02B;1,86%
06.11.2020;3.312,16;3.326,46;3.326,46;3.292,15;23,49B;-0,24%
05.11.2020;3.320,13;3.305,58;3.320,41;3.291,60;22,68B;1,30%
04.11.2020;3.277,44;3.273,43;3.286,62;3.254,11;18,85B;0,19%
03.11.2020;3.271,07;3.239,81;3.278,38;3.237,85;21,53B;1,42%
02.11.2020;3.225,12;3.228,72;3.242,80;3.209,91;22,68B;0,02%
30.10.2020;3.224,53;3.278,63;3.279,86;3.219,42;23,02B;-1,47%
29.10.2020;3.272,73;3.235,76;3.289,77;3.231,12;18,47B;0,11%
28.10.2020;3.269,24;3.256,22;3.275,87;3.238,38;17,32B;0,46%
27.10.2020;3.254,32;3.240,74;3.258,34;3.235,54;14,91B;0,10%
26.10.2020;3.251,12;3.258,70;3.264,45;3.226,60;16,77B;-0,82%
23.10.2020;3.278,00;3.308,16;3.326,05;3.276,62;17,42B;-1,04%
22.10.2020;3.312,50;3.315,82;3.320,88;3.281,37;16,60B;-0,38%
21.10.2020;3.325,02;3.332,15;3.332,15;3.304,17;17,76B;-0,09%
20.10.2020;3.328,10;3.307,15;3.328,10;3.293,77;16,51B;0,47%
19.10.2020;3.312,67;3.351,10;3.371,09;3.307,84;21,23B;-0,71%
16.10.2020;3.336,36;3.334,46;3.348,95;3.319,11;19,43B;0,13%
15.10.2020;3.332,18;3.342,92;3.354,58;3.330,00;19,10B;-0,26%
14.10.2020;3.340,78;3.353,62;3.353,62;3.332,96;19,87B;-0,56%
13.10.2020;3.359,75;3.353,12;3.361,83;3.334,50;20,49B;0,04%
12.10.2020;3.358,47;3.287,33;3.359,15;3.286,11;25,96B;2,64%
09.10.2020;3.272,08;3.262,61;3.280,51;3.260,19;18,83B;1,68%
30.09.2020;3.218,05;3.232,71;3.244,91;3.202,34;15,35B;-0,20%
29.09.2020;3.224,36;3.231,85;3.242,79;3.219,79;15,13B;0,21%
28.09.2020;3.217,53;3.224,98;3.238,18;3.210,89;15,60B;-0,06%
25.09.2020;3.219,42;3.234,37;3.239,47;3.208,03;16,48B;-0,12%
24.09.2020;3.223,18;3.262,88;3.265,35;3.221,24;20,67B;-1,72%
23.09.2020;3.279,71;3.278,84;3.289,76;3.264,89;16,92B;0,17%
22.09.2020;3.274,30;3.290,67;3.320,23;3.265,70;21,40B;-1,29%
21.09.2020;3.316,94;3.348,90;3.350,59;3.313,07;21,65B;-0,63%
18.09.2020;3.338,09;3.270,91;3.338,32;3.268,53;25,63B;2,07%
17.09.2020;3.270,44;3.277,32;3.290,41;3.248,50;20,29B;-0,41%
16.09.2020;3.283,92;3.293,17;3.302,46;3.271,07;20,04B;-0,36%
15.09.2020;3.295,68;3.277,13;3.297,69;3.263,75;19,77B;0,51%
14.09.2020;3.278,81;3.275,92;3.283,53;3.261,15;21,39B;0,57%
11.09.2020;3.260,35;3.225,78;3.262,50;3.220,54;22,17B;0,79%
10.09.2020;3.234,82;3.282,23;3.285,47;3.227,64;31,25B;-0,61%
09.09.2020;3.254,63;3.281,00;3.289,61;3.238,56;35,15B;-1,86%
08.09.2020;3.316,42;3.301,22;3.324,39;3.276,44;27,11B;0,72%
07.09.2020;3.292,59;3.349,92;3.368,24;3.285,63;26,06B;-1,87%
04.09.2020;3.355,37;3.336,41;3.360,11;3.328,55;22,16B;-0,87%
03.09.2020;3.384,98;3.404,03;3.425,63;3.374,26;25,53B;-0,58%
02.09.2020;3.404,80;3.420,47;3.421,40;3.377,21;26,15B;-0,17%
01.09.2020;3.410,61;3.389,74;3.410,61;3.381,71;24,70B;0,44%
31.08.2020;3.395,68;3.416,55;3.442,74;3.395,47;32,35B;-0,24%
28.08.2020;3.403,81;3.346,29;3.405,88;3.339,65;27,13B;1,60%
27.08.2020;3.350,11;3.333,49;3.351,83;3.312,99;23,71B;0,61%
26.08.2020;3.329,74;3.371,81;3.382,60;3.320,14;29,45B;-1,30%
25.08.2020;3.373,58;3.392,88;3.408,87;3.364,16;27,71B;-0,36%
24.08.2020;3.385,64;3.391,11;3.396,57;3.368,03;26,62B;0,15%
21.08.2020;3.380,68;3.380,23;3.393,92;3.358,00;28,75B;0,50%
20.08.2020;3.363,90;3.385,96;3.394,56;3.352,78;33,56B;-1,30%
19.08.2020;3.408,13;3.444,56;3.454,46;3.406,16;40,57B;-1,24%
18.08.2020;3.451,09;3.441,93;3.456,72;3.432,64;38,07B;0,36%
17.08.2020;3.438,80;3.373,90;3.450,90;3.369,37;43,46B;2,34%
14.08.2020;3.360,10;3.315,67;3.362,03;3.302,74;30,60B;1,19%
13.08.2020;3.320,73;3.328,18;3.338,15;3.309,46;32,43B;0,04%
12.08.2020;3.319,27;3.327,49;3.335,73;3.263,27;37,83B;-0,63%
11.08.2020;3.340,29;3.379,49;3.409,06;3.336,09;40,05B;-1,15%
10.08.2020;3.379,25;3.341,53;3.399,93;3.335,04;38,14B;0,75%
07.08.2020;3.354,04;3.370,59;3.374,13;3.307,71;40,39B;-0,96%
06.08.2020;3.386,46;3.380,76;3.392,70;3.334,33;41,53B;0,26%
05.08.2020;3.377,56;3.363,33;3.383,64;3.333,88;38,58B;0,17%
04.08.2020;3.371,69;3.376,44;3.391,07;3.352,50;44,23B;0,11%
03.08.2020;3.367,97;3.332,18;3.368,10;3.327,68;40,75B;1,75%
31.07.2020;3.310,01;3.280,80;3.333,79;3.261,61;35,38B;0,71%
30.07.2020;3.286,82;3.299,57;3.312,45;3.282,16;34,07B;-0,23%
29.07.2020;3.294,55;3.221,99;3.294,55;3.209,99;32,49B;2,06%
28.07.2020;3.227,96;3.226,13;3.245,30;3.208,49;28,94B;0,71%
27.07.2020;3.205,23;3.210,39;3.221,98;3.174,66;29,93B;0,26%
24.07.2020;3.196,77;3.310,65;3.319,13;3.184,96;42,71B;-3,86%
23.07.2020;3.325,11;3.306,15;3.336,30;3.257,83;40,70B;-0,24%
22.07.2020;3.333,16;3.315,18;3.381,98;3.311,79;39,33B;0,37%
21.07.2020;3.320,89;3.330,55;3.336,68;3.300,57;35,93B;0,20%
20.07.2020;3.314,15;3.243,91;3.314,15;3.220,68;41,86B;3,11%
17.07.2020;3.214,13;3.214,40;3.252,78;3.181,27;35,97B;0,13%
16.07.2020;3.210,10;3.356,36;3.373,53;3.209,73;49,06B;-4,50%
15.07.2020;3.361,30;3.422,08;3.432,45;3.345,75;49,20B;-1,56%
14.07.2020;3.414,62;3.435,02;3.451,22;3.366,08;54,32B;-0,83%
13.07.2020;3.443,29;3.379,39;3.458,79;3.369,04;55,80B;1,77%
10.07.2020;3.383,32;3.418,93;3.433,11;3.372,51;55,61B;-1,95%
09.07.2020;3.450,59;3.403,48;3.456,97;3.393,64;62,00B;1,39%
08.07.2020;3.403,44;3.337,55;3.421,53;3.327,71;58,71B;1,74%
07.07.2020;3.345,34;3.380,95;3.407,08;3.336,24;65,78B;0,37%
06.07.2020;3.332,88;3.187,84;3.337,27;3.187,84;64,39B;5,71%
03.07.2020;3.152,81;3.104,00;3.152,81;3.104,00;45,88B;2,01%
02.07.2020;3.090,57;3.023,72;3.092,44;3.021,67;39,11B;2,13%
01.07.2020;3.025,98;2.991,18;3.026,19;2.984,98;27,33B;1,38%
30.06.2020;2.984,67;2.965,11;2.990,83;2.965,11;21,50B;0,78%
29.06.2020;2.961,52;2.973,08;2.977,91;2.951,77;22,06B;-0,61%
24.06.2020;2.979,55;2.972,98;2.982,94;2.971,22;21,32B;0,30%
23.06.2020;2.970,62;2.960,89;2.972,40;2.949,85;22,52B;0,18%
22.06.2020;2.965,27;2.966,90;2.983,44;2.959,03;26,79B;-0,08%
19.06.2020;2.967,63;2.938,79;2.973,32;2.935,82;26,43B;0,96%
18.06.2020;2.939,32;2.929,88;2.942,90;2.920,11;25,87B;0,12%
17.06.2020;2.935,87;2.932,67;2.936,62;2.919,04;23,47B;0,14%
16.06.2020;2.931,75;2.912,83;2.931,78;2.909,13;22,33B;1,44%
15.06.2020;2.890,03;2.908,28;2.922,54;2.890,03;24,32B;-1,02%
12.06.2020;2.919,74;2.876,80;2.930,25;2.872,62;23,60B;-0,04%
11.06.2020;2.920,90;2.939,79;2.952,65;2.912,19;23,37B;-0,78%
10.06.2020;2.943,75;2.951,28;2.951,33;2.934,84;20,79B;-0,42%
09.06.2020;2.956,11;2.939,54;2.957,12;2.932,94;20,90B;0,62%
08.06.2020;2.937,77;2.941,98;2.950,07;2.934,21;23,11B;0,24%
05.06.2020;2.930,80;2.923,19;2.930,80;2.909,12;21,74B;0,40%
04.06.2020;2.919,25;2.931,84;2.932,97;2.910,75;22,66B;-0,14%
03.06.2020;2.923,37;2.930,39;2.942,76;2.922,66;25,57B;0,07%
02.06.2020;2.921,40;2.916,32;2.926,36;2.909,13;25,61B;0,20%
01.06.2020;2.915,43;2.871,96;2.917,15;2.871,96;26,02B;2,21%
29.05.2020;2.852,35;2.835,58;2.855,38;2.829,63;20,68B;0,22%
28.05.2020;2.846,22;2.838,21;2.861,92;2.820,15;20,75B;0,33%
27.05.2020;2.836,80;2.847,32;2.849,00;2.831,93;19,81B;-0,34%
26.05.2020;2.846,55;2.827,90;2.848,34;2.825,90;17,46B;1,01%
25.05.2020;2.817,97;2.816,24;2.821,50;2.802,47;17,29B;0,15%
22.05.2020;2.813,77;2.863,05;2.863,05;2.808,02;20,91B;-1,89%
21.05.2020;2.867,92;2.890,72;2.891,52;2.864,21;20,35B;-0,55%
20.05.2020;2.883,74;2.896,47;2.896,47;2.876,18;21,05B;-0,51%
19.05.2020;2.898,58;2.897,69;2.900,22;2.887,58;19,72B;0,81%
18.05.2020;2.875,42;2.872,52;2.889,98;2.862,27;22,60B;0,24%
15.05.2020;2.868,46;2.880,71;2.884,22;2.863,37;18,90B;-0,07%
14.05.2020;2.870,34;2.887,06;2.887,06;2.869,18;19,78B;-0,96%
13.05.2020;2.898,05;2.882,96;2.900,26;2.875,54;18,51B;0,22%
12.05.2020;2.891,56;2.894,62;2.897,90;2.871,23;19,71B;-0,11%
11.05.2020;2.894,80;2.901,57;2.914,28;2.884,38;22,51B;-0,02%
08.05.2020;2.895,34;2.882,71;2.903,80;2.879,20;22,68B;0,83%
07.05.2020;2.871,52;2.876,47;2.882,02;2.864,58;22,67B;-0,23%
06.05.2020;2.878,14;2.831,63;2.879,26;2.830,65;24,98B;0,63%
30.04.2020;2.860,08;2.832,38;2.865,59;2.832,38;24,25B;1,33%
29.04.2020;2.822,44;2.801,38;2.831,76;2.800,74;20,21B;0,44%
28.04.2020;2.810,02;2.819,99;2.821,75;2.758,25;25,39B;-0,19%
27.04.2020;2.815,49;2.812,24;2.832,67;2.802,96;21,01B;0,25%
24.04.2020;2.808,53;2.834,94;2.834,94;2.802,50;23,52B;-1,06%
23.04.2020;2.838,50;2.850,51;2.853,64;2.835,90;24,88B;-0,19%
22.04.2020;2.843,98;2.814,07;2.843,98;2.808,48;21,73B;0,60%
21.04.2020;2.827,01;2.842,24;2.842,24;2.808,02;23,32B;-0,90%
20.04.2020;2.852,55;2.840,41;2.852,99;2.833,26;21,18B;0,50%
17.04.2020;2.838,49;2.835,56;2.854,96;2.830,02;24,57B;0,66%
16.04.2020;2.819,94;2.798,43;2.823,34;2.796,84;20,30B;0,31%
15.04.2020;2.811,17;2.826,66;2.829,75;2.808,70;20,56B;-0,57%
14.04.2020;2.827,28;2.794,80;2.827,30;2.789,43;20,27B;1,59%
13.04.2020;2.783,05;2.784,60;2.792,89;2.774,08;17,71B;-0,49%
10.04.2020;2.796,63;2.827,19;2.833,01;2.789,98;23,35B;-1,04%
09.04.2020;2.825,90;2.825,84;2.832,40;2.820,43;23,82B;0,37%
08.04.2020;2.815,37;2.805,92;2.823,21;2.800,30;24,35B;-0,19%
07.04.2020;2.820,76;2.806,97;2.823,28;2.801,84;27,02B;2,05%
03.04.2020;2.763,99;2.773,58;2.780,59;2.754,07;20,08B;-0,60%
02.04.2020;2.780,64;2.720,23;2.780,64;2.719,90;21,79B;1,69%
01.04.2020;2.734,52;2.743,54;2.773,36;2.731,08;21,73B;-0,57%
31.03.2020;2.750,30;2.767,31;2.771,17;2.743,12;21,86B;0,11%
30.03.2020;2.747,21;2.739,72;2.759,10;2.723,05;23,97B;-0,90%
27.03.2020;2.772,20;2.792,98;2.805,55;2.771,76;24,08B;0,26%
26.03.2020;2.764,91;2.761,90;2.788,50;2.753,43;23,41B;-0,60%
25.03.2020;2.781,59;2.775,30;2.788,64;2.757,80;27,31B;2,17%
24.03.2020;2.722,44;2.703,02;2.723,41;2.667,13;25,70B;2,34%
23.03.2020;2.660,17;2.677,59;2.703,33;2.656,50;24,98B;-3,11%
20.03.2020;2.745,62;2.727,02;2.751,90;2.702,49;25,20B;1,61%
19.03.2020;2.702,13;2.719,41;2.736,82;2.646,80;30,23B;-0,98%
18.03.2020;2.728,76;2.792,32;2.815,87;2.728,76;29,12B;-1,83%
17.03.2020;2.779,64;2.796,28;2.826,91;2.715,22;30,61B;-0,34%
16.03.2020;2.789,25;2.897,30;2.898,03;2.784,66;35,19B;-3,40%
13.03.2020;2.887,43;2.804,23;2.910,88;2.799,98;36,64B;-1,23%
12.03.2020;2.923,49;2.936,02;2.944,47;2.906,28;30,78B;-1,52%
11.03.2020;2.968,52;3.001,76;3.010,03;2.968,52;35,25B;-0,94%
10.03.2020;2.996,76;2.918,93;3.000,30;2.904,80;39,33B;1,82%
09.03.2020;2.943,29;2.987,18;2.989,21;2.940,71;41,46B;-3,01%
06.03.2020;3.034,51;3.039,94;3.052,44;3.029,46;36,21B;-1,21%
05.03.2020;3.071,68;3.036,15;3.074,26;3.022,93;44,54B;1,99%
04.03.2020;3.011,67;2.981,81;3.012,00;2.974,36;35,33B;0,63%
03.03.2020;2.992,90;3.006,89;3.026,84;2.976,62;41,01B;0,74%
02.03.2020;2.970,93;2.899,31;2.982,51;2.899,31;36,73B;3,15%
28.02.2020;2.880,30;2.924,64;2.948,13;2.878,54;40,12B;-3,71%
27.02.2020;2.991,33;2.992,49;3.009,46;2.980,48;35,05B;0,11%
26.02.2020;2.987,93;2.978,42;3.028,78;2.974,94;46,90B;-0,83%
25.02.2020;3.013,05;2.982,07;3.016,95;2.943,72;44,16B;-0,60%
24.02.2020;3.031,23;3.027,89;3.042,18;3.007,36;37,04B;-0,28%
21.02.2020;3.039,67;3.022,25;3.058,90;3.020,14;36,46B;0,31%
20.02.2020;3.030,15;2.981,88;3.031,37;2.968,45;34,57B;1,84%
19.02.2020;2.975,40;2.979,52;2.998,27;2.971,82;31,51B;-0,32%
18.02.2020;2.984,97;2.981,41;2.990,60;2.960,78;31,17B;0,05%
17.02.2020;2.983,62;2.924,99;2.983,64;2.924,99;31,32B;2,28%
14.02.2020;2.917,01;2.899,87;2.926,94;2.899,57;25,07B;0,38%
13.02.2020;2.906,07;2.927,14;2.935,41;2.901,24;27,48B;-0,71%
12.02.2020;2.926,90;2.895,56;2.926,90;2.892,42;24,87B;0,87%
11.02.2020;2.901,67;2.894,54;2.913,82;2.882,24;26,92B;0,39%
10.02.2020;2.890,49;2.860,50;2.891,85;2.851,05;29,49B;0,51%
07.02.2020;2.875,96;2.858,93;2.875,96;2.838,77;30,95B;0,33%
06.02.2020;2.866,51;2.826,89;2.876,59;2.807,61;31,64B;1,72%
05.02.2020;2.818,09;2.792,37;2.842,74;2.778,86;30,98B;1,25%
04.02.2020;2.783,29;2.685,27;2.786,16;2.685,27;36,40B;1,34%
03.02.2020;2.746,61;2.716,70;2.766,58;2.716,70;21,59B;-7,72%
23.01.2020;2.976,53;3.037,95;3.045,04;2.955,35;27,28B;-2,75%
22.01.2020;3.060,75;3.038,49;3.069,25;3.006,27;22,39B;0,28%
21.01.2020;3.052,14;3.085,79;3.085,79;3.051,23;23,48B;-1,41%
20.01.2020;3.095,79;3.082,11;3.096,31;3.070,48;21,05B;0,66%
17.01.2020;3.075,50;3.081,46;3.091,95;3.067,25;19,03B;0,05%
16.01.2020;3.074,08;3.095,73;3.096,37;3.070,88;20,34B;-0,52%
15.01.2020;3.090,04;3.103,17;3.107,94;3.082,04;20,23B;-0,54%
14.01.2020;3.106,82;3.120,67;3.127,17;3.105,60;23,00B;-0,28%
13.01.2020;3.115,57;3.091,49;3.115,57;3.075,38;21,06B;0,75%
10.01.2020;3.092,29;3.102,29;3.105,22;3.081,40;21,04B;-0,08%
09.01.2020;3.094,88;3.082,64;3.097,33;3.080,13;24,34B;0,91%
08.01.2020;3.066,89;3.094,24;3.094,24;3.059,13;29,79B;-1,22%
07.01.2020;3.104,80;3.085,49;3.105,45;3.084,33;27,66B;0,69%
06.01.2020;3.083,41;3.070,91;3.107,20;3.065,31;31,26B;-0,01%
03.01.2020;3.083,79;3.089,02;3.093,82;3.074,52;26,15B;-0,05%
02.01.2020;3.085,20;3.066,34;3.098,10;3.066,34;29,25B;1,15%
31.12.2019;3.050,12;3.036,39;3.051,68;3.030,51;21,74B;0,33%
30.12.2019;3.040,02;2.998,17;3.041,40;2.983,34;24,81B;1,16%
27.12.2019;3.005,04;3.006,85;3.036,11;3.003,63;24,71B;-0,08%
26.12.2019;3.007,35;2.981,25;3.007,35;2.980,40;18,24B;0,85%
25.12.2019;2.981,88;2.980,43;2.988,29;2.970,66;17,57B;-0,03%
24.12.2019;2.982,68;2.965,83;2.983,82;2.960,68;16,30B;0,67%
23.12.2019;2.962,75;2.999,04;3.009,34;2.960,43;20,57B;-1,40%
20.12.2019;3.004,94;3.019,64;3.027,48;3.002,26;21,51B;-0,40%
19.12.2019;3.017,07;3.017,15;3.021,42;3.007,99;20,86B;0,00%
18.12.2019;3.017,04;3.021,47;3.033,23;3.011,72;24,41B;-0,18%
17.12.2019;3.022,42;2.985,26;3.039,38;2.982,50;29,30B;1,27%
16.12.2019;2.984,39;2.970,97;2.984,64;2.958,71;21,19B;0,56%
13.12.2019;2.967,68;2.937,78;2.969,98;2.935,85;21,20B;1,78%
12.12.2019;2.915,70;2.926,34;2.926,34;2.913,48;15,18B;-0,30%
11.12.2019;2.924,42;2.922,60;2.928,26;2.915,00;16,55B;0,24%
10.12.2019;2.917,32;2.908,94;2.919,20;2.902,79;17,01B;0,10%
09.12.2019;2.914,48;2.914,46;2.919,59;2.905,25;16,08B;0,08%
06.12.2019;2.912,01;2.902,28;2.912,01;2.894,75;13,41B;0,43%
05.12.2019;2.899,47;2.886,52;2.902,00;2.885,08;14,32B;0,74%
04.12.2019;2.878,12;2.876,91;2.882,50;2.869,42;12,55B;-0,23%
03.12.2019;2.884,70;2.869,88;2.884,86;2.857,32;12,38B;0,31%
02.12.2019;2.875,81;2.874,45;2.888,89;2.870,24;12,88B;0,13%
29.11.2019;2.871,98;2.885,97;2.892,39;2.858,58;12,26B;-0,61%
28.11.2019;2.889,69;2.902,36;2.909,84;2.883,43;11,95B;-0,47%
27.11.2019;2.903,19;2.905,40;2.914,49;2.893,42;13,39B;-0,13%
26.11.2019;2.907,06;2.912,52;2.915,04;2.897,93;17,00B;0,03%
25.11.2019;2.906,17;2.885,61;2.906,61;2.880,65;17,86B;0,72%
22.11.2019;2.885,29;2.906,24;2.925,02;2.873,99;15,86B;-0,63%
21.11.2019;2.903,64;2.902,55;2.910,36;2.891,53;12,35B;-0,25%
20.11.2019;2.911,05;2.928,11;2.930,49;2.907,42;13,74B;-0,78%
19.11.2019;2.933,99;2.904,28;2.933,99;2.902,86;13,54B;0,85%
18.11.2019;2.909,20;2.889,55;2.911,38;2.884,09;12,44B;0,62%
15.11.2019;2.891,34;2.911,35;2.917,83;2.891,20;13,55B;-0,64%
14.11.2019;2.909,87;2.907,74;2.917,37;2.899,62;12,91B;0,16%
13.11.2019;2.905,24;2.913,02;2.913,86;2.893,97;12,98B;-0,33%
12.11.2019;2.914,82;2.913,00;2.918,30;2.891,51;12,97B;0,17%
11.11.2019;2.909,97;2.949,96;2.949,96;2.906,77;15,79B;-1,83%
08.11.2019;2.964,18;2.993,98;2.998,76;2.962,84;14,97B;-0,49%
07.11.2019;2.978,71;2.978,15;2.988,95;2.969,12;13,70B;0,00%
06.11.2019;2.978,60;2.992,04;2.995,56;2.969,72;16,53B;-0,43%
05.11.2019;2.991,56;2.977,70;3.008,31;2.968,03;17,99B;0,54%
04.11.2019;2.975,49;2.964,58;2.983,06;2.964,58;16,72B;0,58%
01.11.2019;2.958,20;2.924,34;2.959,83;2.917,15;15,99B;0,99%
31.10.2019;2.929,06;2.944,84;2.946,75;2.923,52;16,16B;-0,35%
30.10.2019;2.939,32;2.949,46;2.953,30;2.934,83;15,88B;-0,50%
29.10.2019;2.954,18;2.979,04;2.979,04;2.954,18;16,61B;-0,87%
28.10.2019;2.980,05;2.958,69;2.980,13;2.956,96;17,37B;0,85%
25.10.2019;2.954,93;2.940,47;2.958,24;2.920,52;13,69B;0,48%
24.10.2019;2.940,92;2.944,01;2.953,04;2.927,06;12,65B;-0,02%
23.10.2019;2.941,62;2.952,97;2.957,30;2.934,63;12,38B;-0,43%
22.10.2019;2.954,38;2.945,60;2.954,64;2.934,39;11,75B;0,50%
21.10.2019;2.939,62;2.933,90;2.940,32;2.917,69;13,25B;0,05%
18.10.2019;2.938,14;2.982,34;2.987,20;2.933,24;15,00B;-1,32%
17.10.2019;2.977,33;2.979,99;2.986,72;2.969,57;12,25B;-0,05%
16.10.2019;2.978,71;2.992,61;3.010,42;2.975,92;14,99B;-0,41%
15.10.2019;2.991,05;3.005,66;3.005,66;2.986,30;15,54B;-0,56%
14.10.2019;3.007,88;2.993,96;3.026,38;2.989,81;20,86B;1,15%
11.10.2019;2.973,66;2.954,82;2.980,79;2.943,01;16,12B;0,88%
10.10.2019;2.947,71;2.923,71;2.949,24;2.918,23;13,42B;0,78%
09.10.2019;2.924,86;2.902,08;2.924,86;2.891,54;13,04B;0,39%
08.10.2019;2.913,57;2.905,76;2.933,02;2.905,76;12,55B;0,29%
30.09.2019;2.905,19;2.927,92;2.936,48;2.905,19;11,66B;-0,92%
27.09.2019;2.932,17;2.929,49;2.939,08;2.920,93;13,29B;0,11%
26.09.2019;2.929,09;2.964,48;2.970,04;2.928,26;18,89B;-0,89%
25.09.2019;2.955,43;2.977,67;2.977,67;2.955,43;16,85B;-1,00%
24.09.2019;2.985,34;2.979,48;3.002,90;2.973,76;16,39B;0,28%
23.09.2019;2.977,08;2.998,40;2.998,40;2.960,83;16,81B;-0,98%
20.09.2019;3.006,45;3.004,81;3.011,34;2.996,19;18,21B;0,24%
19.09.2019;2.999,28;2.992,92;2.999,28;2.975,40;16,27B;0,46%
18.09.2019;2.985,66;2.984,08;2.996,40;2.982,40;16,80B;0,25%
17.09.2019;2.978,12;3.023,71;3.023,71;2.970,57;22,33B;-1,74%
16.09.2019;3.030,75;3.041,92;3.042,93;3.020,05;22,19B;-0,02%
12.09.2019;3.031,24;3.016,63;3.033,47;3.005,19;19,70B;0,75%
11.09.2019;3.008,81;3.029,93;3.030,56;3.004,22;22,98B;-0,41%
10.09.2019;3.021,20;3.027,41;3.027,41;3.005,38;24,00B;-0,12%
09.09.2019;3.024,74;3.023,78;3.026,24;3.005,69;24,34B;0,84%
06.09.2019;2.999,60;2.996,62;2.999,94;2.981,60;21,68B;0,46%
05.09.2019;2.985,86;2.972,66;3.015,84;2.972,66;30,54B;0,96%
04.09.2019;2.957,41;2.927,75;2.957,41;2.925,88;22,55B;0,93%
03.09.2019;2.930,15;2.925,94;2.930,15;2.915,20;18,90B;0,21%
02.09.2019;2.924,11;2.886,94;2.928,48;2.883,68;20,28B;1,31%
30.08.2019;2.886,24;2.907,38;2.914,58;2.874,10;19,40B;-0,16%
29.08.2019;2.890,92;2.896,00;2.898,60;2.878,59;17,86B;-0,10%
28.08.2019;2.893,76;2.901,63;2.905,44;2.887,01;18,31B;-0,29%
27.08.2019;2.902,19;2.879,52;2.919,64;2.879,41;20,81B;1,35%
26.08.2019;2.863,57;2.851,02;2.870,49;2.849,24;16,99B;-1,17%
23.08.2019;2.897,43;2.885,15;2.902,46;2.878,74;15,92B;0,49%
22.08.2019;2.883,44;2.887,66;2.888,50;2.867,55;14,92B;0,11%
21.08.2019;2.880,33;2.875,47;2.885,59;2.872,56;15,90B;0,01%
20.08.2019;2.880,00;2.879,08;2.892,08;2.875,00;18,97B;-0,11%
19.08.2019;2.883,10;2.835,52;2.883,10;2.829,85;21,45B;2,10%
16.08.2019;2.823,82;2.817,57;2.840,32;2.811,80;14,86B;0,28%
15.08.2019;2.815,80;2.762,34;2.815,90;2.756,83;15,28B;0,25%
14.08.2019;2.808,91;2.824,49;2.829,89;2.807,72;14,40B;0,42%
13.08.2019;2.797,26;2.798,05;2.802,04;2.790,61;13,09B;-0,63%
12.08.2019;2.814,99;2.781,98;2.814,99;2.776,62;13,16B;1,45%
09.08.2019;2.774,75;2.805,59;2.808,33;2.770,48;14,82B;-0,71%
08.08.2019;2.794,55;2.784,18;2.799,69;2.782,24;14,95B;0,93%
07.08.2019;2.768,68;2.789,02;2.792,69;2.768,68;15,77B;-0,32%
06.08.2019;2.777,56;2.776,99;2.787,42;2.733,92;23,11B;-1,56%
05.08.2019;2.821,50;2.854,58;2.863,69;2.821,50;16,74B;-1,62%
02.08.2019;2.867,84;2.861,33;2.872,47;2.851,44;18,49B;-1,41%
01.08.2019;2.908,77;2.920,85;2.927,34;2.901,75;14,24B;-0,81%
31.07.2019;2.932,51;2.944,40;2.944,40;2.926,49;14,11B;-0,67%
30.07.2019;2.952,34;2.946,26;2.965,63;2.946,26;14,83B;0,39%
29.07.2019;2.941,01;2.943,92;2.948,47;2.932,98;12,80B;-0,12%
26.07.2019;2.944,54;2.928,06;2.948,33;2.924,45;13,93B;0,24%
25.07.2019;2.937,36;2.923,19;2.937,36;2.916,15;14,57B;0,48%
24.07.2019;2.923,28;2.907,93;2.936,45;2.907,79;15,52B;0,80%
23.07.2019;2.899,94;2.886,90;2.901,36;2.883,05;12,93B;0,45%
22.07.2019;2.886,97;2.925,79;2.927,16;2.879,69;18,07B;-1,27%
19.07.2019;2.924,20;2.909,68;2.939,60;2.909,68;14,95B;0,79%
18.07.2019;2.901,18;2.921,74;2.921,74;2.901,18;14,99B;-1,04%
17.07.2019;2.931,69;2.933,02;2.942,07;2.924,46;14,96B;-0,20%
16.07.2019;2.937,62;2.938,64;2.944,82;2.931,29;13,18B;-0,16%
15.07.2019;2.942,19;2.921,55;2.955,00;2.886,70;16,76B;0,40%
12.07.2019;2.930,55;2.915,34;2.938,53;2.905,81;13,78B;0,44%
11.07.2019;2.917,76;2.928,06;2.945,80;2.907,89;14,37B;0,08%
10.07.2019;2.915,30;2.935,19;2.936,75;2.908,16;13,55B;-0,44%
09.07.2019;2.928,23;2.928,82;2.937,76;2.912,81;14,51B;-0,17%
08.07.2019;2.933,36;2.997,81;2.997,81;2.918,72;21,15B;-2,58%
05.07.2019;3.011,06;3.004,74;3.014,85;2.990,92;15,68B;0,19%
04.07.2019;3.005,25;3.015,68;3.024,50;2.991,91;19,44B;-0,33%
03.07.2019;3.015,26;3.031,83;3.031,83;3.006,32;21,23B;-0,94%
02.07.2019;3.043,94;3.042,58;3.048,48;3.033,78;21,45B;-0,03%
01.07.2019;3.044,90;3.024,62;3.045,37;3.014,69;25,08B;2,22%
28.06.2019;2.978,88;2.992,24;2.992,24;2.961,22;18,14B;-0,60%
27.06.2019;2.996,79;2.982,61;3.011,54;2.981,05;19,54B;0,69%
26.06.2019;2.976,28;2.964,62;2.986,91;2.958,46;17,44B;-0,19%
25.06.2019;2.982,07;3.004,91;3.004,91;2.948,99;24,37B;-0,87%
24.06.2019;3.008,15;3.004,29;3.012,83;2.994,42;21,05B;0,21%
21.06.2019;3.001,98;2.990,37;3.010,35;2.989,25;28,70B;0,50%
20.06.2019;2.987,12;2.917,33;2.997,39;2.915,09;29,10B;2,38%
19.06.2019;2.917,80;2.944,12;2.953,34;2.916,21;23,08B;0,96%
18.06.2019;2.890,16;2.891,09;2.898,33;2.874,31;14,77B;0,09%
17.06.2019;2.887,62;2.880,42;2.902,48;2.877,39;15,40B;0,20%
14.06.2019;2.881,97;2.913,00;2.924,32;2.879,66;21,54B;-0,99%
13.06.2019;2.910,74;2.905,29;2.918,42;2.885,92;21,30B;0,05%
12.06.2019;2.909,38;2.917,22;2.924,70;2.903,88;24,03B;-0,56%
11.06.2019;2.925,72;2.854,07;2.927,43;2.854,07;26,05B;2,58%
10.06.2019;2.852,13;2.833,01;2.861,13;2.824,36;16,66B;0,86%
06.06.2019;2.827,80;2.862,33;2.862,33;2.822,19;17,71B;-1,17%
05.06.2019;2.861,42;2.882,94;2.888,77;2.858,57;18,16B;-0,03%
04.06.2019;2.862,28;2.887,64;2.888,39;2.851,97;18,85B;-0,96%
03.06.2019;2.890,08;2.901,74;2.920,83;2.875,90;21,59B;-0,30%
31.05.2019;2.898,70;2.904,50;2.922,91;2.895,58;19,52B;-0,24%
30.05.2019;2.905,81;2.903,42;2.907,85;2.881,38;20,58B;-0,31%
29.05.2019;2.914,70;2.894,83;2.934,98;2.890,66;19,90B;0,16%
28.05.2019;2.909,91;2.890,27;2.924,04;2.887,08;22,33B;0,61%
27.05.2019;2.892,38;2.851,28;2.898,13;2.833,04;19,67B;1,38%
24.05.2019;2.852,99;2.847,84;2.871,86;2.846,02;16,72B;0,02%
23.05.2019;2.852,52;2.880,84;2.885,14;2.846,96;19,73B;-1,35%
22.05.2019;2.891,70;2.905,52;2.912,40;2.879,64;20,00B;-0,49%
21.05.2019;2.905,97;2.867,71;2.919,24;2.862,50;21,14B;1,23%
20.05.2019;2.870,60;2.874,80;2.882,63;2.838,45;20,95B;-0,41%
17.05.2019;2.882,30;2.955,77;2.956,78;2.873,80;26,63B;-2,48%
16.05.2019;2.955,71;2.933,50;2.956,17;2.929,06;24,84B;0,58%
15.05.2019;2.938,68;2.902,64;2.945,39;2.902,64;23,05B;1,91%
14.05.2019;2.883,61;2.872,83;2.909,20;2.872,83;20,83B;-0,69%
13.05.2019;2.903,71;2.905,07;2.921,41;2.892,17;21,20B;-1,21%
10.05.2019;2.939,21;2.878,23;2.941,45;2.838,38;28,23B;3,10%
09.05.2019;2.850,95;2.871,20;2.888,86;2.845,04;20,00B;-1,48%
08.05.2019;2.893,76;2.873,14;2.929,43;2.866,70;23,15B;-1,12%
07.05.2019;2.926,39;2.914,29;2.937,28;2.889,07;25,33B;0,69%
06.05.2019;2.906,46;2.984,73;2.986,54;2.876,47;32,70B;-5,58%
30.04.2019;3.078,34;3.052,62;3.088,41;3.052,62;22,23B;0,52%
29.04.2019;3.062,50;3.090,63;3.107,76;3.050,03;29,21B;-0,77%
26.04.2019;3.086,40;3.108,16;3.129,21;3.085,80;28,09B;-1,20%
25.04.2019;3.123,83;3.190,59;3.193,75;3.123,03;32,59B;-2,43%
24.04.2019;3.201,61;3.203,56;3.210,65;3.156,61;27,49B;0,09%
23.04.2019;3.198,59;3.211,87;3.231,58;3.186,76;32,84B;-0,51%
22.04.2019;3.215,04;3.278,49;3.279,49;3.206,88;35,32B;-1,70%
19.04.2019;3.270,80;3.250,15;3.274,33;3.226,81;31,52B;0,63%
18.04.2019;3.250,20;3.261,07;3.271,39;3.241,83;32,55B;-0,40%
17.04.2019;3.263,12;3.250,15;3.275,33;3.239,80;35,75B;0,29%
16.04.2019;3.253,60;3.164,40;3.253,60;3.153,21;35,79B;2,39%
15.04.2019;3.177,79;3.233,46;3.253,98;3.177,27;34,88B;-0,34%
12.04.2019;3.188,63;3.184,86;3.199,28;3.168,04;28,98B;-0,04%
11.04.2019;3.189,96;3.241,55;3.254,13;3.185,55;35,30B;-1,60%
10.04.2019;3.241,93;3.224,65;3.264,78;3.204,88;38,01B;0,07%
09.04.2019;3.239,66;3.240,39;3.251,65;3.215,70;36,42B;-0,16%
08.04.2019;3.244,81;3.271,27;3.288,45;3.210,52;50,45B;-0,05%
04.04.2019;3.246,57;3.233,69;3.254,14;3.216,85;46,91B;0,94%
03.04.2019;3.216,30;3.159,15;3.219,26;3.152,33;43,05B;1,24%
02.04.2019;3.176,82;3.183,27;3.193,27;3.164,91;44,71B;0,20%
01.04.2019;3.170,36;3.111,66;3.176,62;3.111,66;46,61B;2,58%
29.03.2019;3.090,76;3.000,68;3.093,03;2.999,99;37,51B;3,20%
28.03.2019;2.994,94;3.009,80;3.025,78;2.991,78;28,81B;-0,92%
27.03.2019;3.022,72;3.012,26;3.022,76;2.987,77;29,14B;0,85%
26.03.2019;2.997,10;3.057,56;3.062,69;2.988,49;35,35B;-1,51%
25.03.2019;3.043,03;3.058,80;3.087,00;3.041,95;38,03B;-1,97%
22.03.2019;3.104,15;3.100,73;3.107,28;3.064,88;36,48B;0,09%
21.03.2019;3.101,45;3.094,12;3.125,02;3.086,85;41,43B;0,35%
20.03.2019;3.090,64;3.084,17;3.102,52;3.053,45;35,86B;-0,01%
19.03.2019;3.090,97;3.099,90;3.113,43;3.076,36;35,09B;-0,18%
18.03.2019;3.096,42;3.027,80;3.096,42;3.009,51;39,78B;2,47%
15.03.2019;3.021,75;3.000,88;3.048,12;2.999,43;34,12B;1,04%
14.03.2019;2.990,68;3.013,60;3.041,16;2.968,82;37,31B;-1,20%
13.03.2019;3.026,95;3.062,33;3.065,29;3.013,93;45,32B;-1,09%
12.03.2019;3.060,31;3.049,08;3.093,39;3.029,90;51,12B;1,10%
11.03.2019;3.026,99;2.969,08;3.028,25;2.963,58;42,62B;1,92%
08.03.2019;2.969,86;3.038,34;3.075,05;2.969,58;57,79B;-4,40%
07.03.2019;3.106,42;3.103,67;3.129,94;3.074,98;58,38B;0,14%
06.03.2019;3.102,10;3.060,43;3.103,83;3.050,11;55,50B;1,57%
05.03.2019;3.054,25;3.019,88;3.054,96;3.009,45;42,41B;0,88%
04.03.2019;3.027,58;3.015,94;3.090,80;3.006,94;52,56B;1,12%
01.03.2019;2.994,01;2.954,40;2.994,01;2.930,83;34,58B;1,80%
28.02.2019;2.940,95;2.950,05;2.965,30;2.930,20;35,02B;-0,44%
27.02.2019;2.953,82;2.939,93;2.997,49;2.924,64;47,50B;0,42%
26.02.2019;2.941,52;2.969,10;2.995,68;2.938,62;56,56B;-0,67%
25.02.2019;2.961,28;2.838,39;2.961,80;2.838,39;52,87B;5,60%
22.02.2019;2.804,23;2.749,46;2.804,23;2.736,33;30,15B;1,91%
21.02.2019;2.751,80;2.759,94;2.794,01;2.744,98;29,87B;-0,34%
20.02.2019;2.761,22;2.761,06;2.767,41;2.739,98;24,60B;0,20%
19.02.2019;2.755,65;2.759,50;2.780,78;2.737,59;28,80B;0,05%
18.02.2019;2.754,36;2.699,82;2.754,36;2.699,82;26,04B;2,68%
15.02.2019;2.682,39;2.712,79;2.715,63;2.679,78;19,60B;-1,37%
14.02.2019;2.719,70;2.715,54;2.729,45;2.707,49;19,70B;-0,05%
13.02.2019;2.721,07;2.674,52;2.727,07;2.666,52;24,38B;1,84%
12.02.2019;2.671,89;2.654,03;2.674,48;2.648,83;18,41B;0,68%
11.02.2019;2.653,90;2.613,17;2.654,10;2.613,17;15,49B;1,36%
01.02.2019;2.618,23;2.597,78;2.618,48;2.590,55;13,20B;1,30%
31.01.2019;2.584,57;2.581,33;2.606,63;2.571,58;15,43B;0,35%
30.01.2019;2.575,58;2.584,75;2.598,82;2.575,41;12,05B;-0,72%
29.01.2019;2.594,25;2.592,35;2.601,74;2.559,98;15,56B;-0,11%
28.01.2019;2.596,98;2.615,71;2.630,32;2.591,10;14,70B;-0,18%
25.01.2019;2.601,72;2.596,26;2.617,00;2.595,63;15,94B;0,39%
24.01.2019;2.591,69;2.584,65;2.597,29;2.569,70;15,40B;0,41%
23.01.2019;2.581,00;2.575,26;2.589,51;2.572,41;13,14B;0,05%
22.01.2019;2.579,70;2.609,64;2.609,64;2.573,06;15,25B;-1,18%
21.01.2019;2.610,51;2.599,06;2.618,98;2.599,06;16,34B;0,56%
18.01.2019;2.596,01;2.567,74;2.598,88;2.565,90;19,08B;1,42%
17.01.2019;2.559,64;2.573,58;2.582,56;2.557,71;16,25B;-0,42%
16.01.2019;2.570,42;2.569,07;2.574,24;2.563,01;14,93B;0,00%
15.01.2019;2.570,34;2.537,37;2.571,50;2.532,43;16,03B;1,36%
14.01.2019;2.535,77;2.553,33;2.556,29;2.533,01;14,48B;-0,71%
11.01.2019;2.553,83;2.539,55;2.554,79;2.533,36;14,94B;0,74%
10.01.2019;2.535,10;2.543,85;2.551,83;2.531,66;15,99B;-0,36%
09.01.2019;2.544,34;2.536,42;2.574,41;2.536,16;19,19B;0,71%
08.01.2019;2.526,46;2.530,30;2.531,34;2.520,16;15,81B;-0,26%
07.01.2019;2.533,09;2.528,70;2.536,98;2.515,51;17,73B;0,72%
04.01.2019;2.514,87;2.446,02;2.515,32;2.440,91;16,89B;2,05%
03.01.2019;2.464,36;2.461,78;2.488,48;2.455,93;12,44B;-0,04%
02.01.2019;2.465,29;2.497,88;2.500,28;2.456,42;10,99B;-1,15%
28.12.2018;2.493,90;2.483,62;2.505,11;2.478,32;11,92B;0,44%
27.12.2018;2.483,09;2.527,72;2.532,00;2.483,09;13,54B;-0,61%
26.12.2018;2.498,29;2.501,12;2.513,83;2.492,08;10,88B;-0,26%
25.12.2018;2.504,82;2.503,95;2.513,96;2.462,84;14,07B;-0,88%
24.12.2018;2.527,01;2.506,74;2.529,44;2.500,44;9,73B;0,43%
21.12.2018;2.516,25;2.526,55;2.527,42;2.498,69;11,57B;-0,79%
20.12.2018;2.536,27;2.544,51;2.554,86;2.516,02;12,06B;-0,52%
19.12.2018;2.549,56;2.578,68;2.579,87;2.547,08;10,77B;-1,05%
18.12.2018;2.576,65;2.583,63;2.599,15;2.563,57;11,70B;-0,82%
17.12.2018;2.597,97;2.587,26;2.598,97;2.573,87;11,74B;0,16%
14.12.2018;2.593,74;2.627,28;2.629,16;2.593,74;14,59B;-1,53%
13.12.2018;2.634,05;2.607,14;2.645,84;2.599,46;15,07B;1,23%
12.12.2018;2.602,15;2.608,11;2.610,01;2.595,07;10,35B;0,31%
11.12.2018;2.594,09;2.587,01;2.596,15;2.583,20;10,13B;0,37%
10.12.2018;2.584,58;2.589,19;2.599,76;2.576,24;11,32B;-0,82%
07.12.2018;2.605,89;2.609,34;2.614,58;2.599,28;10,91B;0,03%
06.12.2018;2.605,18;2.629,82;2.633,68;2.603,13;14,17B;-1,68%
05.12.2018;2.649,81;2.629,83;2.660,39;2.625,91;15,45B;-0,61%
04.12.2018;2.665,96;2.651,56;2.666,08;2.644,90;16,79B;0,42%
03.12.2018;2.654,80;2.647,13;2.665,30;2.629,18;20,75B;2,57%
30.11.2018;2.588,19;2.564,56;2.590,21;2.555,32;13,93B;0,81%
29.11.2018;2.567,44;2.613,78;2.617,55;2.567,44;15,72B;-1,32%
28.11.2018;2.601,74;2.575,45;2.601,96;2.561,56;14,60B;1,05%
27.11.2018;2.574,68;2.585,83;2.592,54;2.566,17;12,37B;-0,04%
26.11.2018;2.575,81;2.580,84;2.595,00;2.568,04;13,43B;-0,14%
23.11.2018;2.579,48;2.640,67;2.642,04;2.577,35;19,15B;-2,49%
22.11.2018;2.645,43;2.655,90;2.658,00;2.634,48;14,93B;-0,23%
21.11.2018;2.651,51;2.619,82;2.653,80;2.617,78;18,26B;0,21%
20.11.2018;2.645,85;2.684,29;2.690,83;2.643,36;21,59B;-2,13%
19.11.2018;2.703,51;2.681,90;2.703,51;2.674,18;23,17B;0,91%
16.11.2018;2.679,11;2.669,78;2.695,57;2.657,03;24,22B;0,41%
15.11.2018;2.668,17;2.632,14;2.668,17;2.631,89;20,78B;1,36%
14.11.2018;2.632,24;2.648,31;2.658,31;2.627,96;23,84B;-0,85%
13.11.2018;2.654,88;2.600,50;2.666,49;2.597,35;24,93B;0,93%
12.11.2018;2.630,52;2.593,20;2.631,17;2.590,21;17,50B;1,22%
09.11.2018;2.598,87;2.621,24;2.621,24;2.598,16;15,24B;-1,39%
08.11.2018;2.635,63;2.660,09;2.662,37;2.632,30;15,96B;-0,22%
07.11.2018;2.641,34;2.659,84;2.675,68;2.639,25;17,32B;-0,68%
06.11.2018;2.659,36;2.660,72;2.660,86;2.635,32;16,37B;-0,23%
05.11.2018;2.665,43;2.665,43;2.673,19;2.639,27;19,38B;-0,41%
02.11.2018;2.676,48;2.649,25;2.676,48;2.628,87;22,50B;2,70%
01.11.2018;2.606,24;2.617,03;2.636,80;2.603,65;20,09B;0,13%
31.10.2018;2.602,78;2.573,01;2.612,92;2.567,03;18,06B;1,35%
30.10.2018;2.568,05;2.538,57;2.586,92;2.521,78;16,67B;1,02%
29.10.2018;2.542,10;2.593,59;2.595,54;2.529,19;13,42B;-2,18%
26.10.2018;2.598,85;2.610,90;2.626,12;2.580,85;15,89B;-0,19%
25.10.2018;2.603,80;2.540,93;2.606,10;2.531,53;16,20B;0,02%
24.10.2018;2.603,30;2.579,97;2.640,40;2.577,77;16,01B;0,33%
23.10.2018;2.594,83;2.652,65;2.659,81;2.583,26;17,83B;-2,26%
22.10.2018;2.654,88;2.565,64;2.675,41;2.565,64;21,19B;4,09%
19.10.2018;2.550,47;2.460,08;2.553,39;2.449,20;14,73B;2,58%
18.10.2018;2.486,42;2.544,91;2.544,91;2.485,62;12,54B;-2,94%
17.10.2018;2.561,61;2.574,31;2.582,55;2.517,57;13,00B;0,60%
16.10.2018;2.546,33;2.567,76;2.597,72;2.536,44;11,94B;-0,85%
15.10.2018;2.568,10;2.605,91;2.611,97;2.564,74;11,86B;-1,49%
12.10.2018;2.606,91;2.574,04;2.615,92;2.536,67;17,01B;0,91%
11.10.2018;2.583,46;2.643,07;2.661,29;2.560,32;19,72B;-5,22%
10.10.2018;2.725,84;2.723,72;2.743,55;2.703,06;11,35B;0,18%
09.10.2018;2.721,01;2.713,73;2.734,31;2.711,20;11,68B;0,17%
08.10.2018;2.716,51;2.768,21;2.771,94;2.710,18;14,95B;-3,72%
28.09.2018;2.821,35;2.794,26;2.821,76;2.791,84;13,43B;1,06%
27.09.2018;2.791,77;2.805,79;2.810,51;2.786,32;12,40B;-0,54%
26.09.2018;2.806,81;2.785,32;2.827,34;2.783,34;13,96B;0,92%
25.09.2018;2.781,14;2.775,07;2.790,03;2.771,16;11,20B;-0,58%
21.09.2018;2.797,48;2.733,87;2.797,49;2.722,03;15,80B;2,50%
20.09.2018;2.729,24;2.732,17;2.743,96;2.724,08;11,14B;-0,06%
19.09.2018;2.730,85;2.694,80;2.746,08;2.690,99;14,15B;1,14%
18.09.2018;2.699,95;2.644,30;2.700,19;2.644,30;11,58B;1,82%
17.09.2018;2.651,79;2.671,29;2.671,29;2.647,92;8,82B;-1,11%
14.09.2018;2.681,64;2.688,78;2.694,92;2.675,29;10,00B;-0,18%
13.09.2018;2.686,58;2.679,21;2.689,06;2.653,19;10,73B;1,15%
12.09.2018;2.656,11;2.659,74;2.672,07;2.647,17;9,00B;-0,33%
11.09.2018;2.664,80;2.668,49;2.680,57;2.652,70;9,99B;-0,18%
10.09.2018;2.669,48;2.698,01;2.703,43;2.667,32;10,36B;-1,21%
07.09.2018;2.702,30;2.696,68;2.728,55;2.683,72;10,75B;0,40%
06.09.2018;2.691,59;2.697,58;2.719,41;2.683,74;9,90B;-0,47%
05.09.2018;2.704,34;2.741,38;2.745,47;2.704,34;10,50B;-1,68%
04.09.2018;2.750,58;2.720,65;2.756,61;2.712,38;10,90B;1,10%
03.09.2018;2.720,73;2.716,40;2.722,85;2.692,36;10,22B;-0,17%
31.08.2018;2.725,25;2.730,11;2.744,63;2.710,54;10,98B;-0,46%
30.08.2018;2.737,74;2.769,33;2.780,53;2.736,35;10,61B;-1,14%
29.08.2018;2.769,29;2.774,86;2.778,54;2.762,35;10,02B;-0,31%
28.08.2018;2.777,98;2.782,29;2.791,39;2.769,40;11,87B;-0,10%
27.08.2018;2.780,90;2.736,32;2.780,90;2.736,32;13,28B;1,89%
24.08.2018;2.729,43;2.717,08;2.748,82;2.705,32;10,05B;0,18%
23.08.2018;2.724,62;2.714,87;2.736,01;2.700,80;9,84B;0,37%
22.08.2018;2.714,61;2.731,96;2.731,96;2.709,06;9,37B;-0,70%
21.08.2018;2.733,83;2.700,34;2.739,17;2.696,29;11,36B;1,31%
20.08.2018;2.698,47;2.673,07;2.698,47;2.653,11;11,08B;1,11%
17.08.2018;2.668,97;2.723,89;2.730,33;2.665,59;11,24B;-1,34%
16.08.2018;2.705,19;2.691,43;2.732,95;2.672,74;12,03B;-0,66%
15.08.2018;2.723,26;2.777,25;2.777,70;2.721,24;11,62B;-2,07%
14.08.2018;2.780,96;2.780,74;2.789,44;2.766,57;10,96B;-0,18%
13.08.2018;2.785,87;2.769,02;2.789,80;2.742,56;12,75B;-0,34%
10.08.2018;2.795,31;2.791,40;2.806,11;2.777,51;12,15B;0,03%
09.08.2018;2.794,38;2.729,58;2.801,66;2.726,22;15,17B;1,83%
08.08.2018;2.744,07;2.771,13;2.779,91;2.741,07;14,77B;-1,27%
07.08.2018;2.779,37;2.711,74;2.779,37;2.696,04;14,96B;2,74%
06.08.2018;2.705,16;2.736,53;2.760,47;2.692,32;12,98B;-1,29%
03.08.2018;2.740,44;2.763,40;2.777,66;2.740,43;12,70B;-1,00%
02.08.2018;2.768,02;2.815,34;2.815,34;2.726,48;17,42B;-2,00%
01.08.2018;2.824,53;2.882,51;2.897,40;2.823,93;14,95B;-1,80%
31.07.2018;2.876,40;2.866,90;2.884,68;2.854,32;11,89B;0,26%
30.07.2018;2.869,05;2.871,94;2.896,01;2.850,30;15,17B;-0,16%
27.07.2018;2.873,59;2.879,69;2.889,69;2.864,11;14,64B;-0,30%
26.07.2018;2.882,23;2.905,79;2.915,30;2.875,70;16,84B;-0,74%
25.07.2018;2.903,65;2.911,45;2.912,31;2.894,04;16,78B;-0,07%
24.07.2018;2.905,56;2.862,27;2.911,46;2.862,27;22,96B;1,61%
23.07.2018;2.859,54;2.815,20;2.863,57;2.809,62;17,34B;1,07%
20.07.2018;2.829,27;2.769,75;2.837,86;2.753,84;14,59B;2,05%
19.07.2018;2.772,55;2.791,02;2.805,01;2.764,49;11,45B;-0,53%
18.07.2018;2.787,26;2.801,78;2.818,40;2.786,04;12,10B;-0,39%
17.07.2018;2.798,13;2.806,89;2.806,92;2.774,76;10,54B;-0,57%
16.07.2018;2.814,04;2.827,08;2.837,51;2.804,49;10,78B;-0,61%
13.07.2018;2.831,18;2.831,43;2.835,46;2.818,85;11,77B;-0,23%
12.07.2018;2.837,66;2.771,04;2.844,19;2.771,04;14,70B;2,16%
11.07.2018;2.777,77;2.780,70;2.794,36;2.752,43;12,68B;-1,76%
10.07.2018;2.827,63;2.819,71;2.828,49;2.800,63;11,71B;0,44%
09.07.2018;2.815,11;2.752,45;2.815,79;2.752,45;12,15B;2,47%
06.07.2018;2.747,23;2.731,35;2.768,87;2.691,02;13,63B;0,49%
05.07.2018;2.733,88;2.755,34;2.777,52;2.727,94;12,92B;-0,92%
04.07.2018;2.759,13;2.776,63;2.793,18;2.754,16;12,33B;-1,00%
03.07.2018;2.786,89;2.774,57;2.786,89;2.722,45;14,25B;0,41%
02.07.2018;2.775,56;2.841,58;2.845,68;2.756,82;13,70B;-2,52%
29.06.2018;2.847,42;2.789,81;2.848,37;2.782,38;12,57B;2,17%
28.06.2018;2.786,90;2.799,90;2.825,99;2.782,45;11,84B;-0,93%
27.06.2018;2.813,18;2.842,40;2.854,26;2.798,80;12,94B;-1,10%
26.06.2018;2.844,51;2.829,99;2.850,24;2.803,79;12,59B;-0,52%
25.06.2018;2.859,34;2.903,45;2.908,62;2.857,87;12,19B;-1,05%
22.06.2018;2.889,76;2.855,58;2.891,97;2.837,14;12,61B;0,49%
21.06.2018;2.875,81;2.912,00;2.940,59;2.872,62;15,44B;-1,37%
20.06.2018;2.915,73;2.889,98;2.925,56;2.872,16;14,43B;0,27%
19.06.2018;2.907,82;2.982,65;2.984,97;2.871,35;23,05B;-3,78%
15.06.2018;3.021,90;3.037,45;3.048,80;3.008,73;14,45B;-0,73%
14.06.2018;3.044,16;3.038,07;3.066,05;3.032,41;11,55B;-0,18%
13.06.2018;3.049,80;3.071,46;3.071,46;3.044,12;11,96B;-0,97%
12.06.2018;3.079,80;3.053,03;3.081,45;3.034,10;11,33B;0,89%
11.06.2018;3.052,78;3.057,34;3.063,61;3.037,91;10,86B;-0,47%
08.06.2018;3.067,15;3.100,60;3.100,68;3.053,29;13,47B;-1,36%
07.06.2018;3.109,50;3.121,18;3.128,72;3.105,58;12,78B;-0,18%
06.06.2018;3.115,18;3.109,17;3.117,53;3.103,53;12,02B;0,03%
05.06.2018;3.114,21;3.088,01;3.114,77;3.080,05;11,87B;0,74%
04.06.2018;3.091,19;3.083,43;3.098,40;3.076,99;11,46B;0,52%
01.06.2018;3.075,14;3.084,75;3.102,09;3.059,79;12,99B;-0,66%
31.05.2018;3.095,47;3.061,83;3.098,08;3.054,27;14,05B;1,78%
30.05.2018;3.041,44;3.081,14;3.085,40;3.041,00;15,51B;-2,53%
29.05.2018;3.120,46;3.129,62;3.143,21;3.112,15;13,57B;-0,47%
28.05.2018;3.135,08;3.136,81;3.149,66;3.115,96;12,88B;-0,20%
25.05.2018;3.141,30;3.148,41;3.156,73;3.131,07;12,86B;-0,42%
24.05.2018;3.154,65;3.167,94;3.173,53;3.152,07;12,41B;-0,45%
23.05.2018;3.168,96;3.205,44;3.205,44;3.168,96;15,78B;-1,41%
22.05.2018;3.214,35;3.211,25;3.214,59;3.192,23;14,43B;0,02%
21.05.2018;3.213,84;3.206,18;3.219,74;3.203,34;16,45B;0,64%
18.05.2018;3.193,30;3.151,08;3.193,45;3.144,78;13,65B;1,24%
17.05.2018;3.154,28;3.170,01;3.172,77;3.148,62;11,40B;-0,48%
16.05.2018;3.169,57;3.180,23;3.191,95;3.166,81;13,05B;-0,71%
15.05.2018;3.192,12;3.180,42;3.192,81;3.164,52;12,45B;0,57%
14.05.2018;3.174,03;3.167,04;3.183,82;3.163,48;12,93B;0,34%
11.05.2018;3.163,26;3.179,80;3.180,76;3.162,21;13,07B;-0,35%
10.05.2018;3.174,41;3.169,05;3.176,14;3.155,53;13,30B;0,48%
09.05.2018;3.159,15;3.160,14;3.165,37;3.145,66;12,26B;-0,07%
08.05.2018;3.161,50;3.135,30;3.169,70;3.134,06;14,69B;0,79%
07.05.2018;3.136,64;3.094,90;3.136,84;3.091,66;13,89B;1,48%
04.05.2018;3.091,03;3.093,12;3.104,09;3.086,78;11,87B;-0,32%
03.05.2018;3.100,86;3.074,52;3.105,66;3.056,16;14,00B;0,64%
02.05.2018;3.081,18;3.087,41;3.097,60;3.064,76;13,42B;-0,03%
27.04.2018;3.082,23;3.082,41;3.088,03;3.049,91;13,12B;0,23%
26.04.2018;3.075,03;3.119,50;3.121,93;3.067,93;13,40B;-1,38%
25.04.2018;3.117,97;3.112,40;3.122,91;3.107,00;12,73B;-0,35%
24.04.2018;3.128,93;3.069,75;3.136,04;3.069,75;16,23B;1,99%
23.04.2018;3.068,01;3.063,44;3.085,06;3.045,94;13,17B;-0,11%
20.04.2018;3.071,54;3.105,46;3.111,17;3.065,92;15,51B;-1,47%
19.04.2018;3.117,38;3.094,27;3.127,44;3.090,29;16,01B;0,84%
18.04.2018;3.091,40;3.091,91;3.096,89;3.041,62;15,93B;0,80%
17.04.2018;3.066,80;3.112,97;3.118,76;3.064,03;14,72B;-1,41%
16.04.2018;3.110,65;3.152,89;3.153,11;3.096,10;15,44B;-1,53%
13.04.2018;3.159,05;3.192,04;3.197,90;3.155,51;12,76B;-0,66%
12.04.2018;3.180,16;3.203,28;3.205,25;3.177,05;14,82B;-0,87%
11.04.2018;3.208,08;3.197,37;3.220,85;3.191,59;17,59B;0,56%
10.04.2018;3.190,32;3.144,26;3.190,65;3.139,08;16,82B;1,66%
09.04.2018;3.138,29;3.125,44;3.146,09;3.110,30;13,96B;0,23%
04.04.2018;3.131,11;3.147,05;3.163,34;3.128,87;14,70B;-0,18%
03.04.2018;3.136,63;3.130,01;3.144,33;3.119,13;15,22B;-0,84%
02.04.2018;3.163,18;3.169,78;3.192,34;3.159,99;17,77B;-0,18%
30.03.2018;3.168,90;3.161,79;3.177,72;3.152,89;15,46B;0,26%
29.03.2018;3.160,53;3.127,26;3.174,51;3.098,25;17,03B;1,22%
28.03.2018;3.122,29;3.130,57;3.165,21;3.117,53;16,35B;-1,40%
27.03.2018;3.166,65;3.164,80;3.172,78;3.143,57;18,91B;1,05%
26.03.2018;3.133,72;3.117,32;3.134,28;3.091,46;18,64B;-0,60%
23.03.2018;3.152,76;3.172,77;3.188,24;3.110,66;27,55B;-3,39%
22.03.2018;3.263,48;3.281,26;3.288,80;3.242,76;15,04B;-0,53%
21.03.2018;3.280,95;3.299,73;3.314,21;3.268,88;16,84B;-0,29%
20.03.2018;3.290,64;3.257,22;3.292,57;3.252,43;13,99B;0,35%
19.03.2018;3.279,25;3.264,93;3.280,57;3.251,05;13,80B;0,29%
16.03.2018;3.269,88;3.290,21;3.300,57;3.269,28;14,12B;-0,65%
15.03.2018;3.291,11;3.277,51;3.297,10;3.273,20;14,86B;-0,01%
14.03.2018;3.291,38;3.298,67;3.304,98;3.287,36;15,75B;-0,57%
13.03.2018;3.310,24;3.324,12;3.333,88;3.307,38;17,71B;-0,49%
12.03.2018;3.326,70;3.319,21;3.333,56;3.313,56;20,65B;0,59%
09.03.2018;3.307,17;3.291,43;3.309,72;3.283,56;16,84B;0,57%
08.03.2018;3.288,41;3.268,35;3.289,50;3.261,55;14,98B;0,51%
07.03.2018;3.271,67;3.288,86;3.308,41;3.264,76;16,87B;-0,55%
06.03.2018;3.289,64;3.266,49;3.290,25;3.243,65;19,54B;1,00%
05.03.2018;3.256,93;3.255,87;3.269,40;3.236,72;14,48B;0,07%
02.03.2018;3.254,53;3.248,45;3.269,94;3.242,27;15,09B;-0,59%
01.03.2018;3.273,75;3.235,09;3.280,15;3.228,58;15,91B;0,44%
28.02.2018;3.259,41;3.264,06;3.277,83;3.239,84;15,10B;-0,99%
27.02.2018;3.292,07;3.328,67;3.328,67;3.284,63;17,42B;-1,13%
26.02.2018;3.329,57;3.307,30;3.335,99;3.281,61;18,86B;1,23%
23.02.2018;3.289,02;3.275,43;3.294,13;3.258,49;14,58B;0,63%
22.02.2018;3.268,56;3.237,57;3.269,92;3.234,12;13,87B;2,17%
14.02.2018;3.199,16;3.188,25;3.203,50;3.171,38;10,03B;0,45%
13.02.2018;3.184,96;3.176,11;3.219,22;3.176,11;15,15B;0,98%
12.02.2018;3.154,13;3.128,37;3.168,13;3.113,61;15,33B;0,78%
09.02.2018;3.129,85;3.172,85;3.180,11;3.062,74;25,64B;-4,05%
08.02.2018;3.262,05;3.281,05;3.307,16;3.225,71;20,13B;-1,43%
07.02.2018;3.309,26;3.412,74;3.425,54;3.304,01;26,09B;-1,82%
06.02.2018;3.370,65;3.418,01;3.440,12;3.364,22;28,06B;-3,35%
05.02.2018;3.487,50;3.411,67;3.487,72;3.406,24;21,77B;0,73%
02.02.2018;3.462,08;3.419,22;3.463,16;3.388,86;20,81B;0,44%
01.02.2018;3.446,98;3.478,67;3.495,09;3.424,42;26,05B;-0,97%
31.01.2018;3.480,83;3.470,51;3.495,45;3.454,73;20,73B;-0,21%
30.01.2018;3.488,01;3.511,50;3.523,05;3.484,66;18,64B;-0,99%
29.01.2018;3.523,00;3.563,64;3.587,03;3.510,27;23,60B;-0,99%
26.01.2018;3.558,13;3.535,49;3.574,90;3.534,20;22,27B;0,28%
25.01.2018;3.548,31;3.555,17;3.571,48;3.528,03;24,34B;-0,31%
24.01.2018;3.559,47;3.553,48;3.569,49;3.527,11;25,30B;0,37%
23.01.2018;3.546,50;3.504,34;3.547,22;3.504,34;23,87B;1,29%
22.01.2018;3.501,36;3.476,99;3.503,39;3.475,67;21,75B;0,39%
19.01.2018;3.487,86;3.481,62;3.498,43;3.474,29;24,75B;0,38%
18.01.2018;3.474,75;3.449,88;3.476,55;3.448,79;22,00B;0,87%
17.01.2018;3.444,67;3.438,58;3.465,20;3.430,51;26,10B;0,24%
16.01.2018;3.436,59;3.403,47;3.437,58;3.401,96;21,15B;0,77%
15.01.2018;3.410,49;3.428,95;3.442,50;3.402,31;23,20B;-0,54%
12.01.2018;3.428,94;3.423,88;3.435,42;3.417,98;17,41B;0,11%
11.01.2018;3.425,34;3.415,59;3.426,48;3.405,64;17,38B;0,10%
10.01.2018;3.421,83;3.414,11;3.430,21;3.398,84;20,91B;0,23%
09.01.2018;3.413,90;3.406,11;3.417,23;3.403,59;19,15B;0,13%
08.01.2018;3.409,48;3.391,55;3.412,73;3.384,56;23,62B;0,52%
05.01.2018;3.391,75;3.386,46;3.402,07;3.380,24;21,31B;0,18%
04.01.2018;3.385,71;3.371,00;3.392,83;3.365,30;20,70B;0,49%
03.01.2018;3.369,11;3.347,74;3.379,92;3.345,29;21,38B;0,62%
02.01.2018;3.348,33;3.314,03;3.349,05;3.314,03;20,23B;1,24%
29.12.2017;3.307,17;3.295,25;3.308,22;3.292,77;14,16B;0,33%
28.12.2017;3.296,38;3.272,29;3.304,10;3.263,73;17,54B;0,63%
27.12.2017;3.275,78;3.302,46;3.307,08;3.270,35;16,27B;-0,92%
26.12.2017;3.306,12;3.277,84;3.307,30;3.274,33;14,24B;0,78%
25.12.2017;3.280,46;3.296,21;3.312,30;3.270,44;14,69B;-0,50%
22.12.2017;3.297,06;3.297,69;3.307,33;3.293,44;12,40B;-0,09%
21.12.2017;3.300,06;3.281,12;3.309,22;3.267,40;14,21B;0,38%
20.12.2017;3.287,61;3.296,74;3.300,21;3.276,12;13,77B;-0,27%
19.12.2017;3.296,54;3.266,02;3.296,94;3.266,02;11,51B;0,88%
18.12.2017;3.267,92;3.268,03;3.280,54;3.254,18;12,07B;0,05%
15.12.2017;3.266,14;3.287,53;3.287,53;3.259,39;13,09B;-0,80%
14.12.2017;3.292,44;3.302,93;3.309,53;3.282,57;12,05B;-0,32%
13.12.2017;3.303,04;3.278,40;3.304,01;3.273,32;11,20B;0,68%
12.12.2017;3.280,81;3.320,31;3.320,31;3.280,33;12,46B;-1,25%
11.12.2017;3.322,20;3.290,49;3.322,67;3.288,29;13,20B;0,98%
08.12.2017;3.289,99;3.264,48;3.297,13;3.258,76;13,32B;0,55%
07.12.2017;3.272,05;3.283,28;3.291,28;3.259,16;13,21B;-0,67%
06.12.2017;3.293,96;3.291,31;3.296,20;3.254,61;15,16B;-0,29%
05.12.2017;3.303,68;3.301,69;3.315,74;3.300,51;20,83B;-0,18%
04.12.2017;3.309,62;3.310,38;3.324,00;3.304,10;14,81B;-0,24%
01.12.2017;3.317,62;3.315,11;3.324,52;3.302,44;13,92B;0,01%
30.11.2017;3.317,19;3.328,64;3.340,92;3.306,28;15,66B;-0,62%
29.11.2017;3.337,86;3.335,57;3.343,06;3.305,57;18,38B;0,13%
28.11.2017;3.333,66;3.311,23;3.333,80;3.300,78;13,82B;0,34%
27.11.2017;3.322,23;3.346,66;3.347,05;3.315,26;16,64B;-0,94%
24.11.2017;3.353,82;3.340,38;3.360,75;3.328,33;15,96B;0,06%
23.11.2017;3.351,92;3.425,01;3.429,42;3.342,33;21,53B;-2,29%
22.11.2017;3.430,46;3.417,33;3.442,18;3.404,29;21,36B;0,59%
21.11.2017;3.410,50;3.382,36;3.419,80;3.377,60;19,69B;0,53%
20.11.2017;3.392,40;3.361,36;3.393,11;3.337,12;17,65B;0,28%
17.11.2017;3.382,91;3.392,68;3.403,29;3.373,30;24,95B;-0,48%
16.11.2017;3.399,25;3.393,19;3.409,65;3.390,59;15,67B;-0,10%
15.11.2017;3.402,52;3.416,21;3.423,75;3.396,38;16,88B;-0,79%
14.11.2017;3.429,55;3.446,55;3.450,49;3.419,69;19,65B;-0,53%
13.11.2017;3.447,84;3.435,18;3.449,16;3.435,08;20,54B;0,44%
10.11.2017;3.432,67;3.423,18;3.438,79;3.414,33;18,93B;0,14%
09.11.2017;3.427,79;3.410,67;3.428,77;3.408,62;15,86B;0,36%
08.11.2017;3.415,46;3.409,15;3.434,49;3.404,88;18,54B;0,06%
07.11.2017;3.413,57;3.389,47;3.415,15;3.387,95;19,06B;0,75%
06.11.2017;3.388,17;3.369,68;3.389,38;3.356,53;15,46B;0,49%
03.11.2017;3.371,74;3.377,74;3.380,57;3.347,36;17,27B;-0,34%
02.11.2017;3.383,31;3.391,65;3.391,65;3.372,21;16,69B;-0,37%
01.11.2017;3.395,91;3.393,97;3.410,35;3.388,60;18,06B;0,08%
31.10.2017;3.393,34;3.381,00;3.397,10;3.376,12;15,35B;0,09%
30.10.2017;3.390,34;3.413,87;3.419,73;3.357,28;20,83B;-0,77%
27.10.2017;3.416,81;3.404,50;3.421,10;3.402,11;17,03B;0,27%
26.10.2017;3.407,57;3.397,52;3.414,24;3.391,45;18,38B;0,31%
25.10.2017;3.396,90;3.384,86;3.398,30;3.382,03;12,31B;0,26%
24.10.2017;3.388,25;3.376,60;3.388,69;3.374,12;13,99B;0,22%
23.10.2017;3.380,70;3.382,28;3.385,29;3.374,70;13,08B;0,06%
20.10.2017;3.378,65;3.363,51;3.379,77;3.360,10;12,72B;0,25%
19.10.2017;3.370,17;3.374,64;3.378,74;3.359,63;15,85B;-0,34%
18.10.2017;3.381,79;3.373,53;3.383,23;3.371,92;15,72B;0,29%
17.10.2017;3.372,04;3.373,23;3.382,41;3.365,56;12,54B;-0,19%
16.10.2017;3.378,47;3.393,21;3.400,51;3.374,77;17,43B;-0,36%
13.10.2017;3.390,52;3.384,49;3.395,75;3.383,24;14,00B;0,13%
12.10.2017;3.386,10;3.385,53;3.390,20;3.372,53;16,18B;-0,06%
11.10.2017;3.388,28;3.381,49;3.395,78;3.379,16;18,15B;0,16%
10.10.2017;3.382,99;3.373,34;3.384,03;3.358,80;17,94B;0,26%
09.10.2017;3.374,38;3.403,25;3.410,17;3.366,97;19,17B;0,76%
29.09.2017;3.348,94;3.340,31;3.357,02;3.340,31;14,49B;0,28%
28.09.2017;3.339,64;3.343,84;3.344,60;3.336,18;14,94B;-0,17%
27.09.2017;3.345,27;3.340,82;3.349,69;3.340,30;14,31B;0,05%
26.09.2017;3.343,58;3.336,35;3.347,16;3.332,60;13,26B;0,06%
25.09.2017;3.341,55;3.344,59;3.350,96;3.334,94;16,96B;-0,33%
22.09.2017;3.352,53;3.347,16;3.356,45;3.334,98;17,92B;-0,16%
21.09.2017;3.357,81;3.364,70;3.377,88;3.356,88;19,74B;-0,24%
20.09.2017;3.366,00;3.352,18;3.370,10;3.346,54;19,22B;0,27%
19.09.2017;3.356,84;3.365,53;3.370,40;3.344,71;19,11B;-0,18%
18.09.2017;3.362,86;3.352,51;3.371,75;3.352,51;19,03B;0,28%
15.09.2017;3.353,62;3.365,15;3.365,53;3.345,33;21,98B;-0,53%
14.09.2017;3.371,43;3.383,47;3.391,64;3.361,33;22,13B;-0,38%
13.09.2017;3.384,15;3.374,72;3.387,14;3.366,54;19,46B;0,14%
12.09.2017;3.379,49;3.381,49;3.391,07;3.370,85;27,29B;0,09%
11.09.2017;3.376,42;3.365,35;3.384,81;3.360,05;21,90B;0,33%
08.09.2017;3.365,24;3.364,43;3.380,89;3.353,69;19,84B;-0,01%
07.09.2017;3.365,50;3.383,63;3.387,80;3.363,18;22,11B;-0,59%
06.09.2017;3.385,39;3.372,43;3.391,01;3.364,76;22,91B;0,03%
05.09.2017;3.384,32;3.377,20;3.390,82;3.371,57;21,66B;0,14%
04.09.2017;3.379,58;3.369,72;3.381,40;3.359,13;26,74B;0,37%
01.09.2017;3.367,12;3.365,99;3.381,93;3.358,47;28,25B;0,19%
31.08.2017;3.360,81;3.361,46;3.367,36;3.340,69;23,44B;-0,08%
30.08.2017;3.363,63;3.361,82;3.376,65;3.357,08;24,69B;-0,05%
29.08.2017;3.365,23;3.362,06;3.374,59;3.354,46;21,95B;0,08%
28.08.2017;3.362,65;3.336,13;3.375,03;3.336,13;25,75B;0,93%
25.08.2017;3.331,52;3.271,46;3.331,91;3.271,46;20,58B;1,83%
24.08.2017;3.271,51;3.287,96;3.297,99;3.266,36;16,35B;-0,49%
23.08.2017;3.287,70;3.283,80;3.299,46;3.274,44;17,98B;-0,08%
22.08.2017;3.290,23;3.287,61;3.293,48;3.274,94;18,65B;0,10%
21.08.2017;3.286,91;3.274,58;3.287,52;3.270,48;18,61B;0,56%
18.08.2017;3.268,72;3.253,24;3.275,08;3.248,08;19,11B;0,01%
17.08.2017;3.268,43;3.253,85;3.269,14;3.251,46;20,36B;0,68%
16.08.2017;3.246,45;3.247,85;3.248,78;3.228,87;17,69B;-0,15%
15.08.2017;3.251,26;3.235,23;3.263,59;3.235,10;18,23B;0,43%
14.08.2017;3.237,36;3.206,04;3.240,05;3.206,04;19,03B;0,90%
11.08.2017;3.208,54;3.237,92;3.245,12;3.200,75;26,30B;-1,63%
10.08.2017;3.261,75;3.269,73;3.282,52;3.236,18;24,07B;-0,42%
09.08.2017;3.275,57;3.277,81;3.277,94;3.263,85;23,56B;-0,19%
08.08.2017;3.281,87;3.277,19;3.285,48;3.269,66;25,20B;0,07%
07.08.2017;3.279,46;3.257,67;3.280,10;3.243,72;23,12B;0,53%
04.08.2017;3.262,08;3.269,32;3.287,19;3.261,31;27,59B;-0,33%
03.08.2017;3.272,93;3.279,99;3.293,37;3.262,16;23,33B;-0,37%
02.08.2017;3.285,06;3.288,52;3.305,43;3.282,04;26,67B;-0,23%
01.08.2017;3.292,64;3.274,37;3.292,64;3.273,50;23,72B;0,60%
31.07.2017;3.273,03;3.252,75;3.276,95;3.251,19;24,60B;0,61%
28.07.2017;3.253,24;3.240,17;3.256,37;3.232,96;18,22B;0,11%
27.07.2017;3.249,78;3.243,76;3.251,93;3.220,64;22,85B;0,06%
26.07.2017;3.247,67;3.244,46;3.264,85;3.228,04;21,35B;0,12%
25.07.2017;3.243,69;3.249,14;3.261,65;3.233,14;20,56B;-0,21%
24.07.2017;3.250,60;3.230,90;3.261,10;3.230,07;23,31B;0,39%
21.07.2017;3.237,98;3.236,59;3.247,71;3.231,96;20,60B;-0,21%
20.07.2017;3.244,86;3.227,51;3.246,24;3.225,43;23,21B;0,43%
19.07.2017;3.230,98;3.181,40;3.232,94;3.179,73;27,24B;1,36%
18.07.2017;3.187,57;3.159,73;3.187,67;3.150,13;19,06B;0,35%
17.07.2017;3.176,46;3.219,79;3.230,35;3.139,50;26,62B;-1,43%
14.07.2017;3.222,42;3.212,03;3.222,98;3.204,85;16,01B;0,13%
13.07.2017;3.218,16;3.192,36;3.219,27;3.190,34;19,53B;0,64%
12.07.2017;3.197,54;3.201,93;3.215,20;3.177,93;18,69B;-0,17%
11.07.2017;3.203,04;3.201,52;3.226,91;3.199,22;18,78B;-0,30%
10.07.2017;3.212,63;3.208,46;3.223,34;3.203,21;19,89B;-0,17%
07.07.2017;3.217,96;3.203,82;3.219,52;3.195,29;17,67B;0,17%
06.07.2017;3.212,44;3.203,86;3.215,95;3.188,77;17,58B;0,17%
05.07.2017;3.207,13;3.179,22;3.207,31;3.174,71;14,83B;0,76%
04.07.2017;3.182,80;3.192,89;3.193,06;3.174,31;14,11B;-0,41%
03.07.2017;3.195,91;3.192,00;3.196,29;3.177,02;14,03B;0,11%
30.06.2017;3.192,43;3.176,95;3.193,24;3.171,57;12,15B;0,14%
29.06.2017;3.188,06;3.174,98;3.188,77;3.174,28;12,88B;0,47%
28.06.2017;3.173,20;3.183,63;3.193,44;3.170,79;14,65B;-0,56%
27.06.2017;3.191,20;3.183,42;3.193,46;3.172,46;14,82B;0,18%
26.06.2017;3.185,44;3.157,00;3.187,89;3.156,98;17,36B;0,87%
23.06.2017;3.157,87;3.138,44;3.158,05;3.118,09;15,48B;0,33%
22.06.2017;3.147,45;3.152,24;3.186,98;3.146,64;19,13B;-0,28%
21.06.2017;3.156,21;3.148,99;3.157,03;3.132,62;13,67B;0,52%
20.06.2017;3.140,01;3.148,02;3.150,46;3.134,61;14,12B;-0,14%
19.06.2017;3.144,37;3.122,16;3.146,77;3.121,78;13,49B;0,68%
16.06.2017;3.123,17;3.126,37;3.134,25;3.117,86;12,97B;-0,30%
15.06.2017;3.132,49;3.125,59;3.137,59;3.117,08;14,70B;0,06%
14.06.2017;3.130,67;3.146,75;3.149,17;3.125,35;13,83B;-0,73%
13.06.2017;3.153,74;3.134,01;3.155,99;3.131,04;12,83B;0,44%
12.06.2017;3.139,88;3.149,53;3.164,95;3.135,31;14,67B;-0,59%
09.06.2017;3.158,40;3.147,45;3.165,92;3.146,11;16,01B;0,26%
08.06.2017;3.150,33;3.136,47;3.153,26;3.132,83;15,23B;0,32%
07.06.2017;3.140,32;3.101,76;3.140,77;3.098,95;17,32B;1,23%
06.06.2017;3.102,13;3.084,54;3.102,86;3.078,79;11,34B;0,34%
05.06.2017;3.091,66;3.102,11;3.105,51;3.084,83;13,26B;-0,45%
02.06.2017;3.105,54;3.094,23;3.110,39;3.081,85;14,25B;0,09%
01.06.2017;3.102,62;3.108,42;3.113,52;3.097,68;16,30B;-0,47%
31.05.2017;3.117,18;3.125,33;3.143,28;3.111,56;15,29B;0,23%
26.05.2017;3.110,06;3.101,29;3.120,66;3.100,39;15,59B;0,07%
25.05.2017;3.107,83;3.055,34;3.114,66;3.052,83;19,14B;1,43%
24.05.2017;3.064,08;3.047,57;3.064,81;3.022,30;13,98B;0,07%
23.05.2017;3.061,95;3.069,39;3.084,24;3.050,84;17,83B;-0,45%
22.05.2017;3.075,68;3.087,17;3.103,94;3.063,15;15,37B;-0,48%
19.05.2017;3.090,63;3.086,71;3.095,48;3.081,28;12,96B;0,02%
18.05.2017;3.090,14;3.082,33;3.103,44;3.077,96;14,86B;-0,46%
17.05.2017;3.104,44;3.107,80;3.119,58;3.101,30;16,87B;-0,27%
16.05.2017;3.112,96;3.082,87;3.113,51;3.060,53;17,38B;0,74%
15.05.2017;3.090,23;3.085,93;3.098,91;3.085,93;13,57B;0,22%
12.05.2017;3.083,51;3.054,11;3.090,49;3.051,87;15,97B;0,72%
11.05.2017;3.061,50;3.036,79;3.063,56;3.016,53;19,13B;0,29%
10.05.2017;3.052,78;3.078,17;3.090,82;3.051,59;16,08B;-0,90%
09.05.2017;3.080,53;3.064,85;3.084,21;3.056,56;13,51B;0,06%
08.05.2017;3.078,61;3.090,07;3.093,45;3.067,69;18,05B;-0,79%
05.05.2017;3.103,04;3.114,77;3.117,61;3.092,09;17,62B;-0,78%
04.05.2017;3.127,37;3.127,11;3.143,82;3.111,39;17,80B;-0,25%
03.05.2017;3.135,35;3.138,31;3.148,29;3.123,75;16,38B;-0,27%
02.05.2017;3.143,71;3.147,23;3.154,78;3.136,54;15,42B;-0,35%
28.04.2017;3.154,66;3.144,02;3.154,73;3.136,58;16,29B;0,08%
27.04.2017;3.152,19;3.131,35;3.155,00;3.097,33;21,18B;0,36%
26.04.2017;3.140,85;3.132,92;3.152,95;3.131,42;16,99B;0,20%
25.04.2017;3.134,57;3.123,89;3.145,27;3.117,45;15,34B;0,16%
24.04.2017;3.129,53;3.164,25;3.164,25;3.111,21;18,63B;-1,37%
21.04.2017;3.173,15;3.170,29;3.180,79;3.158,63;16,48B;0,03%
20.04.2017;3.172,10;3.165,66;3.178,18;3.148,18;19,09B;0,04%
19.04.2017;3.170,69;3.184,67;3.189,44;3.147,07;21,32B;-0,81%
18.04.2017;3.196,71;3.215,40;3.225,05;3.196,49;18,87B;-0,79%
17.04.2017;3.222,17;3.229,95;3.229,95;3.199,91;21,27B;-0,74%
14.04.2017;3.246,07;3.276,14;3.276,71;3.238,90;21,45B;-0,91%
13.04.2017;3.275,96;3.265,22;3.281,14;3.261,49;20,73B;0,07%
12.04.2017;3.273,83;3.283,84;3.284,93;3.262,28;26,94B;-0,46%
11.04.2017;3.288,97;3.266,22;3.290,39;3.244,40;28,13B;0,60%
10.04.2017;3.269,39;3.285,46;3.285,46;3.265,01;23,27B;-0,52%
07.04.2017;3.286,62;3.280,62;3.295,19;3.275,05;23,61B;0,17%
06.04.2017;3.281,00;3.272,19;3.286,67;3.265,76;24,53B;0,33%
05.04.2017;3.270,31;3.235,66;3.270,65;3.233,24;24,83B;1,48%
31.03.2017;3.222,51;3.206,25;3.226,25;3.205,54;19,64B;0,38%
30.03.2017;3.210,24;3.235,14;3.240,02;3.195,85;24,71B;-0,96%
29.03.2017;3.241,31;3.252,87;3.262,10;3.233,28;21,61B;-0,36%
28.03.2017;3.252,95;3.265,63;3.265,63;3.246,09;16,17B;-0,43%
27.03.2017;3.266,96;3.268,92;3.283,24;3.262,12;20,19B;-0,08%
24.03.2017;3.269,45;3.247,35;3.275,21;3.241,12;21,98B;0,64%
23.03.2017;3.248,55;3.245,81;3.262,09;3.221,93;19,30B;0,10%
22.03.2017;3.245,22;3.246,22;3.255,78;3.229,13;18,97B;-0,50%
21.03.2017;3.261,61;3.250,25;3.262,22;3.246,70;16,27B;0,33%
20.03.2017;3.250,81;3.241,11;3.251,13;3.228,12;17,05B;0,41%
17.03.2017;3.237,45;3.271,87;3.274,19;3.232,28;20,06B;-0,96%
16.03.2017;3.268,94;3.247,16;3.269,77;3.247,16;18,94B;0,84%
15.03.2017;3.241,76;3.235,40;3.243,71;3.227,74;14,41B;0,08%
14.03.2017;3.239,33;3.235,25;3.246,33;3.231,52;14,69B;0,07%
13.03.2017;3.237,02;3.209,45;3.237,12;3.193,16;16,37B;0,76%
10.03.2017;3.212,76;3.213,73;3.222,32;3.208,45;13,67B;-0,12%
09.03.2017;3.216,75;3.233,70;3.233,87;3.205,28;16,74B;-0,74%
08.03.2017;3.240,66;3.240,53;3.245,30;3.230,61;16,07B;-0,05%
07.03.2017;3.242,41;3.233,09;3.242,66;3.226,82;16,41B;0,26%
06.03.2017;3.233,87;3.217,33;3.234,66;3.215,07;15,61B;0,48%
03.03.2017;3.218,31;3.219,20;3.221,16;3.206,61;15,71B;-0,36%
02.03.2017;3.230,03;3.250,52;3.256,81;3.228,66;18,12B;-0,52%
01.03.2017;3.246,93;3.240,07;3.259,98;3.237,87;19,07B;0,16%
28.02.2017;3.241,73;3.225,97;3.242,68;3.225,97;15,12B;0,40%
27.02.2017;3.228,66;3.249,19;3.251,65;3.224,09;18,26B;-0,76%
24.02.2017;3.253,43;3.246,86;3.253,96;3.233,53;18,64B;0,06%
23.02.2017;3.251,38;3.258,83;3.264,08;3.236,35;20,92B;-0,30%
22.02.2017;3.261,22;3.252,69;3.261,38;3.243,84;20,75B;0,24%
21.02.2017;3.253,33;3.242,22;3.254,34;3.239,88;21,17B;0,41%
20.02.2017;3.239,96;3.198,96;3.241,46;3.198,96;23,22B;1,18%
17.02.2017;3.202,08;3.227,71;3.238,40;3.199,42;22,62B;-0,85%
16.02.2017;3.229,62;3.210,36;3.230,28;3.207,79;21,70B;0,52%
15.02.2017;3.212,99;3.215,46;3.236,00;3.206,56;24,15B;-0,15%
14.02.2017;3.217,93;3.216,14;3.219,40;3.205,29;18,88B;0,03%
13.02.2017;3.216,84;3.198,99;3.219,41;3.198,99;22,02B;0,63%
10.02.2017;3.196,70;3.183,01;3.205,05;3.182,80;23,93B;0,42%
09.02.2017;3.183,18;3.164,69;3.186,84;3.162,57;19,16B;0,51%
08.02.2017;3.166,98;3.148,09;3.167,45;3.132,03;14,49B;0,44%
07.02.2017;3.153,09;3.154,40;3.159,54;3.140,04;12,83B;-0,12%
06.02.2017;3.156,98;3.143,09;3.158,84;3.135,39;12,72B;0,54%
03.02.2017;3.140,17;3.160,08;3.162,68;3.136,01;9,22B;-0,60%
26.01.2017;3.159,17;3.149,22;3.163,10;3.148,91;11,39B;0,31%
25.01.2017;3.149,55;3.137,65;3.151,47;3.133,19;11,21B;0,22%
24.01.2017;3.142,55;3.134,59;3.149,53;3.131,22;12,60B;0,18%
23.01.2017;3.136,77;3.125,42;3.145,84;3.125,42;13,27B;0,44%
20.01.2017;3.123,14;3.095,82;3.125,66;3.095,21;12,24B;0,70%
19.01.2017;3.101,30;3.104,97;3.115,78;3.094,01;12,39B;-0,38%
18.01.2017;3.113,01;3.104,77;3.123,72;3.098,59;13,18B;0,14%
17.01.2017;3.108,77;3.087,03;3.108,91;3.072,34;13,62B;0,17%
16.01.2017;3.103,43;3.104,49;3.105,14;3.044,29;25,79B;-0,30%
13.01.2017;3.112,76;3.116,08;3.130,51;3.102,16;15,63B;-0,21%
12.01.2017;3.119,29;3.133,60;3.144,97;3.115,98;14,89B;-0,56%
11.01.2017;3.136,75;3.156,69;3.167,03;3.136,27;17,84B;-0,79%
10.01.2017;3.161,67;3.167,57;3.174,58;3.157,33;17,98B;-0,30%
09.01.2017;3.171,24;3.148,53;3.173,14;3.147,74;17,17B;0,54%
06.01.2017;3.154,32;3.163,78;3.172,03;3.153,03;18,37B;-0,35%
05.01.2017;3.165,41;3.157,91;3.168,50;3.154,28;17,47B;0,21%
04.01.2017;3.158,79;3.133,79;3.160,10;3.130,11;16,79B;0,73%
03.01.2017;3.135,92;3.105,31;3.136,46;3.105,31;14,16B;1,04%
30.12.2016;3.103,64;3.097,35;3.108,84;3.089,99;13,33B;0,24%
29.12.2016;3.096,10;3.095,84;3.111,80;3.087,34;13,26B;-0,20%
28.12.2016;3.102,24;3.113,77;3.118,78;3.094,55;13,57B;-0,40%
27.12.2016;3.114,66;3.117,39;3.127,88;3.113,75;14,15B;-0,25%
26.12.2016;3.122,57;3.095,58;3.122,88;3.068,41;15,26B;0,40%
23.12.2016;3.110,15;3.134,93;3.138,40;3.103,75;16,62B;-0,94%
22.12.2016;3.139,56;3.132,16;3.143,17;3.126,89;16,78B;0,07%
21.12.2016;3.137,43;3.107,24;3.140,25;3.107,24;18,67B;1,11%
20.12.2016;3.102,88;3.115,90;3.117,01;3.084,80;15,74B;-0,49%
19.12.2016;3.118,08;3.120,70;3.125,28;3.110,08;15,42B;-0,16%
16.12.2016;3.122,98;3.111,51;3.128,87;3.106,35;16,50B;0,17%
15.12.2016;3.117,68;3.125,76;3.138,78;3.100,91;19,00B;-0,73%
14.12.2016;3.140,53;3.149,38;3.170,02;3.136,35;20,14B;-0,46%
13.12.2016;3.155,04;3.138,99;3.162,50;3.118,71;18,52B;0,07%
12.12.2016;3.152,97;3.233,67;3.245,09;3.149,90;27,47B;-2,47%
09.12.2016;3.232,88;3.209,34;3.244,80;3.207,04;20,40B;0,54%
08.12.2016;3.215,37;3.225,55;3.228,12;3.211,47;17,07B;-0,21%
07.12.2016;3.222,24;3.198,47;3.222,43;3.189,49;16,91B;0,71%
06.12.2016;3.199,65;3.202,03;3.215,31;3.196,52;15,76B;-0,16%
05.12.2016;3.204,71;3.203,78;3.219,52;3.194,88;22,30B;-1,21%
02.12.2016;3.243,84;3.270,12;3.279,71;3.235,28;25,96B;-0,90%
01.12.2016;3.273,31;3.257,03;3.279,67;3.256,26;23,78B;0,72%
30.11.2016;3.250,03;3.272,14;3.277,27;3.239,52;24,36B;-1,00%
29.11.2016;3.282,92;3.269,23;3.301,21;3.263,40;32,08B;0,18%
28.11.2016;3.277,00;3.270,05;3.288,34;3.267,67;28,16B;0,46%
25.11.2016;3.261,94;3.241,24;3.262,44;3.209,60;23,39B;0,62%
24.11.2016;3.241,74;3.237,43;3.257,86;3.232,87;23,23B;0,02%
23.11.2016;3.241,14;3.247,94;3.262,88;3.231,59;25,00B;-0,22%
22.11.2016;3.248,35;3.220,98;3.249,68;3.220,98;26,16B;0,94%
21.11.2016;3.218,15;3.188,50;3.229,76;3.188,28;23,07B;0,79%
18.11.2016;3.192,86;3.207,19;3.212,39;3.187,50;20,98B;-0,49%
17.11.2016;3.208,45;3.198,50;3.211,05;3.187,21;21,42B;0,11%
16.11.2016;3.205,06;3.208,50;3.210,89;3.195,41;22,18B;-0,06%
15.11.2016;3.206,99;3.209,95;3.214,29;3.195,04;24,09B;-0,11%
14.11.2016;3.210,37;3.187,71;3.221,46;3.186,80;32,96B;0,45%
11.11.2016;3.196,04;3.169,40;3.202,74;3.166,07;31,09B;0,78%
10.11.2016;3.171,28;3.148,54;3.172,31;3.148,54;24,42B;1,37%
09.11.2016;3.128,37;3.146,08;3.146,95;3.096,95;24,11B;-0,62%
08.11.2016;3.147,89;3.140,94;3.156,88;3.134,95;19,08B;0,46%
07.11.2016;3.133,33;3.124,89;3.139,20;3.117,10;17,94B;0,26%
04.11.2016;3.125,32;3.126,35;3.141,33;3.119,54;19,77B;-0,12%
03.11.2016;3.128,94;3.096,76;3.140,93;3.094,10;22,30B;0,84%
02.11.2016;3.102,73;3.115,73;3.118,98;3.099,82;18,27B;-0,63%
01.11.2016;3.122,44;3.101,66;3.122,61;3.097,04;16,02B;0,71%
31.10.2016;3.100,49;3.097,19;3.102,30;3.081,07;15,15B;-0,12%
28.10.2016;3.104,27;3.111,70;3.128,64;3.101,24;18,18B;-0,26%
27.10.2016;3.112,35;3.112,60;3.114,76;3.100,39;15,80B;-0,13%
26.10.2016;3.116,31;3.129,84;3.129,84;3.110,39;19,17B;-0,50%
25.10.2016;3.131,94;3.127,97;3.132,50;3.121,05;20,34B;0,12%
24.10.2016;3.128,25;3.092,05;3.137,03;3.090,79;24,05B;1,21%
21.10.2016;3.090,94;3.081,39;3.101,85;3.069,27;18,74B;0,21%
20.10.2016;3.084,46;3.084,91;3.089,68;3.076,29;16,07B;-0,01%
19.10.2016;3.084,72;3.085,75;3.096,22;3.076,77;18,25B;0,03%
18.10.2016;3.083,88;3.037,40;3.084,19;3.037,40;18,20B;1,40%
17.10.2016;3.041,17;3.064,69;3.068,81;3.033,75;16,37B;-0,74%
14.10.2016;3.063,81;3.056,99;3.064,79;3.043,18;15,54B;0,08%
13.10.2016;3.061,35;3.057,97;3.065,00;3.052,64;15,48B;0,09%
12.10.2016;3.058,50;3.057,32;3.060,51;3.048,89;14,25B;-0,22%
11.10.2016;3.065,25;3.051,62;3.066,10;3.048,02;16,73B;0,56%
10.10.2016;3.048,14;3.020,46;3.048,24;3.014,62;16,01B;1,45%
30.09.2016;3.004,70;2.994,25;3.009,20;2.993,06;10,13B;0,21%
29.09.2016;2.998,48;2.992,17;3.009,20;2.991,91;11,32B;0,36%
28.09.2016;2.987,86;3.000,70;3.000,70;2.984,32;10,46B;-0,34%
27.09.2016;2.998,17;2.974,59;2.998,23;2.969,13;12,17B;0,60%
26.09.2016;2.980,43;3.028,24;3.028,24;2.980,12;14,43B;-1,76%
23.09.2016;3.033,90;3.044,79;3.046,80;3.032,80;12,56B;-0,28%
22.09.2016;3.042,31;3.038,42;3.054,44;3.035,07;13,93B;0,54%
21.09.2016;3.025,87;3.021,58;3.032,45;3.017,54;11,57B;0,09%
20.09.2016;3.023,00;3.027,17;3.027,82;3.015,88;11,89B;-0,10%
19.09.2016;3.026,05;3.005,32;3.026,65;3.005,32;11,92B;0,77%
14.09.2016;3.002,85;3.008,90;3.017,94;2.995,42;13,34B;-0,68%
13.09.2016;3.023,51;3.025,03;3.029,72;3.008,74;13,54B;0,05%
12.09.2016;3.021,98;3.037,51;3.040,95;2.999,93;20,60B;-1,85%
09.09.2016;3.078,85;3.095,43;3.101,79;3.078,22;16,07B;-0,55%
08.09.2016;3.095,95;3.089,95;3.096,78;3.083,90;14,59B;0,13%
07.09.2016;3.091,93;3.091,33;3.105,68;3.087,88;18,70B;0,04%
06.09.2016;3.090,71;3.071,06;3.095,51;3.053,19;17,29B;0,61%
05.09.2016;3.072,10;3.070,71;3.085,49;3.065,33;14,50B;0,15%
02.09.2016;3.067,35;3.057,49;3.072,53;3.050,49;15,04B;0,13%
01.09.2016;3.063,31;3.083,96;3.088,70;3.062,88;15,52B;-0,72%
31.08.2016;3.085,49;3.072,92;3.087,70;3.063,40;14,14B;0,35%
30.08.2016;3.074,68;3.071,44;3.082,99;3.065,97;14,04B;0,15%
29.08.2016;3.070,03;3.068,46;3.074,94;3.058,79;14,45B;-0,01%
26.08.2016;3.070,31;3.069,85;3.087,65;3.063,89;14,97B;0,06%
25.08.2016;3.068,33;3.073,44;3.073,44;3.041,51;17,40B;-0,57%
24.08.2016;3.085,88;3.092,02;3.097,15;3.079,55;14,57B;-0,12%
23.08.2016;3.089,71;3.081,57;3.101,11;3.073,53;16,14B;0,16%
22.08.2016;3.084,81;3.107,38;3.112,74;3.083,59;18,54B;-0,75%
19.08.2016;3.108,10;3.100,39;3.113,34;3.082,77;19,43B;0,13%
18.08.2016;3.104,11;3.107,75;3.125,58;3.093,32;22,94B;-0,17%
17.08.2016;3.109,55;3.106,99;3.114,25;3.090,28;21,38B;-0,02%
16.08.2016;3.110,04;3.130,53;3.140,44;3.102,07;27,83B;-0,49%
15.08.2016;3.125,20;3.056,48;3.137,48;3.053,87;29,76B;2,44%
12.08.2016;3.050,67;3.000,27;3.051,05;2.999,04;16,82B;1,60%
11.08.2016;3.002,64;3.013,68;3.038,05;3.001,17;16,19B;-0,53%
10.08.2016;3.018,75;3.023,47;3.033,20;3.017,09;16,47B;-0,23%
09.08.2016;3.025,68;3.001,31;3.025,91;2.998,68;17,00B;0,71%
08.08.2016;3.004,28;2.972,62;3.004,72;2.959,05;15,57B;0,93%
05.08.2016;2.976,70;2.978,78;2.991,68;2.971,56;14,19B;-0,19%
04.08.2016;2.982,43;2.976,41;2.982,86;2.958,93;13,39B;0,13%
03.08.2016;2.978,46;2.963,21;2.981,16;2.956,79;14,11B;0,24%
02.08.2016;2.971,28;2.950,08;2.971,28;2.946,64;11,55B;0,61%
01.08.2016;2.953,39;2.971,95;2.972,88;2.931,96;14,74B;-0,87%
29.07.2016;2.979,34;2.992,54;3.000,05;2.972,92;15,01B;-0,50%
28.07.2016;2.994,32;2.980,50;3.003,36;2.968,18;19,06B;0,08%
27.07.2016;2.992,00;3.050,37;3.057,42;2.939,23;28,02B;-1,91%
26.07.2016;3.050,17;3.014,04;3.050,61;3.013,80;15,67B;1,14%
25.07.2016;3.015,83;3.008,09;3.027,12;3.003,29;14,42B;0,10%
22.07.2016;3.012,82;3.038,12;3.039,27;3.007,46;16,20B;-0,86%
21.07.2016;3.039,01;3.027,60;3.053,33;3.027,37;16,38B;0,37%
20.07.2016;3.027,90;3.034,71;3.043,00;3.022,63;13,82B;-0,29%
19.07.2016;3.036,60;3.040,23;3.043,60;3.014,29;15,54B;-0,23%
18.07.2016;3.043,56;3.047,64;3.058,32;3.031,64;17,75B;-0,35%
15.07.2016;3.054,30;3.056,68;3.062,68;3.044,54;17,29B;0,01%
14.07.2016;3.054,02;3.054,97;3.057,05;3.036,52;18,02B;-0,22%
13.07.2016;3.060,69;3.049,51;3.069,05;3.048,20;25,37B;0,37%
12.07.2016;3.049,38;2.992,52;3.049,68;2.984,42;25,95B;1,82%
11.07.2016;2.994,92;2.993,75;3.022,94;2.990,91;22,43B;0,23%
08.07.2016;2.988,09;3.000,33;3.001,55;2.983,88;16,90B;-0,95%
07.07.2016;3.016,85;3.009,35;3.024,11;2.994,64;22,27B;-0,01%
06.07.2016;3.017,29;2.998,52;3.017,65;2.984,83;21,24B;0,36%
05.07.2016;3.006,39;2.991,75;3.010,28;2.990,64;23,52B;0,60%
04.07.2016;2.988,60;2.924,29;2.992,50;2.922,52;22,20B;1,91%
01.07.2016;2.932,48;2.931,80;2.944,99;2.925,81;14,12B;0,10%
30.06.2016;2.929,61;2.931,48;2.938,14;2.922,31;15,45B;-0,07%
29.06.2016;2.931,59;2.918,53;2.934,00;2.915,06;19,32B;0,65%
28.06.2016;2.912,56;2.885,01;2.913,58;2.878,82;17,39B;0,58%
27.06.2016;2.895,70;2.840,56;2.895,73;2.840,28;15,67B;1,45%
24.06.2016;2.854,29;2.883,76;2.899,57;2.807,60;19,08B;-1,30%
23.06.2016;2.891,96;2.902,40;2.904,11;2.878,66;13,61B;-0,47%
22.06.2016;2.905,55;2.872,73;2.905,98;2.869,51;13,06B;0,94%
21.06.2016;2.878,56;2.898,38;2.919,30;2.869,18;16,44B;-0,35%
20.06.2016;2.888,81;2.887,64;2.891,66;2.864,02;13,66B;0,13%
17.06.2016;2.885,11;2.873,01;2.900,30;2.872,18;17,15B;0,43%
16.06.2016;2.872,82;2.878,40;2.887,74;2.865,39;17,39B;-0,50%
15.06.2016;2.887,21;2.814,69;2.894,26;2.811,78;16,67B;1,58%
14.06.2016;2.842,19;2.824,23;2.843,46;2.822,06;11,98B;0,32%
13.06.2016;2.833,07;2.897,27;2.911,16;2.832,51;16,93B;-3,21%
08.06.2016;2.927,16;2.932,38;2.937,99;2.908,37;14,30B;-0,30%
07.06.2016;2.936,04;2.936,28;2.938,44;2.923,50;13,30B;0,07%
06.06.2016;2.934,10;2.940,99;2.945,94;2.922,28;14,20B;-0,16%
03.06.2016;2.938,68;2.929,79;2.945,52;2.915,18;17,20B;0,46%
02.06.2016;2.925,23;2.911,22;2.925,67;2.906,52;15,97B;0,40%
01.06.2016;2.913,51;2.917,15;2.929,08;2.909,51;18,84B;-0,11%
31.05.2016;2.916,62;2.822,59;2.917,14;2.822,59;21,53B;3,34%
30.05.2016;2.822,45;2.814,65;2.830,97;2.794,66;10,63B;0,05%
27.05.2016;2.821,05;2.817,97;2.832,80;2.809,80;10,98B;-0,05%
26.05.2016;2.822,44;2.813,54;2.827,09;2.780,76;11,48B;0,26%
25.05.2016;2.815,09;2.835,03;2.843,16;2.807,75;10,35B;-0,23%
24.05.2016;2.821,67;2.839,68;2.839,70;2.807,19;11,15B;-0,77%
23.05.2016;2.843,64;2.826,31;2.848,07;2.826,26;12,05B;0,64%
20.05.2016;2.825,48;2.792,89;2.825,95;2.785,08;10,87B;0,66%
19.05.2016;2.806,91;2.802,31;2.829,40;2.801,55;11,16B;-0,02%
18.05.2016;2.807,51;2.828,18;2.828,26;2.781,42;14,05B;-1,27%
17.05.2016;2.843,68;2.850,93;2.860,32;2.832,46;12,34B;-0,25%
16.05.2016;2.850,86;2.816,78;2.851,23;2.804,99;11,47B;0,84%
13.05.2016;2.827,11;2.828,46;2.850,09;2.814,11;11,43B;-0,31%
12.05.2016;2.835,86;2.812,11;2.839,28;2.781,24;13,63B;-0,04%
11.05.2016;2.837,04;2.843,54;2.857,25;2.818,70;13,58B;0,16%
10.05.2016;2.832,59;2.822,33;2.845,24;2.820,16;12,08B;0,02%
09.05.2016;2.832,11;2.896,16;2.896,16;2.821,83;18,04B;-2,79%
06.05.2016;2.913,25;2.998,40;3.003,59;2.913,04;20,68B;-2,82%
05.05.2016;2.997,84;2.987,02;2.999,12;2.977,20;14,48B;0,22%
04.05.2016;2.991,27;2.983,03;3.004,42;2.978,33;16,54B;-0,05%
03.05.2016;2.992,64;2.940,39;2.993,53;2.929,81;16,87B;1,85%
29.04.2016;2.938,32;2.935,38;2.950,58;2.930,36;10,93B;-0,25%
28.04.2016;2.945,59;2.955,74;2.959,51;2.916,37;13,87B;-0,27%
27.04.2016;2.953,67;2.967,19;2.976,02;2.949,43;13,09B;-0,37%
26.04.2016;2.964,70;2.944,72;2.965,43;2.933,97;11,77B;0,61%
25.04.2016;2.946,67;2.949,97;2.954,09;2.917,02;12,59B;-0,42%
22.04.2016;2.959,24;2.933,03;2.960,21;2.926,78;13,72B;0,22%
21.04.2016;2.952,89;2.954,37;2.990,67;2.943,46;18,94B;-0,66%
20.04.2016;2.972,58;3.050,38;3.055,69;2.905,05;28,31B;-2,31%
19.04.2016;3.042,82;3.047,13;3.054,50;3.024,90;15,65B;0,30%
18.04.2016;3.033,66;3.058,46;3.058,46;3.022,97;18,33B;-1,44%
15.04.2016;3.078,12;3.085,03;3.089,95;3.066,87;18,96B;-0,14%
14.04.2016;3.082,36;3.080,09;3.086,70;3.056,99;20,82B;0,51%
13.04.2016;3.066,64;3.041,36;3.097,16;3.041,36;31,00B;1,42%
12.04.2016;3.023,65;3.031,30;3.036,82;3.001,32;18,27B;-0,34%
11.04.2016;3.033,96;3.006,91;3.048,98;3.006,91;22,00B;1,64%
08.04.2016;2.984,96;2.988,20;2.996,17;2.960,46;18,79B;-0,78%
07.04.2016;3.008,42;3.058,34;3.062,36;3.007,06;22,09B;-1,38%
06.04.2016;3.050,59;3.039,74;3.059,79;3.029,00;23,23B;-0,08%
05.04.2016;3.053,07;3.000,94;3.057,33;2.993,15;25,67B;1,45%
01.04.2016;3.009,53;2.997,09;3.009,67;2.956,25;20,65B;0,19%
31.03.2016;3.003,92;3.009,37;3.023,41;2.992,92;22,04B;0,11%
30.03.2016;3.000,64;2.941,22;3.001,11;2.941,22;21,04B;2,77%
29.03.2016;2.919,83;2.956,71;2.962,20;2.905,25;18,30B;-1,28%
28.03.2016;2.957,82;2.988,01;3.008,17;2.948,53;20,20B;-0,73%
25.03.2016;2.979,43;2.956,20;2.981,41;2.952,11;17,51B;0,62%
24.03.2016;2.960,97;2.986,80;2.998,15;2.960,54;23,70B;-1,63%
23.03.2016;3.009,96;2.991,17;3.012,56;2.980,86;21,70B;0,35%
22.03.2016;2.999,36;3.001,63;3.019,10;2.988,43;27,04B;-0,64%
21.03.2016;3.018,80;2.978,46;3.028,32;2.973,76;35,24B;2,15%
18.03.2016;2.955,15;2.915,52;2.971,55;2.908,74;31,33B;1,73%
17.03.2016;2.904,83;2.875,41;2.921,00;2.857,19;20,03B;1,20%
16.03.2016;2.870,43;2.858,71;2.881,53;2.854,19;18,65B;0,21%
15.03.2016;2.864,37;2.853,98;2.865,79;2.819,79;16,34B;0,17%
14.03.2016;2.859,50;2.830,08;2.889,82;2.823,03;19,48B;1,75%
11.03.2016;2.810,31;2.781,60;2.815,61;2.772,55;12,72B;0,20%
10.03.2016;2.804,73;2.847,57;2.863,18;2.803,48;13,90B;-2,02%
09.03.2016;2.862,56;2.839,41;2.863,01;2.811,72;18,34B;-1,34%
08.03.2016;2.901,39;2.895,67;2.902,62;2.802,56;23,35B;0,14%
07.03.2016;2.897,34;2.886,64;2.911,84;2.871,35;21,75B;0,81%
04.03.2016;2.874,15;2.848,54;2.880,37;2.808,85;31,25B;0,50%
03.03.2016;2.859,76;2.847,33;2.878,45;2.840,87;28,75B;0,35%
02.03.2016;2.849,68;2.733,77;2.852,70;2.732,54;27,10B;4,26%
01.03.2016;2.733,17;2.688,38;2.747,56;2.668,76;18,72B;1,68%
29.02.2016;2.687,98;2.754,81;2.755,89;2.638,96;20,74B;-2,86%
26.02.2016;2.767,21;2.760,06;2.784,75;2.715,87;19,11B;0,95%
25.02.2016;2.741,25;2.922,24;2.922,24;2.729,85;27,03B;-6,41%
24.02.2016;2.928,90;2.889,88;2.929,87;2.872,27;21,34B;0,88%
23.02.2016;2.903,33;2.925,71;2.928,05;2.872,28;19,97B;-0,81%
22.02.2016;2.927,18;2.888,60;2.933,96;2.880,35;23,22B;2,35%
19.02.2016;2.860,02;2.854,90;2.872,72;2.840,49;16,34B;-0,10%
18.02.2016;2.862,89;2.881,78;2.893,21;2.857,70;21,92B;-0,16%
17.02.2016;2.867,34;2.829,76;2.868,70;2.824,36;21,69B;1,08%
16.02.2016;2.836,57;2.758,58;2.840,62;2.758,58;19,60B;3,29%
15.02.2016;2.746,20;2.684,96;2.760,36;2.682,09;12,93B;-0,63%
05.02.2016;2.763,49;2.783,08;2.790,06;2.762,16;14,12B;-0,63%
04.02.2016;2.781,02;2.751,43;2.793,30;2.751,31;17,04B;1,52%
03.02.2016;2.739,25;2.719,57;2.746,07;2.696,88;14,84B;-0,38%
02.02.2016;2.749,57;2.687,98;2.755,16;2.687,98;15,81B;2,26%
01.02.2016;2.688,85;2.730,98;2.735,26;2.655,62;15,64B;-1,78%
29.01.2016;2.737,60;2.652,85;2.755,37;2.649,79;18,67B;3,09%
28.01.2016;2.655,66;2.711,16;2.740,54;2.647,49;17,11B;-2,92%
27.01.2016;2.735,56;2.756,08;2.768,77;2.638,30;21,57B;-0,52%
26.01.2016;2.749,79;2.907,72;2.911,99;2.743,84;21,08B;-6,42%
25.01.2016;2.938,51;2.934,08;2.955,78;2.911,83;15,30B;0,75%
22.01.2016;2.916,56;2.911,11;2.931,36;2.851,73;15,98B;1,25%
21.01.2016;2.880,48;2.934,39;2.998,79;2.880,08;19,17B;-3,23%
20.01.2016;2.976,69;2.993,01;3.016,28;2.951,92;21,65B;-1,03%
19.01.2016;3.007,74;2.914,41;3.012,07;2.906,40;20,53B;3,22%
18.01.2016;2.913,84;2.847,54;2.945,45;2.844,70;16,47B;0,44%
15.01.2016;2.900,97;2.988,05;3.001,71;2.883,87;19,87B;-3,55%
14.01.2016;3.007,65;2.874,05;3.012,29;2.867,55;21,29B;1,97%
13.01.2016;2.949,60;3.041,11;3.059,01;2.949,29;19,43B;-2,42%
12.01.2016;3.022,86;3.026,16;3.047,66;2.978,46;20,77B;0,20%
11.01.2016;3.016,70;3.131,85;3.166,22;3.016,70;27,16B;-5,33%
08.01.2016;3.186,41;3.194,63;3.235,45;3.056,88;28,64B;1,97%
07.01.2016;3.125,00;3.309,66;3.309,66;3.115,89;7,06B;-7,04%
06.01.2016;3.361,84;3.291,19;3.362,97;3.288,93;23,89B;2,25%
05.01.2016;3.287,71;3.196,65;3.328,14;3.189,60;26,69B;-0,26%
04.01.2016;3.296,26;3.536,59;3.538,69;3.295,74;18,44B;-6,86%
31.12.2015;3.539,18;3.570,47;3.580,60;3.538,35;17,70B;-0,94%
30.12.2015;3.572,88;3.566,73;3.573,68;3.538,11;18,79B;0,26%
29.12.2015;3.563,74;3.528,40;3.564,17;3.515,52;18,26B;0,85%
28.12.2015;3.533,78;3.635,77;3.641,59;3.533,78;27,00B;-2,59%
25.12.2015;3.627,91;3.614,05;3.635,26;3.601,74;19,85B;0,43%
24.12.2015;3.612,49;3.631,31;3.640,22;3.572,28;22,78B;-0,65%
23.12.2015;3.636,09;3.653,28;3.684,57;3.633,03;29,82B;-0,43%
22.12.2015;3.651,77;3.645,99;3.652,63;3.616,87;26,12B;0,26%
21.12.2015;3.642,47;3.568,58;3.651,06;3.565,75;29,98B;1,77%
18.12.2015;3.578,96;3.574,94;3.614,70;3.568,16;27,37B;-0,03%
17.12.2015;3.580,00;3.533,63;3.583,41;3.533,63;28,39B;1,81%
16.12.2015;3.516,19;3.522,09;3.538,69;3.506,29;19,35B;0,17%
15.12.2015;3.510,35;3.518,13;3.529,96;3.496,85;20,05B;-0,29%
14.12.2015;3.520,67;3.403,51;3.521,78;3.399,28;21,54B;2,51%
11.12.2015;3.434,58;3.441,60;3.455,55;3.410,92;18,29B;-0,61%
10.12.2015;3.455,50;3.469,81;3.503,65;3.446,27;20,04B;-0,49%
09.12.2015;3.472,44;3.462,58;3.495,70;3.454,88;19,57B;0,07%
08.12.2015;3.470,07;3.518,65;3.518,65;3.466,79;22,44B;-1,89%
07.12.2015;3.536,93;3.529,81;3.543,95;3.506,62;20,83B;0,34%
04.12.2015;3.524,99;3.558,15;3.568,97;3.510,41;25,17B;-1,67%
03.12.2015;3.584,82;3.525,73;3.591,73;3.517,23;28,11B;1,35%
02.12.2015;3.536,91;3.450,28;3.538,85;3.427,66;30,15B;2,33%
01.12.2015;3.456,31;3.442,44;3.483,41;3.417,55;25,24B;0,32%
30.11.2015;3.445,40;3.433,86;3.470,37;3.327,81;30,42B;0,26%
27.11.2015;3.436,30;3.616,54;3.621,90;3.412,43;35,43B;-5,48%
26.11.2015;3.635,55;3.659,57;3.668,38;3.629,86;30,68B;-0,34%
25.11.2015;3.647,93;3.614,07;3.648,37;3.607,52;27,30B;0,88%
24.11.2015;3.616,11;3.602,89;3.616,48;3.563,10;24,88B;0,16%
23.11.2015;3.610,31;3.630,87;3.654,75;3.598,87;31,60B;-0,56%
20.11.2015;3.630,50;3.620,79;3.640,53;3.607,92;31,08B;0,37%
19.11.2015;3.617,06;3.573,78;3.618,21;3.561,04;24,79B;1,36%
18.11.2015;3.568,47;3.605,06;3.617,07;3.558,70;29,76B;-1,01%
17.11.2015;3.604,80;3.629,98;3.678,27;3.598,07;38,36B;-0,06%
16.11.2015;3.606,96;3.522,46;3.607,61;3.519,42;27,62B;0,73%
13.11.2015;3.580,84;3.600,76;3.632,56;3.564,81;34,59B;-1,43%
12.11.2015;3.632,90;3.656,82;3.659,31;3.603,23;36,17B;-0,48%
11.11.2015;3.650,25;3.635,00;3.654,88;3.605,62;36,10B;0,27%
10.11.2015;3.640,49;3.617,40;3.669,53;3.607,89;42,97B;-0,18%
09.11.2015;3.646,88;3.588,50;3.673,76;3.588,50;50,30B;1,58%
06.11.2015;3.590,03;3.514,44;3.596,38;3.508,83;42,92B;1,91%
05.11.2015;3.522,82;3.459,22;3.585,66;3.455,53;55,33B;1,83%
04.11.2015;3.459,64;3.325,62;3.459,65;3.325,62;33,91B;4,31%
03.11.2015;3.316,70;3.330,32;3.346,27;3.302,18;19,29B;-0,25%
02.11.2015;3.325,08;3.337,58;3.391,06;3.322,31;23,10B;-1,70%
30.10.2015;3.382,56;3.380,28;3.417,20;3.346,59;24,36B;-0,14%
29.10.2015;3.387,32;3.387,77;3.411,71;3.362,51;23,57B;0,36%
28.10.2015;3.375,20;3.417,01;3.439,76;3.367,23;29,35B;-1,72%
27.10.2015;3.434,34;3.409,14;3.441,57;3.332,62;32,82B;0,14%
26.10.2015;3.429,58;3.448,65;3.457,52;3.402,00;36,56B;0,50%
23.10.2015;3.412,43;3.377,55;3.422,02;3.360,22;34,74B;1,30%
22.10.2015;3.368,74;3.292,29;3.373,78;3.282,99;32,37B;1,45%
21.10.2015;3.320,68;3.428,56;3.447,26;3.265,44;45,85B;-3,06%
20.10.2015;3.425,33;3.377,55;3.425,52;3.357,86;31,90B;1,14%
19.10.2015;3.386,70;3.401,63;3.423,40;3.355,57;37,81B;-0,14%
16.10.2015;3.391,35;3.358,30;3.393,02;3.334,85;39,55B;1,60%
15.10.2015;3.338,07;3.255,03;3.338,30;3.254,39;31,63B;2,32%
14.10.2015;3.262,44;3.280,02;3.307,32;3.256,25;29,51B;-0,93%
13.10.2015;3.293,23;3.262,16;3.298,63;3.253,25;29,72B;0,17%
12.10.2015;3.287,66;3.193,54;3.318,71;3.188,41;38,63B;3,28%
09.10.2015;3.183,15;3.146,64;3.192,72;3.137,79;23,49B;1,27%
08.10.2015;3.143,36;3.156,07;3.172,28;3.133,13;23,43B;2,97%
30.09.2015;3.052,78;3.052,84;3.073,30;3.039,74;14,66B;0,48%
29.09.2015;3.038,14;3.055,22;3.068,30;3.021,16;16,32B;-2,02%
28.09.2015;3.100,76;3.085,57;3.103,07;3.042,31;15,67B;0,27%
25.09.2015;3.092,35;3.130,85;3.149,95;3.063,00;23,63B;-1,60%
24.09.2015;3.142,69;3.126,49;3.151,16;3.109,69;21,29B;0,86%
23.09.2015;3.115,89;3.137,72;3.164,04;3.104,74;23,63B;-2,19%
22.09.2015;3.185,62;3.161,32;3.213,48;3.152,48;27,48B;0,92%
21.09.2015;3.156,54;3.072,09;3.159,88;3.060,86;23,99B;1,89%
18.09.2015;3.097,92;3.100,28;3.122,05;3.070,34;20,92B;0,38%
17.09.2015;3.086,06;3.131,98;3.204,70;3.085,31;31,76B;-2,10%
16.09.2015;3.152,26;2.998,04;3.182,93;2.983,54;27,75B;4,89%
15.09.2015;3.005,17;3.043,80;3.081,70;2.983,92;24,92B;-3,52%
14.09.2015;3.114,80;3.221,17;3.229,48;3.049,23;34,66B;-2,67%
11.09.2015;3.200,23;3.189,48;3.223,76;3.163,45;22,46B;0,07%
10.09.2015;3.197,89;3.190,55;3.243,28;3.178,90;27,33B;-1,39%
09.09.2015;3.243,09;3.182,55;3.256,74;3.165,70;37,53B;2,29%
08.09.2015;3.170,45;3.054,44;3.174,71;3.011,12;25,54B;2,92%
07.09.2015;3.080,42;3.149,38;3.217,58;3.066,30;29,65B;-2,52%
02.09.2015;3.160,17;3.027,68;3.194,48;3.019,09;43,82B;-0,20%
01.09.2015;3.166,62;3.157,83;3.180,33;3.053,74;43,24B;-1,23%
31.08.2015;3.205,99;3.203,56;3.207,86;3.109,16;39,74B;-0,82%
28.08.2015;3.232,35;3.125,26;3.235,84;3.102,95;44,31B;4,82%
27.08.2015;3.083,59;2.978,03;3.085,42;2.906,49;40,03B;5,34%
26.08.2015;2.927,29;2.980,79;3.092,04;2.850,71;46,67B;-1,27%
25.08.2015;2.964,97;3.004,13;3.123,03;2.947,94;35,23B;-7,63%
24.08.2015;3.209,91;3.373,48;3.388,36;3.191,88;33,47B;-8,49%
21.08.2015;3.507,74;3.609,96;3.652,84;3.490,54;36,99B;-4,27%
20.08.2015;3.664,29;3.754,57;3.788,01;3.663,61;39,01B;-3,42%
19.08.2015;3.794,11;3.646,80;3.811,43;3.558,38;47,54B;1,23%
18.08.2015;3.748,16;3.999,13;4.006,34;3.743,39;54,38B;-6,15%
17.08.2015;3.993,67;3.947,84;3.994,54;3.907,40;46,04B;0,71%
14.08.2015;3.965,33;3.976,41;4.000,68;3.939,84;46,80B;0,27%
13.08.2015;3.954,56;3.869,91;3.955,79;3.838,16;43,01B;1,76%
12.08.2015;3.886,32;3.881,23;3.937,77;3.871,14;44,27B;-1,06%
11.08.2015;3.927,91;3.928,81;3.970,34;3.891,18;53,89B;-0,01%
10.08.2015;3.928,42;3.786,03;3.943,62;3.775,85;49,73B;4,92%
07.08.2015;3.744,20;3.692,61;3.756,74;3.686,30;34,08B;2,26%
06.08.2015;3.661,54;3.625,50;3.710,57;3.614,74;27,41B;-0,89%
05.08.2015;3.694,57;3.745,65;3.782,35;3.676,39;36,64B;-1,65%
04.08.2015;3.756,54;3.621,85;3.757,03;3.601,29;36,29B;3,69%
03.08.2015;3.622,91;3.614,99;3.648,94;3.549,50;36,40B;-1,11%
31.07.2015;3.663,73;3.655,67;3.729,51;3.620,17;35,10B;-1,13%
30.07.2015;3.705,77;3.773,79;3.844,37;3.685,96;45,79B;-2,20%
29.07.2015;3.789,17;3.689,82;3.792,07;3.612,06;43,44B;3,44%
28.07.2015;3.663,00;3.573,14;3.762,53;3.537,36;56,33B;-1,68%
27.07.2015;3.725,56;3.985,57;4.051,16;3.720,44;55,60B;-8,48%
24.07.2015;4.070,91;4.124,75;4.184,45;4.044,83;62,74B;-1,29%
23.07.2015;4.123,92;4.022,27;4.132,61;4.019,04;56,36B;2,43%
22.07.2015;4.026,05;3.996,43;4.042,34;3.960,86;52,07B;0,21%
21.07.2015;4.017,67;3.939,90;4.041,82;3.912,80;50,43B;0,64%
20.07.2015;3.992,11;3.948,42;4.021,33;3.927,12;53,91B;0,88%
17.07.2015;3.957,35;3.831,42;3.994,48;3.814,15;48,17B;3,51%
16.07.2015;3.823,18;3.758,50;3.877,51;3.688,44;49,23B;0,46%
15.07.2015;3.805,70;3.874,97;3.914,27;3.741,25;60,13B;-3,03%
14.07.2015;3.924,49;3.958,37;4.035,43;3.855,56;67,06B;-1,16%
13.07.2015;3.970,39;3.918,99;4.030,19;3.858,64;64,35B;2,39%
10.07.2015;3.877,80;3.707,46;3.959,22;3.677,43;58,64B;4,54%
09.07.2015;3.709,33;3.432,45;3.748,48;3.373,54;65,69B;5,76%
08.07.2015;3.507,19;3.467,40;3.599,25;3.421,53;68,04B;-5,90%
07.07.2015;3.727,12;3.654,78;3.750,57;3.585,40;69,88B;-1,29%
06.07.2015;3.775,91;3.975,21;3.975,21;3.653,04;83,11B;2,41%
03.07.2015;3.686,92;3.793,71;3.927,13;3.629,56;54,82B;-5,77%
02.07.2015;3.912,77;4.058,62;4.080,39;3.795,25;58,60B;-3,48%
01.07.2015;4.053,70;4.214,15;4.317,05;4.043,37;59,88B;-5,23%
30.06.2015;4.277,22;4.006,75;4.279,97;3.847,88;70,92B;5,53%
29.06.2015;4.053,03;4.289,77;4.297,47;3.875,05;67,38B;-3,34%
26.06.2015;4.192,87;4.399,93;4.456,90;4.139,53;56,52B;-7,40%
25.06.2015;4.527,78;4.711,76;4.720,70;4.483,55;57,28B;-3,46%
24.06.2015;4.690,15;4.604,58;4.691,77;4.552,13;54,30B;2,48%
23.06.2015;4.576,49;4.471,61;4.577,94;4.264,77;47,35B;2,19%
19.06.2015;4.478,36;4.689,93;4.744,08;4.476,50;45,27B;-6,42%
18.06.2015;4.785,36;4.942,52;4.966,77;4.780,87;50,74B;-3,67%
17.06.2015;4.967,90;4.890,55;4.983,66;4.767,22;53,71B;1,65%
16.06.2015;4.887,43;5.004,41;5.029,68;4.842,10;55,08B;-3,47%
15.06.2015;5.062,99;5.174,42;5.176,79;5.048,74;63,78B;-2,00%
12.06.2015;5.166,35;5.143,34;5.178,19;5.103,40;62,56B;0,87%
11.06.2015;5.121,59;5.101,44;5.122,46;5.050,76;56,40B;0,30%
10.06.2015;5.106,04;5.049,20;5.164,16;5.001,49;59,70B;-0,15%
09.06.2015;5.113,53;5.145,98;5.147,45;5.042,96;72,99B;-0,36%
08.06.2015;5.131,88;5.045,69;5.146,95;4.997,48;85,50B;2,17%
05.06.2015;5.023,10;5.016,09;5.051,63;4.898,07;77,22B;1,54%
04.06.2015;4.947,10;4.912,95;4.947,96;4.647,41;67,50B;0,76%
03.06.2015;4.909,98;4.924,38;4.942,06;4.822,44;61,15B;-0,01%
02.06.2015;4.910,53;4.844,70;4.911,57;4.797,55;62,37B;1,69%
01.06.2015;4.828,74;4.633,10;4.829,50;4.615,23;59,34B;4,71%
29.05.2015;4.611,74;4.603,47;4.698,19;4.431,56;61,13B;-0,18%
28.05.2015;4.620,27;4.943,74;4.986,50;4.614,24;78,30B;-6,50%
27.05.2015;4.941,71;4.932,85;4.958,16;4.857,06;68,12B;0,63%
26.05.2015;4.910,90;4.854,85;4.911,68;4.779,08;70,49B;2,02%
25.05.2015;4.813,80;4.660,07;4.814,67;4.656,82;68,25B;3,35%
22.05.2015;4.657,60;4.584,98;4.658,27;4.562,99;65,56B;2,83%
21.05.2015;4.529,42;4.456,43;4.530,48;4.438,26;46,50B;1,87%
20.05.2015;4.446,29;4.434,98;4.520,54;4.432,28;51,41B;0,65%
19.05.2015;4.417,55;4.285,78;4.418,40;4.285,78;43,67B;3,13%
18.05.2015;4.283,49;4.277,89;4.324,83;4.260,51;38,01B;-0,58%
15.05.2015;4.308,69;4.366,82;4.366,82;4.278,55;43,97B;-1,59%
14.05.2015;4.378,31;4.372,82;4.397,74;4.329,04;44,91B;0,06%
13.05.2015;4.375,76;4.402,38;4.415,63;4.342,48;51,05B;-0,58%
12.05.2015;4.401,22;4.342,37;4.402,31;4.317,98;52,19B;1,56%
11.05.2015;4.333,58;4.231,27;4.334,88;4.187,82;48,88B;3,04%
08.05.2015;4.205,92;4.152,98;4.206,86;4.099,04;39,74B;2,28%
07.05.2015;4.112,21;4.197,90;4.213,76;4.108,01;39,46B;-2,77%
06.05.2015;4.229,27;4.311,64;4.376,35;4.187,37;48,17B;-1,62%
05.05.2015;4.298,71;4.479,85;4.488,87;4.282,24;57,29B;-4,06%
04.05.2015;4.480,46;4.441,34;4.487,57;4.387,43;49,42B;0,87%
30.04.2015;4.441,66;4.483,01;4.507,34;4.441,05;52,67B;-0,78%
29.04.2015;4.476,62;4.446,12;4.499,94;4.398,64;51,98B;0,01%
28.04.2015;4.476,21;4.527,64;4.572,39;4.432,90;76,77B;-1,13%
27.04.2015;4.527,40;4.441,93;4.529,74;4.441,93;67,11B;3,04%
24.04.2015;4.393,69;4.355,95;4.416,38;4.318,12;62,86B;-0,47%
23.04.2015;4.414,51;4.414,48;4.444,41;4.358,84;66,73B;0,36%
22.04.2015;4.398,49;4.304,60;4.400,19;4.297,95;68,03B;2,44%
21.04.2015;4.293,62;4.212,19;4.294,37;4.188,57;63,45B;1,82%
20.04.2015;4.217,08;4.301,35;4.356,00;4.190,68;85,71B;-1,64%
17.04.2015;4.287,30;4.254,72;4.317,22;4.238,91;70,17B;2,20%
16.04.2015;4.194,82;4.055,92;4.195,31;4.031,24;55,12B;2,71%
15.04.2015;4.084,16;4.135,65;4.175,49;4.069,01;61,30B;-1,24%
14.04.2015;4.135,57;4.125,78;4.168,35;4.091,26;61,07B;0,34%
13.04.2015;4.121,71;4.072,72;4.128,07;4.057,29;58,98B;2,17%