Timestamp,my-wallet-n-users
2015-01-17 00:00:00,2735129.466666667
2015-02-04 00:00:00,2818763.466666667
00:00,3
2015-03-12 00:00:00,3012929.3
2015-03-31 00:00:00,3104231.7333333334
2015-04-18 00:00:00,3191349.466666667
2015-05-06 00:00:00,3282165.4
2015-05-24 00:00:00,3373714.4
2015-06-11 00:00:00,3469230.066666667
2015-06-29 00:00:00,3566506.8
2015-07-17 00:00:00,3678569.3333333335
2015-08-04 00:00:00,3814651.7666666666
2015-08-22 00:00:00,3942472.6
2015-09-09 00:00:00,4090181.7666666666
2015-09-27 00:00:00,4232906.633333334
2015-10-15 00:00:00,4378366.333333333
2015-11-01 00:00:00,4554252.666666667
2015-11-19 00:00:00,4741379.633333334
2015-12-07 00:00:00,4940851.666666667
2015-12-25 00:00:00,5169940.733333333
2016-01-12 00:00:00,5412584.3
2016-01-30 00:00:00,5678318.333333333
2016-02-17 00:00:00,5914589.466666667
2016-03-06 00:00:00,6127704.533333333
2016-03-24 00:00:00,6358122.1
2016-04-30 00:00:00,6834355.5
2016-05-18 00:00:00,7065490.7
2016-06-05 00:00:00,7307572.433333334
2016-06-23 00:00:00,7535887.5
2016-07-11 00:00:00,7743439.6
2016-07-29 00:00:00,7943197.5
2016-08-16 00:00:00,8144084.133333334
2016-09-03 00:00:00,8360291.666666667
2016-09-21 00:00:00,8593454.866666667
2016-10-09 00:00:00,8853996.166666666
2016-10-27 00:00:00,9152316.133333333
2016-11-13 00:00:00,9496129.6
2016-12-01 00:00:00,9911798.4
2016-12-19 00:00:00,10378670.866666667
2017-01-24 00:00:00,11200227.033333333
2017-03-01 00:00:00,12000985.6
2017-03-19 00:00:00,12390940.8
2017-04-07 00:00:00,12735924.933333334
2017-04-25 00:00:00,13050473.633333333
2017-05-13 00:00:00,13366931.533333333
2017-05-31 00:00:00,13762565.5
2017-06-18 00:00:00,14247984.8
2017-06-24 00:00:00,14635556.533333333
2017-06-30 00:00:00,14819001.333333334
2017-07-05 00:00:00,14958791.433333334
2017-07-10 00:00:00,15086714.433333334
2017-08-02 00:00:00,15308417.033333333
2017-08-08 00:00:00,15663112.6
2017-08-13 07:13:32,15842506.033333333
2017-08-18 13:13:53,15975534.266666668
2017-08-23 13:55:34,16123087.766666668
2017-08-27 17:34:11,16254401.2
2017-09-01 15:42:11,16383952.1
2017-09-06 16:48:24,16532750.3
2017-09-11 16:42:41,16682123.533333333
2017-09-15 09:57:51,16805983.066666666
2017-09-25 00:43:00,16967975.866666667
2017-09-28 12:38:07,17135376.966666665
2017-10-03 09:19:03,17224916.133333333
2017-10-07 15:28:24,17315925.866666667
2017-10-11 10:36:07,17419290.033333335
2017-10-16 16:36:08,17536253.266666666
2017-10-21 22:21:04,17693291.733333334
2017-10-26 10:04:44,17870557.4
2017-10-31 10:53:54,18033072.666666668
2017-11-05 10:20:29,18217827.533333335
2017-11-10 12:59:22,18422616.333333332
2017-11-14 18:42:32,18600291.033333335
2017-11-19 08:52:16,18757411.8
2017-11-24 14:53:02,18919243.033333335
2017-11-29 15:24:40,19104591.9
2017-12-04 15:41:55,19384858.466666665
2017-12-08 11:23:32,19698295.766666666
2017-12-13 03:02:58,20048239.833333332
2017-12-18 09:03:55,20445047.666666668
2017-12-23 06:00:50,20832433.766666666
2017-12-28 12:00:50,21155015.633333333
2018-01-02 15:12:00,21393732.3
2018-01-07 21:12:25,21613254.766666666
2018-01-17 13:06:36,22079920.6
2018-01-22 19:06:38,22283080.8
2018-01-26 20:08:46,22450179.8
2018-02-01 02:08:07,22591932.766666666
2018-02-06 08:08:36,22743254.9
2018-02-11 14:09:32,22879596.633333333
2018-02-16 10:23:30,22998105.7
2018-02-21 14:15:23,23110856.633333333
2018-02-26 20:15:40,23227036.233333334
2018-03-04 02:16:15,23339856.733333334
2018-03-09 08:16:13,23450727.833333332
2018-03-14 14:16:07,23554517.2
2018-03-19 20:16:55,23654749.866666667
2018-03-24 20:13:35,23750124.866666667
2018-03-29 21:40:41,23839271.4
2018-04-04 01:57:28,23929125.7
2018-04-09 07:57:30,24016010.866666667
2018-04-14 02:06:19,24097328.166666668
2018-04-19 08:06:26,24177772.366666667
2018-04-24 14:07:06,24265405.8
2018-05-03 11:40:31,24380601.666666668
2018-05-08 17:40:38,24534161.866666667
2018-05-13 23:39:47,24644662.833333332
2018-05-19 05:39:40,24736029.566666666
2018-05-24 05:47:42,24824967.7
2018-05-29 11:48:34,24912699.533333335
2018-06-03 17:47:53,25006743.3
2018-06-08 23:48:57,25113236.8
2018-06-14 05:48:39,25214667.7
2018-06-19 11:48:45,25308441.333333332
2018-06-24 12:16:25,25410504.3
2018-06-29 02:21:27,25544141.8
2018-07-04 08:21:26,25719411.4
2018-07-14 16:37:19,26108960.933333334
2018-07-19 22:37:22,26269492.8
2018-07-25 01:48:44,26456775.966666665
2018-07-30 07:48:42,26696744.833333332
2018-08-04 11:54:30,26936808.733333334
2018-08-08 11:54:32,27207762.7
2018-08-09 05:54:32,27389233.233333334
2018-08-09 23:54:32,27448067.466666665
2018-08-10 17:54:32,27495542.3
2018-08-11 11:54:32,27537149.566666666
2018-08-12 05:54:32,27576034.333333332
2018-08-13 17:54:32,27636020.633333333
2018-08-14 11:54:32,27660338.433333334
2018-08-15 05:54:32,27679822.933333334
2018-08-15 23:54:32,27701475.933333334
2018-08-16 17:54:32,27727598.666666668
2018-08-17 11:54:32,27755785.233333334
2018-08-18 05:54:32,27777998.4
2018-08-18 23:54:32,27796090.333333332
2018-08-19 17:54:32,27813619.233333334
2018-08-20 11:54:32,27832660.666666668
2018-08-21 05:54:32,27851830.133333333
2018-08-21 23:54:32,27868055.033333335
2018-08-23 11:54:32,27899440.3
2018-08-24 05:54:32,27914119.066666666
2018-08-24 23:54:32,27929486.433333334
2018-08-25 17:54:32,27945267.766666666
2018-08-26 11:54:32,27962243.333333332
2018-08-27 05:54:32,27978289.066666666
2018-08-27 23:54:32,27994704.166666668
2018-08-28 17:54:32,28012995.266666666
2018-08-29 11:54:32,28033231.366666667
2018-08-30 05:54:32,28052725.366666667
2018-08-30 23:54:32,28071417.7
2018-08-31 17:54:32,28091541.466666665
2018-09-01 11:54:32,28110382.133333333
2018-09-02 05:54:32,28128155.8
2018-09-02 23:54:32,28147970.5
2018-09-03 17:54:32,28170635.133333333
2018-09-04 11:54:32,28191609.466666665
2018-09-05 05:54:32,28211725.033333335
2018-09-05 23:54:32,28229698.4
2018-09-06 17:54:32,28247499.866666667
2018-09-07 11:54:32,28264996.066666666
2018-09-08 05:54:32,28283988.7
2018-09-08 23:54:32,28304548.333333332
2018-09-09 17:54:32,28320152.633333333
2018-09-10 11:54:32,28339714.466666665
2018-09-11 05:54:32,28356946.233333334
2018-09-11 23:54:32,28373446.166666668
2018-09-12 17:54:32,28395289.5
2018-09-13 11:54:32,28413609.4
2018-09-14 05:54:32,28429096.066666666
2018-09-14 23:54:32,28445668.466666665
2018-09-15 17:54:32,28463767.7
2018-09-17 05:54:32,28499927.333333332
2018-09-17 23:54:32,28519882.2
2018-09-18 17:54:32,28541550.6
2018-09-19 11:54:32,28563001.266666666
2018-09-20 05:54:32,28587140.833333332
2018-09-20 23:54:32,28610199.2
2018-09-21 17:54:32,28631350.8
2018-09-22 11:54:32,28650547.2
2018-09-23 05:54:32,28669906.833333332
2018-09-23 23:54:32,28688734.9
2018-09-24 17:54:32,28704067.8
2018-09-25 11:54:32,28719195.933333334
2018-09-26 05:54:32,28740892.1
2018-09-27 17:54:32,28787606.2
2018-09-28 11:54:32,28809325.333333332
2018-09-29 05:54:32,28829365.8
2018-09-29 23:54:32,28849007.8
2018-09-30 17:54:32,28869998.633333333
2018-10-01 11:54:32,28886992.166666668
2018-10-02 05:54:32,28908173.8
2018-10-02 23:54:32,28930160.033333335
2018-10-03 17:54:32,28947373.866666667
2018-10-04 11:54:32,28963381.533333335
2018-10-05 05:54:32,28984442.666666668
2018-10-05 23:54:32,29006185.8
2018-10-06 17:54:32,29027800.966666665
2018-10-07 11:54:32,29051401.9
2018-10-08 05:54:32,29074914.266666666
2018-10-08 23:54:32,29096909.533333335
2018-10-09 17:54:32,29113878.933333334
2018-10-10 11:54:32,29130128.3
2018-10-11 05:54:32,29149198.533333335
2018-10-11 23:54:32,29172900.1
2018-10-12 17:54:32,29195465.3
2018-10-13 11:54:32,29217034.766666666
2018-10-14 05:54:32,29232321.133333333
2018-10-14 23:54:32,29247246.266666666
2018-10-15 17:54:32,29264595.566666666
2018-10-16 11:54:32,29287257.3
2018-10-17 05:54:32,29312746.466666665
2018-10-17 23:54:32,29333177.766666666
2018-10-18 17:54:32,29354105.066666666
2018-10-19 11:54:32,29377554.2
2018-10-20 05:54:32,29399198.533333335
2018-10-20 23:54:32,29421726.8
2018-10-21 17:54:32,29443825.233333334
2018-10-22 11:54:32,29466825.433333334
2018-10-23 05:54:32,29488543.766666666
2018-10-23 23:54:32,29513351.533333335
2018-10-24 17:54:32,29537744.466666665
2018-10-25 11:54:32,29556723.866666667
2018-10-26 05:54:32,29577906.666666668
2018-10-26 23:54:32,29606439.566666666
2018-10-27 17:54:32,29636089.5
2018-10-28 10:54:32,29658330.333333332
2018-10-29 04:54:32,29673320.133333333
2018-10-29 22:54:32,29691527.733333334
2018-10-30 16:54:32,29713978.3
2018-10-31 10:54:32,29737721.366666667
2018-11-01 04:54:32,29764755.1
2018-11-01 22:54:32,29787135.466666665
2018-11-02 16:54:32,29812612.066666666
2018-11-03 10:54:32,29836531.666666668
2018-11-04 04:54:32,29858114.833333332
2018-11-04 22:54:32,29878758.633333333
2018-11-05 16:54:32,29894591.2
2018-11-06 10:54:32,29915879.733333334
2018-11-07 04:54:32,29944917.833333332
2018-11-07 22:54:32,29990832.133333333
2018-11-08 16:54:32,30039170.466666665
2018-11-09 10:54:32,30096567.533333335
2018-11-10 04:54:32,30148071.1
2018-11-10 22:54:32,30191778.7
2018-11-11 16:54:32,30233446.033333335
2018-11-12 10:54:32,30272769.833333332
2018-11-13 04:54:32,30310772.866666667
2018-11-13 22:54:32,30345779.6
2018-11-14 16:54:32,30384113.533333335
2018-11-15 10:54:32,30425212.3
2018-11-16 04:54:32,30475171.8
2018-11-16 22:54:32,30520882.166666668
2018-11-17 16:54:32,30558344.133333333
2018-11-18 10:54:32,30588389.166666668
2018-11-19 04:54:32,30619439.6
2018-11-19 22:54:32,30652041.533333335
2018-11-20 16:54:32,30688114.9
2018-11-21 10:54:32,30734578.166666668
2018-11-22 04:54:32,30783284.266666666
2018-11-22 22:54:32,30822684.533333335
2018-11-23 16:54:32,30858309.6
2018-11-24 10:54:32,30888314.666666668
2018-11-25 04:54:32,30918689.033333335
2018-11-25 22:54:32,30944028.133333333
2018-11-26 16:54:32,30969843.8
2018-11-27 10:54:32,31000193.366666667
2018-11-28 04:54:32,31031464.933333334
2018-11-28 22:54:32,31064874.4
2018-11-29 16:54:32,31093241.766666666
2018-11-30 10:54:32,31114540.766666666
2018-12-01 04:54:32,31132658.2
2018-12-01 22:54:32,31148725.766666666
2018-12-02 16:54:32,31167028.4
2018-12-03 10:54:32,31188464.766666666
2018-12-04 04:54:32,31210058.033333335
2018-12-04 22:54:32,31227439.233333334
2018-12-05 16:54:32,31249667.866666667
2018-12-06 10:54:32,31271456.133333333
2018-12-07 04:54:32,31292070.033333335
2018-12-07 22:54:32,31311652.066666666
2018-12-08 16:54:32,31332104.166666668
2018-12-09 10:54:32,31351992.833333332
2018-12-10 04:54:32,31369965.6
2018-12-10 22:54:32,31383269.533333335
2018-12-12 10:54:32,31414370.2
2018-12-13 04:54:32,31432570.333333332
2018-12-13 22:54:32,31457031.066666666
2018-12-14 16:54:32,31479364.033333335
2018-12-15 10:54:32,31495402.833333332
2018-12-16 04:54:32,31515388.966666665
2018-12-16 22:54:32,31537471.966666665
2018-12-17 16:54:32,31553179.266666666
2018-12-18 10:54:32,31570933.033333335
2018-12-19 04:54:32,31593129.4
2018-12-19 22:54:32,31615364.9
2018-12-20 16:54:32,31632166.966666665
2018-12-21 10:54:32,31645825.5
2018-12-22 04:54:32,31660015.033333335
2018-12-22 22:54:32,31676752.5
2018-12-23 16:54:32,31697885.766666666
2018-12-24 10:54:32,31719550.733333334
2018-12-25 04:54:32,31741871.766666666
2018-12-25 22:54:32,31756576.333333332
2018-12-26 16:54:32,31769596.966666665
2018-12-27 10:54:32,31788912.433333334
2018-12-28 04:54:32,31814947.6
2018-12-28 22:54:32,31831325.5
2018-12-29 16:54:32,31843491.666666668
2018-12-30 10:54:32,31858604.866666667
2018-12-31 04:54:32,31877774.7
2018-12-31 22:54:32,31895269.9
2019-01-01 16:54:32,31912923.133333333
2019-01-02 10:54:32,31924072.766666666
2019-01-03 04:54:32,31940115.933333334
2019-01-03 22:54:32,31963503.166666668
2019-01-04 16:54:32,32000641.1
2019-01-05 10:54:32,32075834.433333334
2019-01-06 04:54:32,32120539.933333334
2019-01-06 22:54:32,32133490.2
2019-01-07 16:54:32,32146766.1
2019-01-08 10:54:32,32169222.7
2019-01-09 04:54:32,32189444.766666666
2019-01-09 22:54:32,32204860.7
2019-01-10 16:54:32,32220792.766666666
2019-01-11 10:54:32,32245050.9
2019-01-12 04:54:32,32262721.933333334
2019-01-12 22:54:32,32278362.066666666
2019-01-13 16:54:32,32300582.2
2019-01-14 10:54:32,32314789.2
2019-01-15 04:54:32,32334827.033333335
2019-01-15 22:54:32,32357324.266666666
2019-01-16 16:54:32,32387756.066666666
2019-01-17 10:54:32,32432167.033333335
2019-01-18 04:54:32,32458506.8
2019-01-18 22:54:32,32472445.8
2019-01-19 16:54:32,32487788.866666667
2019-01-20 10:54:32,32507513.633333333
2019-01-21 04:54:32,32528927.666666668
2019-01-21 22:54:32,32553782.3
2019-01-22 16:54:32,32569344.866666667
2019-01-23 10:54:32,32582464.966666665
2019-01-24 22:54:32,32619369.2
2019-01-25 16:54:32,32643108.466666665
2019-01-26 10:54:32,32661402.6
2019-01-27 04:54:32,32675813.1
2019-01-29 10:54:32,32738496.533333335
2019-01-30 04:54:32,32765729.3
2019-01-30 22:54:32,32798724.366666667
2019-01-31 16:54:32,32822149.666666668
2019-02-01 10:54:32,32851915.8
2019-02-02 04:54:32,32872441.2
2019-02-02 22:54:32,32898103.7
2019-02-03 16:54:32,32925777.3
2019-02-04 10:54:32,32948271.433333334
2019-02-05 04:54:32,32970917.1
2019-02-05 22:54:32,32988400.266666666
2019-02-06 16:54:32,33006032.833333332
2019-02-07 10:54:32,33027857.266666666
2019-02-08 04:54:32,33052784.3
2019-02-08 22:54:32,33075201.2
2019-02-09 16:54:32,33100122.6
2019-02-10 10:54:32,33118577.433333334
2019-02-11 04:54:32,33134918.7
2019-02-11 22:54:32,33156654.1
2019-02-12 16:54:32,33178361.466666665
2019-02-13 10:54:32,33193265.433333334
2019-02-14 04:54:32,33208928.633333333
2019-02-14 22:54:32,33232762.966666665
2019-02-16 10:54:32,33265875.833333332
2019-02-17 04:54:32,33283472.6
2019-02-17 22:54:32,33305866.166666668
2019-02-19 10:54:32,33350447.033333335
2019-02-20 04:54:32,33377756.433333334
2019-02-20 22:54:32,33402630.033333335
2019-02-21 16:54:32,33427889.3
2019-02-22 10:54:32,33465976.366666667
2019-02-23 04:54:32,33504191.566666666
2019-02-24 16:54:32,33565029.9
2019-02-25 10:54:32,33590176.833333336
2019-02-26 04:54:32,33615746.6
2019-02-26 22:54:32,33650908.7
2019-02-27 16:54:32,33688083.2
2019-02-28 10:54:32,33729422.766666666
2019-03-01 04:54:32,33771925.8
2019-03-01 22:54:32,33808482.766666666
2019-03-02 16:54:32,33848937.86666667
2019-03-03 10:54:32,33876758.1
2019-03-04 04:54:32,33893560.233333334
2019-03-04 22:54:32,33907977.56666667
2019-03-05 16:54:32,33929044.3
2019-03-06 10:54:32,33948766.43333333
2019-03-07 04:54:32,33968131.13333333
2019-03-07 22:54:32,33992991.333333336
2019-03-09 10:54:32,34034839.166666664
2019-03-10 04:54:32,34050610.06666667
2019-03-10 22:54:32,34071356.13333333
2019-03-11 16:54:32,34087515.43333333
2019-03-12 10:54:32,34103143.6
2019-03-13 04:54:32,34122214.9
2019-03-13 22:54:32,34141163.1
2019-03-14 16:54:32,34162570.233333334
2019-03-15 10:54:32,34182058.5
2019-03-16 04:54:32,34198453.53333333
2019-03-16 22:54:32,34214431.166666664
2019-03-17 16:54:32,34229109.1
2019-03-18 10:54:32,34253020.43333333
2019-03-19 04:54:32,34284462.5
2019-03-19 22:54:32,34307258.56666667
2019-03-20 16:54:32,34326085.2
2019-03-21 10:54:32,34344454.166666664
2019-03-22 04:54:32,34368115.833333336
2019-03-22 22:54:32,34386946.1
2019-03-23 16:54:32,34402951.4
2019-03-24 10:54:32,34417991.4
2019-03-25 04:54:32,34431358.666666664
2019-03-25 22:54:32,34449829.166666664
2019-03-26 16:54:32,34472566.666666664
2019-03-27 10:54:32,34489441.36666667
2019-03-28 04:54:32,34508601.46666667
2019-03-28 22:54:32,34531708.03333333
2019-03-29 16:54:32,34555562.233333334
2019-03-30 10:54:32,34580362.13333333
2019-03-31 05:54:32,34610917.46666667
2019-03-31 23:54:32,34642839.06666667
2019-04-01 17:54:32,34672198.53333333
2019-04-03 05:54:32,34760889.166666664
2019-04-03 23:54:32,34817486.56666667
2019-04-04 17:54:32,34860416.46666667
2019-04-05 11:54:32,34891940.06666667
2019-04-06 05:54:32,34924895.43333333
2019-04-07 17:54:32,34982653.4
2019-04-08 11:54:32,35013866.86666667
2019-04-09 05:54:32,35061468.36666667
2019-04-09 23:54:32,35125349.233333334
2019-04-10 17:54:32,35189196.13333333
2019-04-11 11:54:32,35253393.06666667
2019-04-12 05:54:32,35307458.4
2019-04-12 23:54:32,35353683.833333336
2019-04-13 17:54:32,35387231.63333333
2019-04-14 11:54:32,35414982.96666667
2019-04-15 05:54:32,35447894.93333333
2019-04-15 23:54:32,35479996.86666667
2019-04-16 17:54:32,35515545.266666666
2019-04-17 11:54:32,35544785.56666667
2019-04-18 05:54:32,35582835.96666667
2019-04-18 23:54:32,35633286.13333333
2019-04-19 17:54:32,35685987.63333333
2019-04-20 11:54:32,35731691.5
2019-04-21 05:54:32,35773318.63333333
2019-04-21 23:54:32,35812014.53333333
2019-04-22 17:54:32,35849548.56666667
2019-04-23 11:54:32,35902213.9
2019-04-24 05:54:32,35975370.03333333
2019-04-24 23:54:32,36042780.9
2019-04-25 17:54:32,36115973.86666667
2019-04-26 11:54:32,36184638.5
2019-04-27 05:54:32,36256433.06666667
2019-04-27 23:54:32,36326776.1
2019-04-28 17:54:32,36385548.333333336
2019-04-29 11:54:32,36445441.233333334
2019-04-30 05:54:32,36526220.63333333
2019-04-30 23:54:32,36601937.53333333
2019-05-01 17:54:32,36667673.8
2019-05-02 11:54:32,36726685.333333336
2019-05-03 05:54:32,36784603.93333333
2019-05-03 23:54:32,36860685.2
2019-05-04 17:54:32,36924222.2
2019-05-05 11:54:32,36983723.6
2019-05-06 05:54:32,37047353.96666667
2019-05-06 23:54:32,37119955.9
2019-05-07 17:54:32,37194042.2
2019-05-08 11:54:32,37264232.9
2019-05-09 05:54:32,37336842.56666667
2019-05-09 23:54:32,37400452.63333333
2019-05-10 17:54:32,37455590.56666667
2019-05-11 11:54:32,37504727.333333336
2019-05-12 05:54:32,37552641.3
2019-05-12 23:54:32,37597690.9
2019-05-13 17:54:32,37651403.166666664
2019-05-14 11:54:32,37707959.63333333
2019-05-15 05:54:32,37768396.53333333
2019-05-15 23:54:32,37831894.1
2019-05-16 17:54:32,37885753.6
2019-05-17 11:54:32,37936612.03333333
2019-05-18 05:54:32,37984823.266666666
2019-05-18 23:54:32,38031235.166666664
2019-05-19 17:54:32,38079041.8
2019-05-20 11:54:32,38128803.1
2019-05-21 05:54:32,38187686.7
2019-05-21 23:54:32,38240644.6
2019-05-22 17:54:32,38295041.6
2019-05-23 11:54:32,38347735.733333334
2019-05-24 05:54:32,38397296.6
2019-05-24 23:54:32,38440427.06666667
2019-05-25 17:54:32,38483082.03333333
2019-05-26 11:54:32,38522617.6
2019-05-27 05:54:32,38560165.266666666
2019-05-27 23:54:32,38606796.4
2019-05-28 17:54:32,38657576.46666667
2019-05-29 11:54:32,38708508.5
2019-05-30 05:54:32,38763053.833333336
2019-05-30 23:54:32,38817568.03333333
2019-05-31 17:54:32,38856033.5
2019-06-01 11:54:32,38891430.166666664
2019-06-02 05:54:32,38931152.3
2019-06-02 23:54:32,38958800.833333336
2019-06-03 17:54:32,38986814.666666664
2019-06-04 11:54:32,39022690.8
2019-06-05 05:54:32,39061519.2
2019-06-05 23:54:32,39091322.53333333
2019-06-06 17:54:32,39122409.4
2019-06-07 11:54:32,39152999.63333333
2019-06-08 05:54:32,39182451.733333334
2019-06-08 23:54:32,39211032.93333333
2019-06-09 17:54:32,39231318.86666667
2019-06-10 11:54:32,39251692.733333334
2019-06-11 05:54:32,39280556.8
2019-06-11 23:54:32,39312045.333333336
2019-06-12 17:54:32,39343614.4
2019-06-13 11:54:32,39375491.233333334
2019-06-14 05:54:32,39405259.06666667
2019-06-14 23:54:32,39442672.86666667
2019-06-15 17:54:32,39476534.3
2019-06-16 11:54:32,39500043.86666667
2019-06-17 05:54:32,39524297.93333333
2019-06-17 23:54:32,39554330.53333333
2019-06-18 17:54:32,39582327.63333333
2019-06-19 11:54:32,39606484.5
2019-06-20 23:54:32,39690129.333333336
2019-06-21 17:54:32,39727311.06666667
2019-06-22 11:54:32,39757634.7
2019-06-23 05:54:32,39792604.766666666
2019-06-23 23:54:32,39823940.333333336
2019-06-24 17:54:32,39851195.43333333
2019-06-25 11:54:32,39885590.833333336
2019-06-26 05:54:32,39917848.9
2019-06-26 23:54:32,39947456.166666664
2019-06-27 17:54:32,39975624.833333336
2019-06-28 11:54:32,40002113.233333334
2019-06-29 05:54:32,40029888.8
2019-06-29 23:54:32,40050210.766666666
2019-06-30 17:54:32,40067889.86666667
2019-07-01 11:54:32,40085416.86666667
2019-07-02 05:54:32,40105223.46666667
2019-07-02 23:54:32,40124537.63333333
2019-07-03 17:54:32,40143303.53333333
2019-07-04 11:54:32,40161301.6
2019-07-05 05:54:32,40185216.96666667
2019-07-05 23:54:32,40210282.666666664
2019-07-06 17:54:32,40228698.53333333
2019-07-07 11:54:32,40244066.8
2019-07-08 05:54:32,40259945.4
2019-07-08 23:54:32,40276921.233333334
2019-07-09 17:54:32,40295926.43333333
2019-07-10 11:54:32,40320455.56666667
2019-07-11 05:54:32,40350790.166666664
2019-07-11 23:54:32,40370729.5
2019-07-12 17:54:32,40389638.36666667
2019-07-13 11:54:32,40406420.63333333
2019-07-14 05:54:32,40426937.766666666
2019-07-14 23:54:32,40446921.4
2019-07-15 17:54:32,40462867.733333334
2019-07-16 11:54:32,40480047.7
2019-07-17 05:54:32,40497604.166666664
2019-07-17 23:54:32,40517721.233333334
2019-07-18 17:54:32,40541705.36666667
2019-07-19 11:54:32,40567645.766666666
2019-07-20 05:54:32,40594888.93333333
2019-07-20 23:54:32,40618085.46666667
2019-07-21 17:54:32,40638906.93333333
2019-07-22 11:54:32,40657201.86666667
2019-07-23 05:54:32,40677100.6
2019-07-23 23:54:32,40705956.06666667
2019-07-24 17:54:32,40731203.166666664
2019-07-25 11:54:32,40747793.56666667
2019-07-26 05:54:32,40763578.86666667
2019-07-26 23:54:32,40781540.56666667
2019-07-27 17:54:32,40802484.63333333
2019-07-28 11:54:32,40823216.166666664
2019-07-29 05:54:32,40837706.63333333
2019-07-29 23:54:32,40854058.333333336
2019-07-30 17:54:32,40878705.56666667
2019-07-31 11:54:32,40902509.4
2019-08-01 05:54:32,40919652.8
2019-08-01 23:54:32,40936847.86666667
2019-08-02 17:54:32,40955564.36666667
2019-08-03 11:54:32,40972789.7
2019-08-04 05:54:32,40989794.46666667
2019-08-04 23:54:32,41009544.5
2019-08-05 17:54:32,41025682.2
2019-08-06 11:54:32,41041258.766666666
2019-08-07 05:54:32,41060499.8
2019-08-07 23:54:32,41084525.766666666
2019-08-08 17:54:32,41105338.03333333
2019-08-09 11:54:32,41120528.53333333
2019-08-10 23:54:32,41149780.3
2019-08-11 17:54:32,41162646.666666664
2019-08-12 11:54:32,41174560.666666664
2019-08-13 05:54:32,41189458.06666667
2019-08-13 23:54:32,41203813.3
2019-08-14 17:54:32,41218832.06666667
2019-08-15 11:54:32,41233987.766666666
2019-08-16 05:54:32,41248969.56666667
2019-08-16 23:54:32,41265460.2
2019-08-17 17:54:32,41279439.8
2019-08-18 11:54:32,41292379.7
2019-08-19 05:54:32,41306079.03333333
2019-08-19 23:54:32,41320373.63333333
2019-08-21 11:54:32,41355421.96666667
2019-08-22 05:54:32,41374052.36666667
2019-08-22 23:54:32,41396583.86666667
2019-08-23 17:54:32,41420117.36666667
2019-08-24 11:54:32,41439478.266666666
2019-08-25 05:54:32,41454896.266666666
2019-08-25 23:54:32,41473940.233333334
2019-08-26 17:54:32,41495451.06666667
2019-08-27 11:54:32,41513687.06666667
2019-08-28 05:54:32,41528767.46666667
2019-08-28 23:54:32,41544051.86666667
2019-08-29 17:54:32,41559771.666666664
2019-08-30 11:54:32,41576628.96666667
2019-08-31 05:54:32,41596390.03333333
2019-08-31 23:54:32,41611560.766666666
2019-09-01 17:54:32,41628876.1
2019-09-02 11:54:32,41643637.166666664
2019-09-03 05:54:32,41658497.166666664
2019-09-03 23:54:32,41674086.1
2019-09-04 17:54:32,41692278.56666667
2019-09-05 11:54:32,41709483.03333333
2019-09-06 05:54:32,41728583.766666666
2019-09-06 23:54:32,41748103.9
2019-09-07 17:54:32,41763368.666666664
2019-09-08 11:54:32,41777006.93333333
2019-09-09 05:54:32,41791648.233333334
2019-09-09 23:54:32,41814385.266666666
2019-09-10 17:54:32,41834841.63333333
2019-09-11 11:54:32,41860207.13333333
2019-09-12 05:54:32,41896327.06666667
2019-09-12 23:54:32,41920632.03333333
2019-09-13 17:54:32,41936834.86666667
2019-09-14 11:54:32,41951407.733333334
2019-09-15 05:54:32,41966407.43333333
2019-09-15 23:54:32,41981869.4
2019-09-16 17:54:32,41999167.766666666
2019-09-17 11:54:32,42020050.7
2019-09-18 05:54:32,42035970.8
2019-09-18 23:54:32,42051714.86666667
2019-09-19 17:54:32,42071670.2
2019-09-20 11:54:32,42089787.6
2019-09-21 05:54:32,42103704.4
2019-09-21 23:54:32,42118206.766666666
2019-09-22 17:54:32,42130649.166666664
2019-09-23 11:54:32,42144059.1
2019-09-24 05:54:32,42159569.36666667
2019-09-24 23:54:32,42175362.266666666
2019-09-25 17:54:32,42193204.1
2019-09-26 11:54:32,42208747.4
2019-09-27 05:54:32,42222993.9
2019-09-27 23:54:32,42238199.733333334
2019-09-28 17:54:32,42254259.266666666
2019-09-29 11:54:32,42268106.6
2019-09-30 05:54:32,42282487.6
2019-09-30 23:54:32,42296513.43333333
2019-10-01 17:54:32,42313383.53333333
2019-10-02 11:54:32,42333502.266666666
2019-10-03 05:54:32,42357717.46666667
2019-10-03 23:54:32,42384563.96666667
2019-10-04 17:54:32,42405584.3
2019-10-05 11:54:32,42420714.63333333
2019-10-06 05:54:32,42434762.833333336
2019-10-06 23:54:32,42447318.666666664
2019-10-07 17:54:32,42461949.93333333
2019-10-08 11:54:32,42480925.233333334
2019-10-09 05:54:32,42497308.1
2019-10-09 23:54:32,42512267.06666667
2019-10-10 17:54:32,42533938.233333334
2019-10-11 11:54:32,42559918.4
2019-10-12 05:54:32,42579329.43333333
2019-10-12 23:54:32,42600485.1
2019-10-13 17:54:32,42617714.9
2019-10-14 11:54:32,42629445.03333333
2019-10-15 05:54:32,42645913.06666667
2019-10-15 23:54:32,42663702.8
2019-10-16 17:54:32,42679757.56666667
2019-10-18 05:54:32,42708690.7
2019-10-18 23:54:32,42723420.766666666
2019-10-19 17:54:32,42736935.333333336
2019-10-20 11:54:32,42750477.96666667
2019-10-21 05:54:32,42764725.1
2019-10-21 23:54:32,42787089.93333333
2019-10-22 17:54:32,42811785.53333333
2019-10-23 11:54:32,42831723.333333336
2019-10-24 05:54:32,42847160.9
2019-10-24 23:54:32,42865614.7
2019-10-25 17:54:32,42884208.2
2019-10-26 11:54:32,42903614.3
2019-10-27 04:54:32,42922490.1
2019-10-27 22:54:32,42936458.233333334
2019-10-28 16:54:32,42955531.63333333
2019-10-29 10:54:32,42975773.8
2019-10-30 04:54:32,42993151.9
2019-10-30 22:54:32,43009140.56666667
2019-10-31 16:54:32,43031749.06666667
2019-11-01 10:54:32,43052790.96666667
2019-11-02 04:54:32,43068471.93333333
2019-11-02 22:54:32,43082132.8
2019-11-03 16:54:32,43093564.63333333
2019-11-04 10:54:32,43106197.766666666
2019-11-05 04:54:32,43120987.333333336
2019-11-05 22:54:32,43136630.93333333
2019-11-06 16:54:32,43157298.03333333
2019-11-07 10:54:32,43181708.5
2019-11-08 04:54:32,43203928.7
2019-11-08 22:54:32,43219086.9
2019-11-09 16:54:32,43232837.166666664
2019-11-10 10:54:32,43246343.2
2019-11-11 04:54:32,43260998.233333334
2019-11-11 22:54:32,43274989.96666667
2019-11-12 16:54:32,43290535.8
2019-11-13 10:54:32,43308304.96666667
2019-11-14 04:54:32,43328197.833333336
2019-11-14 22:54:32,43344109.166666664
2019-11-15 16:54:32,43357678.36666667
2019-11-16 10:54:32,43377563.8
2019-11-17 04:54:32,43408736.4
2019-11-17 22:54:32,43434359.06666667
2019-11-18 16:54:32,43454837.93333333
2019-11-19 10:54:32,43483748.06666667
2019-11-20 04:54:32,43514886.4
2019-11-20 22:54:32,43543120.166666664
2019-11-21 16:54:32,43570749.333333336
2019-11-23 04:54:32,43638196.1
2019-11-23 22:54:32,43667749.86666667
2019-11-24 16:54:32,43690836.1
2019-11-25 10:54:32,43709599.36666667
2019-11-26 04:54:32,43729598.5
2019-11-26 22:54:32,43748737.9
2019-11-27 16:54:32,43769524.8
2019-11-28 10:54:32,43794142.46666667
2019-11-29 04:54:32,43819527.9
2019-11-29 22:54:32,43840799.13333333
2019-11-30 16:54:32,43858819.46666667
2019-12-01 10:54:32,43875840.2
2019-12-02 04:54:32,43895770.266666666
2019-12-02 22:54:32,43923090.233333334
2019-12-03 16:54:32,43946195.13333333
2019-12-04 10:54:32,43965588.2
2019-12-05 04:54:32,43992842.833333336
2019-12-05 22:54:32,44014653.03333333
2019-12-06 16:54:32,44032569.93333333
2019-12-07 10:54:32,44053774.53333333
2019-12-08 04:54:32,44073037.8
2019-12-08 22:54:32,44091677.93333333
2019-12-09 16:54:32,44113339.5
2019-12-10 10:54:32,44136711.166666664
2019-12-11 04:54:32,44162104.6
2019-12-11 22:54:32,44185788.63333333
2019-12-12 16:54:32,44213597.9
2019-12-13 10:54:32,44243231.833333336
2019-12-14 04:54:32,44271617.53333333
2019-12-14 22:54:32,44293481.13333333
2019-12-15 16:54:32,44322655.9
2019-12-16 10:54:32,44348612.233333334
2019-12-21 23:00:00,44379408.93333333
2020-01-22 14:54:32,44982833.53333333
2020-01-23 08:54:32,45252618.7
2020-01-24 02:54:32,45287148.03333333
2020-01-24 20:54:32,45304728.13333333
2020-01-25 14:54:32,45320590.5
2020-01-26 08:54:32,45335704.36666667
2020-01-27 02:54:32,45351558.8
2020-01-27 20:54:32,45373061.233333334
2020-01-28 14:54:32,45395254.06666667
2020-01-29 08:54:32,45414690.46666667
2020-01-30 02:54:32,45434657.36666667
2020-01-30 20:54:32,45455596.266666666
2020-02-01 08:54:32,45508799.46666667
2020-02-02 02:54:32,45538651.63333333
2020-02-02 20:54:32,45563375.56666667
2020-02-03 14:54:32,45589341.06666667
2020-02-04 08:54:32,45617667.233333334
2020-02-05 02:54:32,45639300.5
2020-02-05 20:54:32,45664235.733333334
2020-02-06 14:54:32,45682964.833333336
2020-02-07 08:54:32,45700964.666666664
2020-02-08 02:54:32,45719899.96666667
2020-02-08 20:54:32,45737595.3
2020-02-09 14:54:32,45755590.46666667
2020-02-10 08:54:32,45775097.96666667
2020-02-11 02:54:32,45795825.6
2020-02-11 20:54:32,45814931.13333333
2020-02-12 14:54:32,45833215.733333334
2020-02-13 08:54:32,45852914.93333333
2020-02-14 02:54:32,45872754.766666666
2020-02-14 20:54:32,45890880.833333336
2020-02-15 14:54:32,45908254.13333333
2020-02-16 08:54:32,45926607.833333336
2020-02-17 02:54:32,45944589.96666667
2020-02-18 14:54:32,45983489.56666667
2020-02-20 02:54:32,46021521.8
2020-02-20 20:54:32,46040931.333333336
2020-02-21 14:54:32,46057564.93333333
2020-02-22 08:54:32,46073616.56666667
2020-02-23 02:54:32,46089512.03333333
2020-02-23 20:54:32,46104803.9
2020-02-24 14:54:32,46121514.1
2020-02-25 08:54:32,46139899.06666667
2020-02-26 02:54:32,46156751.9
2020-02-26 20:54:32,46174947.13333333
2020-02-27 14:54:32,46190498.36666667
2020-02-28 08:54:32,46208215.6
2020-02-29 02:54:32,46229016.46666667
2020-02-29 20:54:32,46246112.93333333
2020-03-01 14:54:32,46261497.166666664
2020-03-03 02:54:32,46289768.53333333
2020-03-03 20:54:32,46304506.43333333
2020-03-04 14:54:32,46323092.766666666
2020-03-05 08:54:32,46341426.93333333
2020-03-06 02:54:32,46360304.6
2020-03-06 20:54:32,46378511.8
2020-03-07 14:54:32,46394656.3
2020-03-08 08:54:32,46411010.166666664
2020-03-09 02:54:32,46425313.333333336
2020-03-09 20:54:32,46439606.833333336
2020-03-10 14:54:32,46455390.7
2020-03-11 08:54:32,46471983.06666667
2020-03-12 02:54:32,46489478.5
2020-03-12 20:54:32,46509581.6
2020-03-13 14:54:32,46533428.266666666
2020-03-14 08:54:32,46557253.833333336
2020-03-15 02:54:32,46581008.766666666
2020-03-15 20:54:32,46602709.333333336
2020-03-16 14:54:32,46621979.233333334
2020-03-17 08:54:32,46643045.96666667
2020-03-18 02:54:32,46664689.46666667
2020-03-18 20:54:32,46685680.2
2020-03-19 14:54:32,46705419.46666667
2020-03-20 08:54:32,46726293.13333333
2020-03-21 02:54:32,46749418.733333334
2020-03-21 20:54:32,46774451.53333333
2020-03-22 14:54:32,46804120.86666667
2020-03-23 08:54:32,46834118.56666667
2020-03-24 02:54:32,46859634.766666666
2020-03-24 20:54:32,46884207.4
2020-03-25 14:54:32,46909459.96666667
2020-03-26 08:54:32,46935715.06666667
2020-03-27 20:54:32,46986601.7
2020-03-28 14:54:32,47009936.03333333
2020-03-29 09:54:32,47033937.766666666
2020-03-30 03:54:32,47057751.96666667
2020-03-31 15:54:32,47105942.9
2020-04-01 09:54:32,47130462.266666666
2020-04-02 03:54:32,47156866.63333333
2020-04-02 21:54:32,47183404.3
2020-04-03 15:54:32,47210267.96666667
2020-04-04 09:54:32,47236326.7
2020-04-05 21:54:32,47289514.9
2020-04-06 15:54:32,47317618.166666664
2020-04-07 09:54:32,47346664.96666667
2020-04-08 03:54:32,47376238.46666667
2020-04-08 21:54:32,47403555.333333336
2020-04-09 15:54:32,47431364.2
2020-04-10 09:54:32,47460231.4
2020-04-11 03:54:32,47487328.86666667
2020-04-12 15:54:32,47539088.06666667
2020-04-13 09:54:32,47565270.06666667
2020-04-14 03:54:32,47590869.46666667
2020-04-14 21:54:32,47616818.03333333
2020-04-15 15:54:32,47642936.2
2020-04-16 09:54:32,47667695.86666667
2020-04-17 03:54:32,47695539.53333333
2020-04-18 15:54:32,47745457.266666666
2020-04-19 09:54:32,47768823.56666667
2020-04-20 03:54:32,47792569.4
2020-04-20 21:54:32,47818912.4
2020-04-21 15:54:32,47849065.333333336
2020-04-22 09:54:32,47875813.7
2020-04-23 03:54:32,47901585.13333333
2020-04-23 21:54:32,47926799.733333334
2020-04-24 15:54:32,47951492.06666667
2020-04-25 09:54:32,47978101.166666664
2020-04-26 03:54:32,48004598.6
2020-04-26 21:54:32,48029584.2
2020-04-27 15:54:32,48054270.4
2020-04-28 09:54:32,48079442.333333336
2020-04-29 03:54:32,48105176.3
2020-04-30 15:54:32,48162748.833333336
2020-05-01 09:54:32,48195203.166666664
2020-05-02 03:54:32,48225657.8
2020-05-02 21:54:32,48255023.46666667
2020-05-03 15:54:32,48282664.833333336
2020-05-04 09:54:32,48309561.4
2020-05-05 03:54:32,48334734.46666667
2020-05-05 21:54:32,48363723.56666667
2020-05-06 15:54:32,48396881.166666664
2020-05-07 09:54:32,48434240.63333333
2020-05-08 03:54:32,48480409.266666666
2020-05-08 21:54:32,48530115.2
2020-05-09 15:54:32,48578012.13333333
2020-05-10 09:54:32,48634278.666666664
2020-05-11 03:54:32,48694024.4
2020-05-11 21:54:32,48746873.36666667
2020-05-12 15:54:32,48786944.7
2020-05-13 09:54:32,48824927.2
2020-05-14 03:54:32,48859614.96666667
2020-05-14 21:54:32,48896867.63333333
2020-05-15 15:54:32,48936575.53333333
2020-05-16 09:54:32,48979011.46666667
2020-05-17 03:54:32,49018438.666666664
2020-05-17 21:54:32,49050786.166666664
2020-05-18 15:54:32,49082500.86666667
2020-05-19 09:54:32,49116574.96666667
2020-05-20 03:54:32,49147818.93333333
2020-05-20 21:54:32,49181532.766666666
2020-05-21 15:54:32,49214944.96666667
2020-05-22 09:54:32,49248708.6
2020-05-23 03:54:32,49279706.6
2020-05-23 21:54:32,49309309.4
2020-05-24 15:54:32,49340525.56666667
2020-05-25 09:54:32,49375287.833333336
2020-05-26 03:54:32,49407955.166666664
2020-05-26 21:54:32,49435964.3
2020-05-27 15:54:32,49462539.666666664
2020-05-28 09:54:32,49486841.666666664
2020-05-29 03:54:32,49512898.666666664
2020-05-29 21:54:32,49537001.63333333
2020-05-30 15:54:32,49559377.4
2020-05-31 09:54:32,49580889.7
2020-06-01 03:54:32,49602992.7
2020-06-01 21:54:32,49626434.5
2020-06-02 15:54:32,49650884.63333333
2020-06-03 09:54:32,49676538.36666667
2020-06-04 03:54:32,49699814.3
2020-06-04 21:54:32,49724412.7
2020-06-05 15:54:32,49752103.13333333
2020-06-06 09:54:32,49780015.53333333
2020-06-07 03:54:32,49805476.93333333
2020-06-07 21:54:32,49830020.5
2020-06-08 15:54:32,49854495.96666667
2020-06-09 09:54:32,49882289.8
2020-06-10 03:54:32,49908415.233333334
2020-06-11 15:54:32,49960728.86666667
2020-06-12 09:54:32,49986721.166666664
2020-06-13 03:54:32,50015190.166666664
2020-06-13 21:54:32,50042489.766666666
2020-06-15 09:54:32,50091266.266666666
2020-06-16 03:54:32,50118046.43333333
2020-06-16 21:54:32,50145952.7
2020-06-17 15:54:32,50177065.53333333
2020-06-18 09:54:32,50208387.56666667
2020-06-19 03:54:32,50235325.3
2020-06-19 21:54:32,50260314.03333333
2020-06-20 15:54:32,50286892.1
2020-06-21 09:54:32,50315604.63333333
2020-06-22 03:54:32,50347587.36666667
2020-06-22 21:54:32,50384025.733333334
2020-06-23 15:54:32,50417577.4
2020-06-24 09:54:32,50446892.166666664
2020-06-25 03:54:32,50475998.7
2020-06-25 21:54:32,50504259.3
2020-06-26 15:54:32,50530650.266666666
2020-06-27 09:54:32,50558218.93333333
2020-06-28 03:54:32,50585755.833333336
2020-06-28 21:54:32,50613863.733333334
2020-06-29 15:54:32,50644057.03333333
2020-06-30 09:54:32,50674484.63333333
2020-07-01 03:54:32,50704580.93333333
2020-07-01 21:54:32,50737609.6
2020-07-02 15:54:32,50768781.36666667
2020-07-03 09:54:32,50796295.13333333
2020-07-04 03:54:32,50823511.666666664
2020-07-04 21:54:32,50850715.86666667
2020-07-05 15:54:32,50875611.1
2020-07-07 03:54:32,50927876.8
2020-07-07 21:54:32,50957435.333333336
2020-07-08 15:54:32,50985015.43333333
2020-07-09 09:54:32,51014246.333333336
2020-07-10 03:54:32,51045390.96666667
2020-07-10 21:54:32,51078516.86666667
2020-07-11 15:54:32,51106727.36666667
2020-07-12 09:54:32,51135176.96666667
2020-07-13 03:54:32,51166742.93333333
2020-07-13 21:54:32,51199327.266666666
2020-07-14 15:54:32,51229902.93333333
2020-07-15 09:54:32,51261444.56666667
2020-07-16 03:54:32,51294727.266666666
2020-07-16 21:54:32,51327434.63333333
2020-07-17 15:54:32,51359171.53333333
2020-07-18 09:54:32,51391570.1
2020-07-19 03:54:32,51421826.53333333
2020-07-19 21:54:32,51447802.766666666
2020-07-20 15:54:32,51476445.03333333
2020-07-21 09:54:32,51508898.46666667
2020-07-22 03:54:32,51543679.86666667
2020-07-22 21:54:32,51577543.766666666
2020-07-23 15:54:32,51610652.1
2020-07-24 09:54:32,51648650.03333333
2020-07-25 03:54:32,51686394.86666667
2020-07-25 21:54:32,51725284.333333336
2020-07-26 15:54:32,51762457.5
2020-07-27 09:54:32,51797955.233333334
2020-07-28 03:54:32,51833900.36666667
2020-07-28 21:54:32,51875910.833333336
2020-07-29 15:54:32,51915565.03333333
2020-07-30 09:54:32,51951210.06666667
2020-07-31 03:54:32,51989537.333333336
2020-07-31 21:54:32,52021823.06666667
2020-08-01 15:54:32,52047891.96666667
2020-08-02 09:54:32,52075910.63333333
2020-08-03 03:54:32,52107063.3
2020-08-03 21:54:32,52135322.86666667
2020-08-04 15:54:32,52164061.766666666
2020-08-05 09:54:32,52192905.5
2020-08-06 03:54:32,52220100.233333334
2020-08-06 21:54:32,52250073.8
2020-08-07 15:54:32,52278583.233333334
2020-08-08 09:54:32,52305028.53333333
2020-08-09 03:54:32,52331532.9
2020-08-09 21:54:32,52358402.833333336
2020-08-10 15:54:32,52387734.666666664
2020-08-11 09:54:32,52416633.7
2020-08-12 03:54:32,52446359.333333336
2020-08-12 21:54:32,52478585.9
2020-08-13 15:54:32,52510531.46666667
2020-08-14 09:54:32,52540288.166666664
2020-08-15 03:54:32,52574338.43333333
2020-08-15 21:54:32,52606237.4
2020-08-17 09:54:32,52662825.9
2020-08-18 03:54:32,52690490.233333334
2020-08-18 21:54:32,52718971.53333333
2020-08-19 15:54:32,52748640.333333336
2020-08-20 09:54:32,52777417.86666667
2020-08-21 03:54:32,52804498.1
2020-08-21 21:54:32,52832541.96666667
2020-08-22 15:54:32,52858697.43333333
2020-08-23 09:54:32,52884850.53333333
2020-08-24 03:54:32,52910372.2
2020-08-24 21:54:32,52936315.233333334
2020-08-25 15:54:32,52964134.166666664
2020-08-26 09:54:32,52989725.2
2020-08-27 03:54:32,53013726.333333336
2020-08-27 21:54:32,53038082.43333333
2020-08-28 15:54:32,53063326.13333333
2020-08-29 09:54:32,53087375.06666667
2020-08-30 03:54:32,53110467.166666664
2020-08-30 21:54:32,53132536.93333333
2020-08-31 15:54:32,53156164.9
2020-09-01 09:54:32,53181520.266666666
2020-09-02 03:54:32,53207800.06666667
2020-09-02 21:54:32,53235125.93333333
2020-09-03 15:54:32,53260605.766666666
2020-09-04 09:54:32,53288097.733333334
2020-09-05 03:54:32,53314842.86666667
2020-09-05 21:54:32,53337840.36666667
2020-09-06 15:54:32,53361577.733333334
2020-09-07 09:54:32,53383481.6
2020-09-08 03:54:32,53404714.6
2020-09-08 21:54:32,53429489.1
2020-09-09 15:54:32,53456121.5
2020-09-10 09:54:32,53480577.53333333
2020-09-11 03:54:32,53505552.1
2020-09-11 21:54:32,53528661.266666666
2020-09-12 15:54:32,53553352.2
2020-09-13 09:54:32,53581979.233333334
2020-09-14 03:54:32,53607271.266666666
2020-09-14 21:54:32,53635260.46666667
2020-09-15 15:54:32,53660626.43333333
2020-09-16 09:54:32,53686725.2
2020-09-17 03:54:32,53713972.1
2020-09-17 21:54:32,53743000.46666667
2020-09-18 15:54:32,53771232.1
2020-09-19 09:54:32,53800954.13333333
2020-09-20 03:54:32,53831611.8
2020-09-20 21:54:32,53860203.93333333
2020-09-21 15:54:32,53890959.4
2020-09-22 09:54:32,53921080.06666667
2020-09-23 03:54:32,53954776.1
2020-09-23 21:54:32,53982151.333333336
2020-09-24 15:54:32,54008765.8
2020-09-25 09:54:32,54033854.96666667
2020-09-26 03:54:32,54061257.53333333
2020-09-26 21:54:32,54085963.06666667
2020-09-27 15:54:32,54112107.53333333
2020-09-28 09:54:32,54141298.7
2020-09-29 03:54:32,54168144.36666667
2020-09-29 21:54:32,54198964.833333336
2020-09-30 15:54:32,54230763.46666667
2020-10-01 09:54:32,54264123.1
2020-10-02 03:54:32,54299541.166666664
2020-10-02 21:54:32,54332489.5
2020-10-03 15:54:32,54359062.266666666
2020-10-04 09:54:32,54382724.266666666
2020-10-05 03:54:32,54408566.13333333
2020-10-05 21:54:32,54440093.53333333
2020-10-06 15:54:32,54473162.1
2020-10-07 09:54:32,54502983.666666664
2020-10-08 03:54:32,54531762.5
2020-10-08 21:54:32,54560357.333333336
2020-10-09 15:54:32,54590015.766666666
2020-10-10 09:54:32,54626968.2
2020-10-11 03:54:32,54662675.233333334
2020-10-11 21:54:32,54700128.6
2020-10-12 15:54:32,54738894.166666664
2020-10-13 09:54:32,54783845.666666664
2020-10-14 21:54:32,54869177.666666664
2020-10-15 15:54:32,54912137.8
2020-10-16 09:54:32,54950856.2
2020-10-17 03:54:32,54985740.13333333
2020-10-17 21:54:32,55013942.86666667
2020-10-18 15:54:32,55040049.13333333
2020-10-19 09:54:32,55071735.36666667
2020-10-20 21:54:32,55136704.1
2020-10-21 15:54:32,55167601.06666667
2020-10-22 09:54:32,55203292.13333333
2020-10-23 03:54:32,55238283.733333334
2020-10-23 21:54:32,55278269.5
2020-10-24 15:54:32,55318529.7
2020-10-25 08:54:32,55354934.03333333
2020-10-26 02:54:32,55387540.1
2020-10-26 20:54:32,55424617.63333333
2020-10-27 14:54:32,55469472.166666664
2020-10-28 08:54:32,55508583.733333334
2020-10-29 02:54:32,55541255.733333334
2020-10-29 20:54:32,55574602.53333333
2020-10-30 14:54:32,55607264.9
2020-10-31 08:54:32,55639100.86666667
2020-11-01 02:54:32,55668954.8
2020-11-01 20:54:32,55698358.9
2020-11-02 14:54:32,55729437.03333333
2020-11-03 08:54:32,55756181.96666667
2020-11-04 02:54:32,55784103.833333336
2020-11-04 20:54:32,55818224.8
2020-11-05 14:54:32,55881868.333333336
2020-11-06 08:54:32,55966877.13333333
2020-11-07 02:54:32,56058177.6
2020-11-07 20:54:32,56198424.6
2020-11-08 14:54:32,56380292.666666664
2020-11-09 08:54:32,56574586.56666667
2020-11-10 02:54:32,56756122.13333333
2020-11-10 20:54:32,56928914.5
2020-11-12 08:54:32,57253817.7
2020-11-13 20:54:32,57571688.96666667
2020-11-14 14:54:32,57718449.766666666
2020-11-15 08:54:32,57887700.2
2020-11-16 02:54:32,58083962.5
2020-11-16 20:54:32,58213734.833333336
2020-11-17 14:54:32,58314625.733333334
2020-11-18 08:54:32,58429567.36666667
2020-11-19 02:54:32,58543940.333333336
2020-11-19 20:54:32,58655826.5
2020-11-20 14:54:32,58783182.233333334
2020-11-21 08:54:32,58921974.666666664
2020-11-22 02:54:32,59052412.166666664
2020-11-22 20:54:32,59165671.86666667
2020-11-23 14:54:32,59276125.86666667
2020-11-24 08:54:32,59397214.46666667
2020-11-25 02:54:32,59532874.53333333
2020-11-25 20:54:32,59662886.233333334
2020-11-26 14:54:32,59780908.86666667
2020-11-27 08:54:32,59895371.1
2020-11-28 02:54:32,59989651.8
2020-11-28 20:54:32,60072888.93333333
2020-11-29 14:54:32,60142631.6
2020-11-30 08:54:32,60211692.2
2020-12-01 02:54:32,60307912.1
2020-12-01 20:54:32,60388087.96666667
2020-12-02 14:54:32,60459445.5
2020-12-03 08:54:32,60525336.63333333
2020-12-04 02:54:32,60587458.4
2020-12-04 20:54:32,60647857.766666666
2020-12-05 14:54:32,60710568.1
2020-12-06 08:54:32,60775023.733333334
2020-12-07 02:54:32,60835862.766666666
2020-12-07 20:54:32,60896853.6
2020-12-08 14:54:32,60956543.13333333
2020-12-09 08:54:32,61024484.1
2020-12-10 02:54:32,61117926.93333333
2020-12-10 20:54:32,61207810.733333334
2020-12-11 14:54:32,61288724.266666666
2020-12-12 08:54:32,61370369.2
2020-12-13 02:54:32,61456062.96666667
2020-12-13 20:54:32,61527692.266666666
2020-12-14 14:54:32,61594513.4
2020-12-15 08:54:32,61674398.6
2020-12-16 02:54:32,61757668.166666664
2020-12-16 20:54:32,61837881.766666666
2020-12-17 14:54:32,61923232.36666667
2020-12-18 08:54:32,62011148.8
2020-12-19 02:54:32,62107749.766666666
2020-12-19 20:54:32,62186736.06666667
2020-12-20 14:54:32,62257184.7
2020-12-21 08:54:32,62328366.666666664
2020-12-22 02:54:32,62408775.86666667
2020-12-22 20:54:32,62492113.36666667
2020-12-23 14:54:32,62568268.43333333
2020-12-24 08:54:32,62641395.53333333
2020-12-26 14:54:32,62871905.1
2020-12-27 08:54:32,62951728.63333333
2020-12-28 02:54:32,63037289.166666664
2020-12-28 20:54:32,63127372.36666667
2020-12-29 14:54:32,63214426.9
2020-12-30 08:54:32,63295011.3
2020-12-31 02:54:32,63369880.43333333
2020-12-31 20:54:32,63427751.63333333
2021-01-01 14:54:32,63476427.5
2021-01-02 08:54:32,63532152.63333333
2021-01-03 02:54:32,63600159.333333336
2021-01-03 20:54:32,63674219.46666667
2021-01-04 14:54:32,63750651.43333333
2021-01-05 08:54:32,63833896.13333333
2021-01-06 02:54:32,63910820.6
2021-01-06 20:54:32,63988542.2
2021-01-07 14:54:32,64071598.4
2021-01-08 08:54:32,64149107.03333333
2021-01-09 02:54:32,64214230.833333336
2021-01-09 20:54:32,64286483.86666667
2021-01-10 14:54:32,64350676.03333333
2021-01-11 08:54:32,64416469.166666664
2021-01-12 02:54:32,64487079.36666667
2021-01-12 20:54:32,64551197.53333333
2021-01-13 14:54:32,64612650.43333333
2021-01-14 08:54:32,64677046.233333334
2021-01-15 02:54:32,64740119.96666667
2021-01-15 20:54:32,64802274.63333333
2021-01-16 14:54:32,64857057.266666666
2021-01-17 08:54:32,64912649.333333336
2021-01-18 02:54:32,64968763.63333333
2021-01-18 20:54:32,65036562.43333333
2021-01-19 14:54:32,65102918.1
2021-01-20 08:54:32,65175190.266666666
2021-01-21 02:54:32,65256813.333333336
2021-01-21 20:54:32,65322642.2
2021-01-22 14:54:32,65387624.333333336
2021-01-23 08:54:32,65449119.36666667
2021-01-24 02:54:32,65513144.96666667
2021-01-24 20:54:32,65579446.53333333
2021-01-25 14:54:32,65643445.233333334
2021-01-26 08:54:32,65702294.233333334
2021-01-27 02:54:32,65757131.3
2021-01-27 20:54:32,65812000.166666664
2021-01-28 14:54:32,65872666.43333333
2021-01-29 08:54:32,65941579.43333333
2021-01-30 02:54:32,66010216.2
2021-01-30 20:54:32,66077468.46666667
2021-01-31 14:54:32,66136139.733333334
2021-02-01 08:54:32,66195349.13333333
2021-02-02 02:54:32,66263501.36666667
2021-02-02 20:54:32,66326604.43333333
2021-02-03 14:54:32,66383422.53333333
2021-02-04 08:54:32,66437358.86666667
2021-02-05 02:54:32,66490822.03333333
2021-02-05 20:54:32,66545886.96666667
2021-02-06 14:54:32,66605686.63333333
2021-02-07 08:54:32,66670305.833333336
2021-02-08 02:54:32,66739099.06666667
2021-02-08 20:54:32,66805364.5
2021-02-09 14:54:32,66881160.333333336
2021-02-10 08:54:32,66960101.86666667
2021-02-11 02:54:32,67039373.06666667
2021-02-11 20:54:32,67109459.43333334
2021-02-12 14:54:32,67181915.4
2021-02-13 08:54:32,67250164.83333333
2021-02-14 02:54:32,67316328.3
2021-02-14 20:54:32,67385326.9
2021-02-15 14:54:32,67463136.96666667
2021-02-16 08:54:32,67547209.23333333
2021-02-17 02:54:32,67625020.13333334
2021-02-17 20:54:32,67694085.93333334
2021-02-18 14:54:32,67753740.96666667
2021-02-19 08:54:32,67825110.4
2021-02-20 02:54:32,67909939.33333333
2021-02-20 20:54:32,68008540.96666667
2021-02-21 14:54:32,68080942.63333334
2021-02-22 08:54:32,68135750.76666667
2021-02-23 02:54:32,68197404.4
2021-02-23 20:54:32,68276573.86666666
2021-02-24 14:54:32,68363144.4
2021-02-25 08:54:32,68428238.6
2021-02-26 02:54:32,68485582.16666667
2021-02-26 20:54:32,68542915.83333333
2021-02-27 14:54:32,68605802.7
2021-02-28 08:54:32,68676359.33333333
2021-03-01 02:54:32,68740140.06666666
2021-03-01 20:54:32,68799754.33333333
2021-03-02 14:54:32,68849081.63333334
2021-03-03 08:54:32,68897124.9
2021-03-04 02:54:32,68947381.33333333
2021-03-04 20:54:32,68993062.43333334
2021-03-05 14:54:32,69035219.73333333
2021-03-06 08:54:32,69077726.2
2021-03-07 02:54:32,69121900.56666666
2021-03-07 20:54:32,69167861.66666667
2021-03-08 14:54:32,69210070.8
2021-03-09 08:54:32,69250940.4
2021-03-10 02:54:32,69281959.43333334
2021-03-10 20:54:32,69316035.1
2021-03-11 14:54:32,69361283.83333333
2021-03-12 08:54:32,69403321.13333334
2021-03-13 02:54:32,69443900.03333333
2021-03-13 20:54:32,69484572.26666667
2021-03-14 14:54:32,69529765.26666667
2021-03-15 08:54:32,69574050.1
2021-03-16 02:54:32,69618587.86666666
2021-03-16 20:54:32,69661544.13333334
2021-03-17 14:54:32,69705051.33333333
2021-03-18 08:54:32,69754231.06666666
2021-03-19 20:54:32,69851068.93333334
2021-03-20 14:54:32,69896214.03333333
2021-03-21 08:54:32,69940458.93333334
2021-03-22 02:54:32,69989765.06666666
2021-03-22 20:54:32,70047290.56666666
2021-03-23 14:54:32,70103570.7
2021-03-24 08:54:32,70158987.43333334
2021-03-25 02:54:32,70217143.23333333
2021-03-25 20:54:32,70260651.2
2021-03-26 14:54:32,70297563.86666666
2021-03-27 08:54:32,70332374.23333333
2021-03-28 03:54:32,70369339.9
2021-03-28 21:54:32,70408139.53333333
2021-03-29 15:54:32,70445388.23333333
2021-03-30 09:54:32,70488097.76666667
2021-03-31 03:54:32,70536316.03333333
2021-03-31 21:54:32,70592261.83333333
2021-04-01 15:54:32,70660024.3
2021-04-02 09:54:32,70727868.43333334
2021-04-03 03:54:32,70791938.16666667
2021-04-03 21:54:32,70841090.9
2021-04-04 15:54:32,70886617.66666667
2021-04-05 09:54:32,70933641.73333333
2021-04-06 03:54:32,70983514.33333333
2021-04-06 21:54:32,71028348.8
2021-04-07 15:54:32,71065347.7
2021-04-08 09:54:32,71094953.43333334
2021-04-09 03:54:32,71131967.16666667
2021-04-09 21:54:32,71168128.7
2021-04-10 15:54:32,71201566.93333334
2021-04-12 03:54:32,71266565.16666667
2021-04-12 21:54:32,71302590.36666666
2021-04-13 15:54:32,71347319.3
2021-04-14 09:54:32,71395060.13333334
2021-04-15 03:54:32,71440284.66666667
2021-04-15 21:54:32,71478450.83333333
2021-04-16 15:54:32,71518270.73333333
2021-04-17 09:54:32,71565819.4
2021-04-18 03:54:32,71609721.96666667
2021-04-18 21:54:32,71645799.16666667
2021-04-19 15:54:32,71678428.36666666
2021-04-20 09:54:32,71710750.76666667
2021-04-21 03:54:32,71746922.76666667
2021-04-21 21:54:32,71782396.86666666
2021-04-22 15:54:32,71819998.3