Timestamp,fees-usd-per-transaction
00:00,0
00:00,0
00:00,0
00:00,0
00:00,0
00:00,0
00:00,0
00:00,0
00:00,0
00:00,0
00:00,0
00:00,0
00:00,0
00:00,0
00:00,0
00:00,0
00:00,0
00:00,0
00:00,0
00:00,0
00:00,0
00:00,0
00:00,0
00:00,0
00:00,0
00:00,0
00:00,0
00:00,0
00:00,0
00:00,0
00:00,0
00:00,0
00:00,0
00:00,0
00:00,0
00:00,0
00:00,0
00:00,0
00:00,0
00:00,0
00:00,0
00:00,0
00:00,0
00:00,0
00:00,0
00:00,0
00:00,0
00:00,0
00:00,0
00:00,0
00:00,0
00:00,0
00:00,0
00:00,0
00:00,0
00:00,0
00:00,0
00:00,0
00:00,0
00:00,0
00:00,0
00:00,0
00:00,0
00:00,0
00:00,0
00:00,0
00:00,0
00:00,0
00:00,0
00:00,0
00:00,0
00:00,0
00:00,0
00:00,0
00:00,0
00:00,0
00:00,0
00:00,0
00:00,0
00:00,0
00:00,0
00:00,0
00:00,0
00:00,0
00:00,0
00:00,0
00:00,0
00:00,0
00:00,0
00:00,0
00:00,0
00:00,0
00:00,0
00:00,0
00:00,0
00:00,0
00:00,0
00:00,0
00:00,0
00:00,0
00:00,0
00:00,0
00:00,0
00:00,0
00:00,0
00:00,0
00:00,0
00:00,0
00:00,0
00:00,0
00:00,0
00:00,0
00:00,0
00:00,0
00:00,0
00:00,0
00:00,0
00:00,0
00:00,0
00:00,0
00:00,0
00:00,0
00:00,0
00:00,0
00:00,0
00:00,0
00:00,0
00:00,0
00:00,0
00:00,0
00:00,0
00:00,0
00:00,0
00:00,0
00:00,0
00:00,0
00:00,0
00:00,0
00:00,0
00:00,0
00:00,0
00:00,0
00:00,0
00:00,0
00:00,0
00:00,0
00:00,0
00:00,0
00:00,0
00:00,0
00:00,0
00:00,0
00:00,0
00:00,0
00:00,0
00:00,0
00:00,0
00:00,0
00:00,0
00:00,0
00:00,0
00:00,0
00:00,0
00:00,0
00:00,0
00:00,0
00:00,0
00:00,0
00:00,0
00:00,0
00:00,0
00:00,0
00:00,0
00:00,0
00:00,0
00:00,0
00:00,0
00:00,0
00:00,0
00:00,0
00:00,0
00:00,0
00:00,0
2010-08-19 00:00:00,0.000009604221635883901
2010-08-22 00:00:00,0.000009604221635883901
2010-08-25 00:00:00,0.000014490783590508669
2010-08-28 00:00:00,0.000014490783590508669
2010-08-31 00:00:00,0.000018794693518887636
2010-09-03 00:00:00,0.000020273949848600812
2010-09-06 00:00:00,0.000020338258530272837
2010-09-09 00:00:00,0.00002033826146291045
2010-09-12 00:00:00,0.000021013109245652513
2010-09-15 00:00:00,0.000021849966052107074
2010-09-18 00:00:00,0.000012245744416223173
2010-09-21 00:00:00,0.000013148000055320918
2010-09-24 00:00:00,0.000008261438346094925
2010-09-27 00:00:00,0.000008261438346094925
2010-09-30 00:00:00,0.00000885607817452475
2010-10-03 00:00:00,0.000009315839158123623
2010-10-06 00:00:00,0.000009292410168394726
2010-10-09 00:00:00,0.000009292412539893372
2010-10-12 00:00:00,0.00000861757743156991
2010-10-15 00:00:00,0.000010959648872163485
2010-10-18 00:00:00,0.000010959648872163485
2010-10-21 00:00:00,0.000010168875953244113
2010-10-24 00:00:00,0.000010503129070747223
2010-10-27 00:00:00,0.000010503129070747223
2010-10-30 00:00:00,0.000005604579313938431
2010-11-01 23:00:00,0.000003665562000626385
2010-11-04 23:00:00,0.000003624682308683257
2010-11-07 23:00:00,0.000003624677004547004
2010-11-10 23:00:00,0.000028631074586538667
2010-11-13 23:00:00,0.00002545214633949053
2010-11-16 23:00:00,0.00002643575289686758
2010-11-19 23:00:00,0.000026404250871004373
2010-11-22 23:00:00,0.00004328748276863465
2010-11-25 23:00:00,0.00005699565394823401
2010-11-28 23:00:00,0.000059971968047658194
2010-12-01 23:00:00,0.00006142410773539538
2010-12-04 23:00:00,0.00006285087040532149
2010-12-07 23:00:00,0.00006519040320349176
2010-12-10 23:00:00,0.0000428636293849621
2010-12-13 23:00:00,0.00004973735676139644
2010-12-16 23:00:00,0.00005143940220159825
2010-12-19 23:00:00,0.00005816051543305414
2010-12-22 23:00:00,0.00004508838683134489
2010-12-25 23:00:00,0.00003448760088743976
2010-12-28 23:00:00,0.000035680549595970944
2010-12-31 23:00:00,0.000038681429361553606
2011-01-03 23:00:00,0.00004651556234826779
2011-01-06 23:00:00,0.00004639753025948393
2011-01-09 23:00:00,0.00004559125141907703
2011-01-12 23:00:00,0.00004244672122508281
2011-01-15 23:00:00,0.00004225188839728027
2011-01-18 23:00:00,0.000039832164311584515
2011-01-21 23:00:00,0.00003843787627115484
2011-01-24 23:00:00,0.000047228585891188235
2011-01-27 23:00:00,0.00005657979255141192
2011-01-30 23:00:00,0.00007408751361919924
2011-02-02 23:00:00,0.0000911026679912338
2011-02-05 23:00:00,0.0001068448718698299
2011-02-08 23:00:00,0.00012567289716866657
2011-02-11 23:00:00,0.00014509997646568233
2011-02-14 23:00:00,0.00020976631432909613
2011-02-17 23:00:00,0.00022122174544633198
2011-02-20 23:00:00,0.00024259868831809895
2011-02-23 23:00:00,0.000245424912625398
2011-02-26 23:00:00,0.0002503435591949852
2011-03-01 23:00:00,0.0002581293333936704
2011-03-04 23:00:00,0.0003205153603606733
2011-03-07 23:00:00,0.0005113906041954468
2011-03-10 23:00:00,0.00062986891460819
2011-03-13 23:00:00,0.0007464467478711495
2011-03-16 23:00:00,0.0007361979098029337
2011-03-19 23:00:00,0.0007597472756898124
2011-03-22 23:00:00,0.0009216280843696375
2011-03-25 23:00:00,0.0011963981673827249
2011-03-29 00:00:00,0.0013384186269590837
2011-04-01 00:00:00,0.0014562262354740245
2011-04-04 00:00:00,0.001526828126093146
2011-04-07 00:00:00,0.001513773868649536
2011-04-10 00:00:00,0.001543538681212614
2011-04-13 00:00:00,0.0015972866125015604
2011-04-16 00:00:00,0.0017952639606362308
2011-04-19 00:00:00,0.0018914797347576993
2011-04-22 00:00:00,0.0019342254190301237
2011-04-25 00:00:00,0.0020132413283228527
2011-04-28 00:00:00,0.002267535132123162
2011-05-01 00:00:00,0.0026955715304512067
2011-05-04 00:00:00,0.0033146067047734387
2011-05-07 00:00:00,0.00398401441714909
2011-05-10 00:00:00,0.004734682384431551
2011-05-13 00:00:00,0.005801302015598743
2011-05-16 00:00:00,0.00826515196119281
2011-05-19 00:00:00,0.01093125590071919
2011-05-22 00:00:00,0.013443163807051062
2011-05-25 00:00:00,0.015448271814126339
2011-05-28 00:00:00,0.01752211755212495
2011-05-31 00:00:00,0.019621634060580616
2011-06-03 00:00:00,0.022048628369156806
2011-06-06 00:00:00,0.025839116039538295
2011-06-09 00:00:00,0.03167701901972174
2011-06-12 00:00:00,0.041515534655383254
2011-06-15 00:00:00,0.04695031175008734
2011-06-18 00:00:00,0.0498212770028273
2011-06-21 00:00:00,0.05106042816566583
2011-06-24 00:00:00,0.05122362997828024
2011-06-27 00:00:00,0.052391860204543554
2011-06-30 00:00:00,0.053310906085863564
2011-07-03 00:00:00,0.05322194229203508
2011-07-06 00:00:00,0.051401825533853154
2011-07-09 00:00:00,0.04714098974782658
2011-07-12 00:00:00,0.03838153995035568
2011-07-15 00:00:00,0.03250045172743996
2011-07-18 00:00:00,0.029053795592058364
2011-07-21 00:00:00,0.02711254697023441
2011-07-24 00:00:00,0.026273581599073507
2011-07-27 00:00:00,0.02424962901631505
2011-07-30 00:00:00,0.02207367947507205
2011-08-02 00:00:00,0.0202279487553052
2011-08-05 00:00:00,0.01863391203669895
2011-08-08 00:00:00,0.018148501987652863
2011-08-11 00:00:00,0.0170720952789846
2011-08-14 00:00:00,0.01572676905001908
2011-08-17 00:00:00,0.014809844784268276
2011-08-20 00:00:00,0.013796682139229183
2011-08-23 00:00:00,0.013063911456783197
2011-08-26 00:00:00,0.012516549701085363
2011-08-29 00:00:00,0.011836326942617627
2011-09-01 00:00:00,0.011410784004894701
2011-09-04 00:00:00,0.010857916953566157
2011-09-07 00:00:00,0.009763003188528801
2011-09-10 00:00:00,0.009210271109734911
2011-09-13 00:00:00,0.008856079011235233
2011-09-16 00:00:00,0.008009944240508373
2011-09-19 00:00:00,0.007445696052696551
2011-09-22 00:00:00,0.006941713040589862
2011-09-25 00:00:00,0.006332419576718231
2011-09-28 00:00:00,0.005933685649177678
2011-10-01 00:00:00,0.005413652769418732
2011-10-04 00:00:00,0.005189379802261319
2011-10-07 00:00:00,0.0047257704953951795
2011-10-10 00:00:00,0.004309909418696699
2011-10-13 00:00:00,0.004043952178154305
2011-10-16 00:00:00,0.003853775746809055
2011-10-19 00:00:00,0.003644700628259852
2011-10-22 00:00:00,0.0033977987843134103
2011-10-25 00:00:00,0.003100399506980449
2011-10-28 00:00:00,0.0029323161439559265
2011-10-30 23:00:00,0.0028214142639160834
2011-11-02 23:00:00,0.002584751231200086
2011-11-05 23:00:00,0.002297497264215203
2011-11-08 23:00:00,0.0021938003962534225
2011-11-11 23:00:00,0.0020362907725082935
2011-11-14 23:00:00,0.0019038546115582704
2011-11-17 23:00:00,0.0018018469099014473
2011-11-20 23:00:00,0.0017498054180554235
2011-11-23 23:00:00,0.0017187862607452363
2011-11-26 23:00:00,0.0017312439578196512
2011-11-29 23:00:00,0.001657874915082278
2011-12-02 23:00:00,0.0016320562487411867
2011-12-05 23:00:00,0.0016403739761510143
2011-12-08 23:00:00,0.0016111202041348947
2011-12-11 23:00:00,0.007304559828224198
2011-12-14 23:00:00,0.011419329768970893
2011-12-17 23:00:00,0.011568208665660908
2011-12-20 23:00:00,0.011675888180807965
2011-12-23 23:00:00,0.01181315519480355
2011-12-26 23:00:00,0.011876498764025491
2011-12-29 23:00:00,0.011991041935096484
2012-01-01 23:00:00,0.012105157635037648
2012-01-04 23:00:00,0.012671493025734672
2012-01-07 23:00:00,0.013073279308419774
2012-01-10 23:00:00,0.007771844207469449
2012-01-13 23:00:00,0.006109215419477051
2012-01-16 23:00:00,0.00797804301884383
2012-01-19 23:00:00,0.009153068245000355
2012-01-22 23:00:00,0.009920075481943548
2012-01-25 23:00:00,0.010322389633622775
2012-01-28 23:00:00,0.011339238472443528
2012-01-31 23:00:00,0.0180795722048039
2012-02-03 23:00:00,0.017980117485155375
2012-02-06 23:00:00,0.017917556621219036
2012-02-09 23:00:00,0.017878784648123376
2012-02-12 23:00:00,0.015586703469708205
2012-02-15 23:00:00,0.013972530274141522
2012-02-18 23:00:00,0.012860652223699245
2012-02-21 23:00:00,0.012045405178246574
2012-02-24 23:00:00,0.011668121864881755
2012-02-27 23:00:00,0.010710991928352304
2012-03-01 23:00:00,0.003994577105558328
2012-03-04 23:00:00,0.003652992466095727
2012-03-07 23:00:00,0.003491179219140788
2012-03-10 23:00:00,0.0033264761716448816
2012-03-13 23:00:00,0.003437878779520227
2012-03-16 23:00:00,0.0033330672611905404
2012-03-19 23:00:00,0.003294824973212385
2012-03-22 23:00:00,0.003365827125788478
2012-03-26 00:00:00,0.0037243535348366187
2012-03-29 00:00:00,0.00369657443604069
2012-04-01 00:00:00,0.0036591762724604102
2012-04-04 00:00:00,0.0036965807573022887
2012-04-07 00:00:00,0.003710642928166364
2012-04-10 00:00:00,0.003672004256620282
2012-04-13 00:00:00,0.0036289973041963353
2012-04-16 00:00:00,0.0034829000216668312
2012-04-19 00:00:00,0.0035651394663416937
2012-04-22 00:00:00,0.0036786925851905244
2012-04-25 00:00:00,0.003441940765507996
2012-04-28 00:00:00,0.003627921127291182
2012-05-01 00:00:00,0.0036566881500116007
2012-05-04 00:00:00,0.003695489881552123
2012-05-07 00:00:00,0.0036949940074538054
2012-05-10 00:00:00,0.0037708702062905736
2012-05-13 00:00:00,0.003734280289031829
2012-05-16 00:00:00,0.003873701317888229
2012-05-19 00:00:00,0.003853843143280354
2012-05-22 00:00:00,0.003796807695921318
2012-05-25 00:00:00,0.003733057731935681
2012-05-28 00:00:00,0.003605544590997371
2012-05-31 00:00:00,0.0036087244986650977
2012-06-03 00:00:00,0.0035375817573630635
2012-06-06 00:00:00,0.0035184000342691228
2012-06-09 00:00:00,0.003515624477014792
2012-06-12 00:00:00,0.0035344763680716785
2012-06-15 00:00:00,0.0034613339139384263
2012-06-18 00:00:00,0.0034834517053988056
2012-06-21 00:00:00,0.0035655890640201196
2012-06-24 00:00:00,0.0038647067944115945
2012-06-27 00:00:00,0.003912740974822247
2012-06-30 00:00:00,0.003953389340438238
2012-07-03 00:00:00,0.0040532056018622335
2012-07-06 00:00:00,0.00410295505399079
2012-07-09 00:00:00,0.004363109672603896
2012-07-12 00:00:00,0.004461025174053961
2012-07-15 00:00:00,0.004532687218772533
2012-07-18 00:00:00,0.004679569529676856
2012-07-21 00:00:00,0.004983797708831029
2012-07-24 00:00:00,0.004896607537840085
2012-07-27 00:00:00,0.005005546329232001
2012-07-30 00:00:00,0.005146309316835481
2012-08-02 00:00:00,0.005303969526544829
2012-08-05 00:00:00,0.005596942866977417
2012-08-08 00:00:00,0.0057447380226831445
2012-08-11 00:00:00,0.006568436580516953
2012-08-14 00:00:00,0.006750061615191109
2012-08-17 00:00:00,0.006977258717147223
2012-08-20 00:00:00,0.007108188068740184
2012-08-23 00:00:00,0.007263273825594875
2012-08-26 00:00:00,0.007427466562925262
2012-08-29 00:00:00,0.0077866628631607275
2012-09-01 00:00:00,0.008087082741718371
2012-09-04 00:00:00,0.008338893505383489
2012-09-07 00:00:00,0.008228477681830385
2012-09-10 00:00:00,0.007710063621090857
2012-09-13 00:00:00,0.007908846616421576
2012-09-16 00:00:00,0.007817867191522849
2012-09-19 00:00:00,0.0076339891781288536
2012-09-22 00:00:00,0.007788354830427527
2012-09-25 00:00:00,0.008043739390322553
2012-09-28 00:00:00,0.00788662204649849
2012-10-01 00:00:00,0.008074580595151867
2012-10-04 00:00:00,0.00811351411231631
2012-10-07 00:00:00,0.009633195717453535
2012-10-10 00:00:00,0.009789028271792465
2012-10-13 00:00:00,0.009882360458995766
2012-10-16 00:00:00,0.009994170110237394
2012-10-19 00:00:00,0.010584316945977426
2012-10-22 00:00:00,0.010473125175917244
2012-10-25 00:00:00,0.010291657847554307
2012-10-28 00:00:00,0.010388740444627165
2012-10-30 23:00:00,0.01016346901268651
2012-11-02 23:00:00,0.010157729633001118
2012-11-05 23:00:00,0.008802541616578086
2012-11-08 23:00:00,0.008776055521826849
2012-11-11 23:00:00,0.008697365429718943
2012-11-14 23:00:00,0.008761453315272309
2012-11-17 23:00:00,0.008401940825477286
2012-11-20 23:00:00,0.008601015343148817
2012-11-23 23:00:00,0.008787067766730293
2012-11-26 23:00:00,0.008912400400809756
2012-11-29 23:00:00,0.010033819884096415
2012-12-02 23:00:00,0.010018470934883868
2012-12-05 23:00:00,0.010241727476194016
2012-12-08 23:00:00,0.010439846952473507
2012-12-11 23:00:00,0.01068667762422095
2012-12-14 23:00:00,0.011045278937086532
2012-12-17 23:00:00,0.011188197051231842
2012-12-20 23:00:00,0.011347454419613018
2012-12-23 23:00:00,0.011558259440325758
2012-12-26 23:00:00,0.011674136270873527
2012-12-29 23:00:00,0.010803131349302018
2013-01-01 23:00:00,0.010940851328083425
2013-01-04 23:00:00,0.010987842370119728
2013-01-07 23:00:00,0.01113030534663842
2013-01-10 23:00:00,0.012121575378462791
2013-01-13 23:00:00,0.012063819226917138
2013-01-16 23:00:00,0.012079840261819436
2013-01-19 23:00:00,0.012346388939020814
2013-01-22 23:00:00,0.012453866435899576
2013-01-25 23:00:00,0.013058230521194671
2013-01-28 23:00:00,0.013551094234474498
2013-01-31 23:00:00,0.014208700012703602
2013-02-03 23:00:00,0.015264229561943657
2013-02-06 23:00:00,0.015694168637421995
2013-02-09 23:00:00,0.015382346748910177
2013-02-12 23:00:00,0.016225889068843747
2013-02-15 23:00:00,0.017542782078380052
2013-02-18 23:00:00,0.01870599191747157
2013-02-21 23:00:00,0.01995270567650098
2013-02-24 23:00:00,0.020750721067805622
2013-02-27 23:00:00,0.022003258012086295
2013-03-02 23:00:00,0.023477251942213888
2013-03-05 23:00:00,0.024311126645747746
2013-03-08 23:00:00,0.02848042734001194
2013-03-11 23:00:00,0.030667439984359734
2013-03-14 23:00:00,0.03372279205676075
2013-03-17 23:00:00,0.03574807389892972
2013-03-20 23:00:00,0.03811105128666327
2013-03-23 23:00:00,0.04249117961844034
2013-03-26 23:00:00,0.04620795588045359
2013-03-29 23:00:00,0.05206676196850473
2013-04-02 00:00:00,0.05779485101851296
2013-04-05 00:00:00,0.06837956723789977
2013-04-08 00:00:00,0.07426766222934664
2013-04-11 00:00:00,0.08668928562394113
2013-04-14 00:00:00,0.09369667606234619
2013-04-17 00:00:00,0.0986668162914757
2013-04-20 00:00:00,0.10327846567395649
2013-04-23 00:00:00,0.10722100762692119
2013-04-26 00:00:00,0.11475703470697306
2013-04-29 00:00:00,0.1169049335761325
2013-05-02 00:00:00,0.1199460766339345
2013-05-05 00:00:00,0.11602462135916079
2013-05-08 00:00:00,0.11393923686970088
2013-05-11 00:00:00,0.10866706763299394
2013-05-14 00:00:00,0.10685604761228594
2013-05-17 00:00:00,0.10915960827126055
2013-05-20 00:00:00,0.11049522926154925
2013-05-23 00:00:00,0.11071164032575902
2013-05-26 00:00:00,0.10863408391893685
2013-05-29 00:00:00,0.10946107969075108
2013-06-01 00:00:00,0.1087433601086934
2013-06-04 00:00:00,0.11069579516942639
2013-06-07 00:00:00,0.11221416871241281
2013-06-10 00:00:00,0.11052184955688392
2013-06-13 00:00:00,0.10970342515186547
2013-06-16 00:00:00,0.10696371529082221
2013-06-19 00:00:00,0.10400171509989467
2013-06-22 00:00:00,0.10398113298531565
2013-06-25 00:00:00,0.10315881716592142
2013-06-28 00:00:00,0.0994786340009859
2013-07-01 00:00:00,0.0965125814328426
2013-07-04 00:00:00,0.09262733729544764
2013-07-07 00:00:00,0.08754326095721818
2013-07-10 00:00:00,0.08379619738222144
2013-07-13 00:00:00,0.08036103010682719
2013-07-16 00:00:00,0.07830439358977152
2013-07-19 00:00:00,0.07901739969108394
2013-07-22 00:00:00,0.07377297216938856
2013-07-25 00:00:00,0.06980699964085674
2013-07-28 00:00:00,0.06880304474692339
2013-07-31 00:00:00,0.06789437553274923
2013-08-03 00:00:00,0.06879598559310658
2013-08-06 00:00:00,0.06909031927069727
2013-08-09 00:00:00,0.07104804456000366
2013-08-12 00:00:00,0.07290034920321581
2013-08-15 00:00:00,0.07277947061031834
2013-08-18 00:00:00,0.07127314210050072
2013-08-21 00:00:00,0.07228497781887203
2013-08-24 00:00:00,0.07163432400835885
2013-08-27 00:00:00,0.07173705698047428
2013-08-30 00:00:00,0.08419914045293085
2013-09-02 00:00:00,0.0833307540459472
2013-09-05 00:00:00,0.08566000171225174
2013-09-08 00:00:00,0.08427740625949696
2013-09-11 00:00:00,0.08269042348626197
2013-09-14 00:00:00,0.0821791058578612
2013-09-17 00:00:00,0.08246185377099971
2013-09-20 00:00:00,0.10935138477765233
2013-09-23 00:00:00,0.10929950339717903
2013-09-26 00:00:00,0.10906307013734626
2013-09-29 00:00:00,0.10066112859824446
2013-10-02 00:00:00,0.10036277986825137
2013-10-05 00:00:00,0.1021540306940426
2013-10-08 00:00:00,0.1031814777664816
2013-10-11 00:00:00,0.10319371701302625
2013-10-14 00:00:00,0.10364575496256476
2013-10-17 00:00:00,0.10591602893174287
2013-10-20 00:00:00,0.08197683508679156
2013-10-23 00:00:00,0.08768417270157995
2013-10-26 00:00:00,0.09650982701124379
2013-10-28 23:00:00,0.10438333694015071
2013-10-31 23:00:00,0.10923878377385088
2013-11-03 23:00:00,0.11564148748108595
2013-11-06 23:00:00,0.1447233003214287
2013-11-09 23:00:00,0.18517675764251143
2013-11-12 23:00:00,0.2017923913688079
2013-11-15 23:00:00,0.20465141542834
2013-11-18 23:00:00,0.20923213389784712
2013-11-21 23:00:00,0.2183744234628973
2013-11-24 23:00:00,0.22526624658917943
2013-11-27 23:00:00,0.23135673361279854
2013-11-30 23:00:00,0.2486635500496431
2013-12-03 23:00:00,0.2626202333821863
2013-12-06 23:00:00,0.25449228549741115
2013-12-09 23:00:00,0.23427099571444535
2013-12-12 23:00:00,0.23444519292605362
2013-12-15 23:00:00,0.24227102044264204
2013-12-18 23:00:00,0.24462989479399652
2013-12-21 23:00:00,0.23782291355554946
2013-12-24 23:00:00,0.22890414274616958
2013-12-27 23:00:00,0.21989624391613757
2013-12-30 23:00:00,0.2078451846230396
2014-01-02 23:00:00,0.1940698658326441
2014-01-05 23:00:00,0.18468008294178298
2014-01-08 23:00:00,0.18421025398459684
2014-01-11 23:00:00,0.17917131508685108
2014-01-14 23:00:00,0.17965030299406035
2014-01-17 23:00:00,0.18377680842430255
2014-01-20 23:00:00,0.189098010871315
2014-01-23 23:00:00,0.19455082923877276
2014-01-26 23:00:00,0.19598208391847466
2014-01-29 23:00:00,0.19521085699988444
2014-02-01 23:00:00,0.1959558550874623
2014-02-04 23:00:00,0.19380200085836954
2014-02-07 23:00:00,0.18441248618321063
2014-02-10 23:00:00,0.1792338481189776
2014-02-13 23:00:00,0.17305503844547374
2014-02-16 23:00:00,0.16567656556904117
2014-02-19 23:00:00,0.16450215543449273
2014-02-22 23:00:00,0.1575876795729273
2014-02-25 23:00:00,0.15199388220942422
2014-02-28 23:00:00,0.1475609394258522
2014-03-03 23:00:00,0.14089763998585683
2014-03-06 23:00:00,0.13790269121159057
2014-03-09 23:00:00,0.1333454792167972
2014-03-12 23:00:00,0.13355802870179448
2014-03-15 23:00:00,0.13123694274527187
2014-03-18 23:00:00,0.1300013552919837
2014-03-21 23:00:00,0.12321531596917143
2014-03-24 23:00:00,0.12295641992477326
2014-03-27 23:00:00,0.12255510339967672
2014-03-31 00:00:00,0.1192494612989196
2014-04-03 00:00:00,0.11716144384229207
2014-04-06 00:00:00,0.11233591629726751
2014-04-09 00:00:00,0.10982334676802497
2014-04-12 00:00:00,0.1065206051503206
2014-04-15 00:00:00,0.10266946007200933
2014-04-18 00:00:00,0.10162902469915218
2014-04-21 00:00:00,0.10149717586274183
2014-04-24 00:00:00,0.09948198584376396
2014-04-27 00:00:00,0.09697481493955955
2014-04-30 00:00:00,0.097451999984895
2014-05-03 00:00:00,0.09719475895112767
2014-05-06 00:00:00,0.09693768339955647
2014-05-09 00:00:00,0.09577950471009089
2014-05-12 00:00:00,0.09437540315753773
2014-05-15 00:00:00,0.0938175092159683
2014-05-18 00:00:00,0.09045877724426848
2014-05-21 00:00:00,0.0870034580357767
2014-05-24 00:00:00,0.08598519253870382
2014-05-27 00:00:00,0.08693286736892361
2014-05-30 00:00:00,0.08803143945129056
2014-06-02 00:00:00,0.09049978408624605
2014-06-05 00:00:00,0.09403952844980108
2014-06-08 00:00:00,0.09714620331893338
2014-06-11 00:00:00,0.10040361948475242
2014-06-14 00:00:00,0.10396939689126541
2014-06-17 00:00:00,0.10629697691627198
2014-06-20 00:00:00,0.10953045225235414
2014-06-23 00:00:00,0.11149032062608799
2014-06-26 00:00:00,0.11198472836652175
2014-06-29 00:00:00,0.11102281555274422
2014-07-02 00:00:00,0.11088732085534163
2014-07-05 00:00:00,0.11026931321900156
2014-07-08 00:00:00,0.10959479076264568
2014-07-11 00:00:00,0.10828661041272995
2014-07-14 00:00:00,0.1078492692729008
2014-07-17 00:00:00,0.10921169413543003
2014-07-20 00:00:00,0.10922564753102773
2014-07-23 00:00:00,0.10897197489265928
2014-07-26 00:00:00,0.10828263013444896
2014-07-29 00:00:00,0.10825974335379902
2014-08-01 00:00:00,0.10672214476501131
2014-08-04 00:00:00,0.10447613292162067
2014-08-07 00:00:00,0.10322253138747639
2014-08-10 00:00:00,0.10169727463643245
2014-08-13 00:00:00,0.10030647078330909
2014-08-16 00:00:00,0.09753694677003075
2014-08-19 00:00:00,0.10786681930753378
2014-08-22 00:00:00,0.10528461823405408
2014-08-25 00:00:00,0.10314011179617576
2014-08-28 00:00:00,0.10266196899957704
2014-08-31 00:00:00,0.10066097161891628
2014-09-03 00:00:00,0.09898919699579814
2014-09-06 00:00:00,0.09696763107062863
2014-09-09 00:00:00,0.09762023057381707
2014-09-12 00:00:00,0.09595823447898898
2014-09-15 00:00:00,0.09481985780767666
2014-09-18 00:00:00,0.08065398637632663
2014-09-21 00:00:00,0.0793406004354778
2014-09-24 00:00:00,0.07786284876661925
2014-09-27 00:00:00,0.08212622702886271
2014-09-30 00:00:00,0.08100462966755656
2014-10-03 00:00:00,0.07945598457909142
2014-10-06 00:00:00,0.07806798920580293
2014-10-09 00:00:00,0.07354894506684147
2014-10-12 00:00:00,0.07142502179202025
2014-10-15 00:00:00,0.07022180263712578
2014-10-18 00:00:00,0.06929954811118545
2014-10-21 00:00:00,0.06882048268702462
2014-10-24 00:00:00,0.06845241022655553
2014-10-26 23:00:00,0.06054564640790079
2014-10-29 23:00:00,0.059555857113930716
2014-11-01 23:00:00,0.05891163222739012
2014-11-04 23:00:00,0.058123144396651436
2014-11-07 23:00:00,0.05797097402584448
2014-11-10 23:00:00,0.05805243521412829
2014-11-13 23:00:00,0.05769576324825817
2014-11-16 23:00:00,0.05732039195021686
2014-11-19 23:00:00,0.05726238094047747
2014-11-22 23:00:00,0.056596272444308336
2014-11-25 23:00:00,0.05650762015786577
2014-11-28 23:00:00,0.056208170740380405
2014-12-01 23:00:00,0.05620064484009404
2014-12-04 23:00:00,0.0563300495716713
2014-12-07 23:00:00,0.05631514307323038
2014-12-10 23:00:00,0.05614416031971591
2014-12-13 23:00:00,0.05505463206280317
2014-12-16 23:00:00,0.05425118920841896
2014-12-19 23:00:00,0.05297004941973194
2014-12-22 23:00:00,0.052133442309608494
2014-12-25 23:00:00,0.05125589331029181
2014-12-28 23:00:00,0.05296653146534715
2014-12-31 23:00:00,0.052619654913305475
2015-01-03 23:00:00,0.05161500602883377
2015-01-06 23:00:00,0.05161651260994384
2015-01-09 23:00:00,0.05015936614288801
2015-01-12 23:00:00,0.05252751065576574
2015-01-15 23:00:00,0.05047759236939905
2015-01-18 23:00:00,0.048664234612042515
2015-01-21 23:00:00,0.04710943353434134
2015-01-24 23:00:00,0.04583663050775299
2015-01-27 23:00:00,0.04277590536795923
2015-01-30 23:00:00,0.041053410869972655
2015-02-02 23:00:00,0.039758103093091225
2015-02-05 23:00:00,0.03782591926833117
2015-02-08 23:00:00,0.03662601524789956
2015-02-11 23:00:00,0.03250847432492981
2015-02-14 23:00:00,0.03268711933661804
2015-02-17 23:00:00,0.03335584940189721
2015-02-20 23:00:00,0.03392352173045542
2015-02-23 23:00:00,0.03414733898116473
2015-02-26 23:00:00,0.033688264431014664
2015-03-01 23:00:00,0.0340155006188222
2015-03-04 23:00:00,0.03472640377977789
2015-03-07 23:00:00,0.03568175448679953
2015-03-10 23:00:00,0.036733869948480574
2015-03-13 23:00:00,0.03793859433086302
2015-03-16 23:00:00,0.038570417298834876
2015-03-19 23:00:00,0.03897468893800002
2015-03-22 23:00:00,0.03921598790641505
2015-03-25 23:00:00,0.039807393586117804
2015-03-28 23:00:00,0.03996617813530441
2015-04-01 00:00:00,0.03984082493772014
2015-04-04 00:00:00,0.0394089230280293
2015-04-07 00:00:00,0.039112500419776534
2015-04-10 00:00:00,0.03871673404818255
2015-04-13 00:00:00,0.038850829728680904
2015-04-16 00:00:00,0.03811145976860719
2015-04-19 00:00:00,0.03711474135648984
2015-04-22 00:00:00,0.03648105736364076
2015-04-25 00:00:00,0.03573309783056538
2015-04-28 00:00:00,0.04143448805066337
2015-05-01 00:00:00,0.04120305180850222
2015-05-04 00:00:00,0.04105753557267606
2015-05-07 00:00:00,0.040525210919009826
2015-05-10 00:00:00,0.04020008216768267
2015-05-13 00:00:00,0.03949601014775871
2015-05-16 00:00:00,0.0395453061236735
2015-05-19 00:00:00,0.039908664020699106
2015-05-22 00:00:00,0.04004837338737442
2015-05-25 00:00:00,0.040158032455480185
2015-05-28 00:00:00,0.03455496271183443
2015-05-31 00:00:00,0.03457474951172563
2015-06-03 00:00:00,0.03660142178353709
2015-06-06 00:00:00,0.03640507595823513
2015-06-09 00:00:00,0.03646155943026993
2015-06-12 00:00:00,0.036013784246131136
2015-06-15 00:00:00,0.03618540010266429
2015-06-18 00:00:00,0.03666881783536904
2015-06-21 00:00:00,0.03813639679882037
2015-06-24 00:00:00,0.03898627208776086
2015-06-27 00:00:00,0.03898079112412522
2015-06-30 00:00:00,0.03949042815740086
2015-07-03 00:00:00,0.038495655312412405
2015-07-06 00:00:00,0.03981451540150909
2015-07-09 00:00:00,0.04242525071056651
2015-07-12 00:00:00,0.04467233851857741
2015-07-15 00:00:00,0.04737023441816461
2015-07-18 00:00:00,0.049705933563359055
2015-07-21 00:00:00,0.05243747176248786
2015-07-24 00:00:00,0.054065275420992515
2015-07-27 00:00:00,0.056499517122161044
2015-07-30 00:00:00,0.06042452927266662
2015-08-02 00:00:00,0.06329837797577545
2015-08-05 00:00:00,0.0652587759365538
2015-08-08 00:00:00,0.0662259614544041
2015-08-11 00:00:00,0.06667617508426156
2015-08-14 00:00:00,0.06632967516821553
2015-08-17 00:00:00,0.06566295339851277
2015-08-20 00:00:00,0.06315463122880575
2015-08-23 00:00:00,0.06208189931245245
2015-08-26 00:00:00,0.06076565874184924
2015-08-29 00:00:00,0.05752078273257592
2015-09-01 00:00:00,0.05493257264079039
2015-09-04 00:00:00,0.05428676229781114
2015-09-07 00:00:00,0.05238101060219253
2015-09-10 00:00:00,0.051599246028922664
2015-09-13 00:00:00,0.05087581213730419
2015-09-16 00:00:00,0.049290178333366304
2015-09-19 00:00:00,0.047412237437136996
2015-09-22 00:00:00,0.04722389886357015
2015-09-25 00:00:00,0.04698070226454778
2015-09-28 00:00:00,0.04739062192784571
2015-10-01 00:00:00,0.04727022992489825
2015-10-04 00:00:00,0.046019839133535
2015-10-07 00:00:00,0.04527424327393383
2015-10-10 00:00:00,0.044722815653985885
2015-10-13 00:00:00,0.044267422321121214
2015-10-16 00:00:00,0.04493908001267988
2015-10-19 00:00:00,0.04695235678001531
2015-10-22 00:00:00,0.04764405776543394
2015-10-25 00:00:00,0.04857067825052486
2015-10-27 23:00:00,0.04953474362271497
2015-10-30 23:00:00,0.051161966659548294
2015-11-02 23:00:00,0.05270124805463069
2015-11-05 23:00:00,0.05758602748887957
2015-11-08 23:00:00,0.05974482483471689
2015-11-11 23:00:00,0.06142439579904122
2015-11-14 23:00:00,0.06211750172401064
2015-11-17 23:00:00,0.062487900851858624
2015-11-20 23:00:00,0.06255859350253591
2015-11-23 23:00:00,0.06269646720221797
2015-11-26 23:00:00,0.06240359192483594
2015-11-29 23:00:00,0.062176963820467
2015-12-02 23:00:00,0.06269485522979575
2015-12-05 23:00:00,0.059685303439005535
2015-12-08 23:00:00,0.05950732083355844
2015-12-11 23:00:00,0.06086383856455733
2015-12-14 23:00:00,0.06321760784604176
2015-12-17 23:00:00,0.06565329154549214
2015-12-20 23:00:00,0.06806151400330429
2015-12-23 23:00:00,0.0703300386580792
2015-12-26 23:00:00,0.07235801980387922
2015-12-29 23:00:00,0.0737291772104668
2016-01-01 23:00:00,0.0742276814175483
2016-01-04 23:00:00,0.07582268544242293
2016-01-07 23:00:00,0.07714748500722969
2016-01-10 23:00:00,0.07722887923350315
2016-01-13 23:00:00,0.0774914515814988
2016-01-16 23:00:00,0.07685146321893027
2016-01-19 23:00:00,0.07633460944788951
2016-01-22 23:00:00,0.07731018165107657
2016-01-25 23:00:00,0.07770087133005879
2016-01-28 23:00:00,0.07851747852835965
2016-01-31 23:00:00,0.07895376198001043
2016-02-03 23:00:00,0.07998127389455317
2016-02-06 23:00:00,0.07906130915899785
2016-02-09 23:00:00,0.07815221392094568
2016-02-12 23:00:00,0.07750106461396572
2016-02-15 23:00:00,0.0777071995043043
2016-02-18 23:00:00,0.07850610693807925
2016-02-21 23:00:00,0.07825240503447743
2016-02-24 23:00:00,0.07875134858749867
2016-02-27 23:00:00,0.0794960933662248
2016-03-01 23:00:00,0.0807993333574882
2016-03-04 23:00:00,0.08380229836080577
2016-03-07 23:00:00,0.08674138843402428
2016-03-10 23:00:00,0.08985786077079712
2016-03-13 23:00:00,0.09150852328546924
2016-03-16 23:00:00,0.09301289562220351
2016-03-19 23:00:00,0.09346445033935254
2016-03-22 23:00:00,0.09320049124132343
2016-03-25 23:00:00,0.09301687543691745
2016-03-29 00:00:00,0.09336744357770835
2016-04-01 00:00:00,0.09471569549670174
2016-04-04 00:00:00,0.0933264565325599
2016-04-07 00:00:00,0.09314689002421629
2016-04-10 00:00:00,0.09145598368237785
2016-04-13 00:00:00,0.09097249032359786
2016-04-16 00:00:00,0.09060889260499806
2016-04-19 00:00:00,0.09033398232917468
2016-04-22 00:00:00,0.0907074704999567
2016-04-25 00:00:00,0.09084530955606461
2016-04-28 00:00:00,0.10810944278879803
2016-05-01 00:00:00,0.10658584992624442
2016-05-04 00:00:00,0.10458583467168373
2016-05-07 00:00:00,0.10350506911129999
2016-05-10 00:00:00,0.10361475795681746
2016-05-13 00:00:00,0.1040577251173796
2016-05-16 00:00:00,0.10538757202933985
2016-05-19 00:00:00,0.10837646948680332
2016-05-22 00:00:00,0.11144171286431795
2016-05-25 00:00:00,0.11359843783142488
2016-05-28 00:00:00,0.09961480287901542
2016-05-31 00:00:00,0.10521185705712159
2016-06-03 00:00:00,0.10990142824491259
2016-06-06 00:00:00,0.11451886314934918
2016-06-09 00:00:00,0.11939445502610901
2016-06-12 00:00:00,0.12344056950711516
2016-06-15 00:00:00,0.1310728977091917
2016-06-18 00:00:00,0.14251113432831575
2016-06-21 00:00:00,0.1532802517103364
2016-06-24 00:00:00,0.16292762925917273
2016-06-27 00:00:00,0.1702390219764012
2016-06-30 00:00:00,0.17380120938958807
2016-07-03 00:00:00,0.1788635962152269
2016-07-06 00:00:00,0.18278520112759802
2016-07-09 00:00:00,0.18675661750426018
2016-07-12 00:00:00,0.1900385235404183
2016-07-15 00:00:00,0.18872895185223093
2016-07-18 00:00:00,0.1840863049817133
2016-07-21 00:00:00,0.18009741723389514
2016-07-24 00:00:00,0.17911354619915756
2016-07-27 00:00:00,0.1781655529320281
2016-07-30 00:00:00,0.18061740159944106
2016-08-02 00:00:00,0.1842295696916299
2016-08-05 00:00:00,0.18467362695838743
2016-08-08 00:00:00,0.18622316285959964
2016-08-11 00:00:00,0.18944243685003273
2016-08-14 00:00:00,0.19093746735493317
2016-08-17 00:00:00,0.19129667273252168
2016-08-20 00:00:00,0.191073050008194
2016-08-23 00:00:00,0.1883277070905825
2016-08-26 00:00:00,0.1855917547235101
2016-08-29 00:00:00,0.1814293367376544
2016-09-01 00:00:00,0.17545224391004777
2016-09-04 00:00:00,0.17305511562693662
2016-09-07 00:00:00,0.17023820423914027
2016-09-10 00:00:00,0.1672195145918324
2016-09-13 00:00:00,0.16567894751570597
2016-09-16 00:00:00,0.16355407156660556
2016-09-19 00:00:00,0.16233049307784386
2016-09-22 00:00:00,0.16281823353792488
2016-09-25 00:00:00,0.1630553119578168
2016-09-28 00:00:00,0.16252507446647393
2016-10-01 00:00:00,0.1633328632287458
2016-10-04 00:00:00,0.16511445411870282
2016-10-07 00:00:00,0.1658516666690351
2016-10-10 00:00:00,0.16602622096428374
2016-10-13 00:00:00,0.16854028291231754
2016-10-16 00:00:00,0.17070416095324434
2016-10-19 00:00:00,0.17279628150664353
2016-10-22 00:00:00,0.17526233031919644
2016-10-25 00:00:00,0.1809243757958458
2016-10-28 00:00:00,0.19432174655104226
2016-10-30 23:00:00,0.1996577672686837
2016-11-02 23:00:00,0.20475927854760367
2016-11-05 23:00:00,0.2101403454515855
2016-11-08 23:00:00,0.21567071119702325
2016-11-11 23:00:00,0.2183916786514062
2016-11-14 23:00:00,0.22017933587235644
2016-11-17 23:00:00,0.22254240890039884
2016-11-20 23:00:00,0.22516674691542404
2016-11-23 23:00:00,0.22964876089518788
2016-11-26 23:00:00,0.23034811189990456
2016-11-29 23:00:00,0.2339981621164308
2016-12-02 23:00:00,0.24057708776597467
2016-12-05 23:00:00,0.24656628202098024
2016-12-08 23:00:00,0.25106867370844604
2016-12-11 23:00:00,0.25616894989110756
2016-12-14 23:00:00,0.26208688992428913
2016-12-17 23:00:00,0.2678185915137476
2016-12-20 23:00:00,0.27347924239200566
2016-12-23 23:00:00,0.27600199759395466
2016-12-26 23:00:00,0.27668903007799434
2016-12-29 23:00:00,0.283524748664582
2017-01-01 23:00:00,0.28806079266279366
2017-01-04 23:00:00,0.3079008996014759
2017-01-07 23:00:00,0.3175170068991934
2017-01-10 23:00:00,0.323982471261815
2017-01-13 23:00:00,0.32673256275927176
2017-01-16 23:00:00,0.32930641075282985
2017-01-19 23:00:00,0.3340929720894585
2017-01-22 23:00:00,0.3376546511653263
2017-01-25 23:00:00,0.35010489596896915
2017-01-28 23:00:00,0.3578532350364076
2017-01-31 23:00:00,0.3710065734895163
2017-02-03 23:00:00,0.37230341304133846
2017-02-06 23:00:00,0.3914215230822924
2017-02-09 23:00:00,0.41140503756018826
2017-02-12 23:00:00,0.42658757597682667
2017-02-15 23:00:00,0.44244310252339847
2017-02-18 23:00:00,0.46689119008898144
2017-02-21 23:00:00,0.4937012590387265
2017-02-24 23:00:00,0.5252798464689182
2017-02-27 23:00:00,0.558255063063031
2017-03-02 23:00:00,0.6004368954092715
2017-03-05 23:00:00,0.6523549492374872
2017-03-08 23:00:00,0.6979745622888696
2017-03-11 23:00:00,0.7393156822040994
2017-03-14 23:00:00,0.797381393131906
2017-03-17 23:00:00,0.8498049443537784
2017-03-20 23:00:00,0.8778175948246355
2017-03-23 23:00:00,0.9074507063373078
2017-03-27 00:00:00,0.9051086415240736
2017-03-30 00:00:00,0.9132537705739266
2017-04-02 00:00:00,0.9046900044978458
2017-04-05 00:00:00,0.8889988879996675
2017-04-08 00:00:00,0.8758564032133281
2017-04-11 00:00:00,0.8683863205877295
2017-04-14 00:00:00,0.8647639636064675
2017-04-17 00:00:00,0.8579879660073908
2017-04-20 00:00:00,0.8587116568555209
2017-04-23 00:00:00,0.8628964815117476
2017-04-26 00:00:00,0.8900043513702557
2017-04-29 00:00:00,0.9157136739678026
2017-05-02 00:00:00,0.9370794884900443
2017-05-05 00:00:00,0.9775121278114743
2017-05-08 00:00:00,1.0291694887257499
2017-05-11 00:00:00,1.098857612646816
2017-05-14 00:00:00,1.1706162276189427
2017-05-17 00:00:00,1.2688280107107999
2017-05-20 00:00:00,1.4469138269811201
2017-05-23 00:00:00,1.589102786225115
2017-05-26 00:00:00,1.8179909508366099
2017-05-29 00:00:00,2.035262098402197
2017-06-01 00:00:00,2.3103566103445194
2017-06-04 00:00:00,2.616073502710754
2017-06-07 00:00:00,2.920999727995003
2017-06-10 00:00:00,3.247304167025838
2017-06-13 00:00:00,3.5219411316713876
2017-06-16 00:00:00,3.7365169429142586
2017-06-19 00:00:00,3.8099203702694457
2017-06-22 00:00:00,3.9731208803802316
2017-06-25 00:00:00,4.032471738173877
2017-06-28 00:00:00,4.06014082254712
2017-07-01 00:00:00,4.035778471578311
2017-07-04 00:00:00,3.8743106501291895
2017-07-07 00:00:00,3.7040106757087403
2017-07-10 00:00:00,3.447388895086619
2017-07-13 00:00:00,3.197596111727007
2017-07-16 00:00:00,3.051512619776523
2017-07-19 00:00:00,2.890933336811577
2017-07-22 00:00:00,2.72123845224786
2017-07-25 00:00:00,2.531780662161369
2017-07-28 00:00:00,2.360074042929583
2017-07-31 00:00:00,2.2110079659302913
2017-08-03 00:00:00,2.1276058030506086
2017-08-06 00:00:00,2.0016486614168536
2017-08-09 00:00:00,1.9423933133105167
2017-08-12 00:00:00,1.9963522709924724
2017-08-15 00:00:00,2.073524974776163
2017-08-18 00:00:00,2.382299777399606
2017-08-21 00:00:00,2.5768058302735515
2017-08-24 00:00:00,3.009757418306225
2017-08-27 00:00:00,3.6594462192493795
2017-08-30 00:00:00,4.143370465529373
2017-09-02 00:00:00,4.61964568331127
2017-09-05 00:00:00,5.0290870583576694
2017-09-08 00:00:00,5.310647094500584
2017-09-11 00:00:00,5.376602441947575
2017-09-14 00:00:00,5.278599734329691
2017-09-17 00:00:00,4.994217293364097
2017-09-20 00:00:00,4.81544049883754
2017-09-23 00:00:00,4.395745081913878
2017-09-26 00:00:00,3.764273302455698
2017-09-29 00:00:00,3.294275361207381
2017-10-02 00:00:00,2.8457842068070685
2017-10-05 00:00:00,2.5389793468055033
2017-10-08 00:00:00,2.317438697055135
2017-10-11 00:00:00,2.237917304024629
2017-10-14 00:00:00,2.355663672814595
2017-10-17 00:00:00,2.5248371337384135
2017-10-20 00:00:00,2.601617113071576
2017-10-23 00:00:00,2.706546736023214
2017-10-26 00:00:00,2.816198262131086
2017-10-29 00:00:00,2.974080793381111
2017-10-31 23:00:00,3.2684171062475853
2017-11-03 23:00:00,3.62568565920519
2017-11-06 23:00:00,4.029090352997594
2017-11-09 23:00:00,4.470808362519888
2017-11-12 23:00:00,5.382957084137811
2017-11-15 23:00:00,6.478342651626863
2017-11-18 23:00:00,7.177859350975582
2017-11-21 23:00:00,7.594135580256297
2017-11-24 23:00:00,7.9231451071267305
2017-11-27 23:00:00,8.086049035217929
2017-11-30 23:00:00,8.286196258391188
2017-12-03 23:00:00,8.298190277602938
2017-12-06 23:00:00,8.334534867929392
2017-12-09 23:00:00,9.752648790591069
2017-12-12 23:00:00,10.690190486278928
2017-12-15 23:00:00,11.609434095129268
2017-12-18 23:00:00,13.309915371796004
2017-12-21 23:00:00,16.858757749951295
2017-12-24 23:00:00,21.210249812692815
2017-12-27 23:00:00,24.915046879244876
2017-12-30 23:00:00,27.509476663323632
2018-01-02 23:00:00,29.474617846974127
2018-01-05 23:00:00,31.73205870605367
2018-01-08 23:00:00,32.763098842061744
2018-01-11 23:00:00,33.51382212983445
2018-01-14 23:00:00,33.964903262361965
2018-01-17 23:00:00,33.66473735951353
2018-01-20 23:00:00,31.70806423102114
2018-01-23 23:00:00,28.195116352333056
2018-01-26 23:00:00,25.064181951832204
2018-01-29 23:00:00,22.60145922727806
2018-02-01 23:00:00,20.780941549387332
2018-02-04 23:00:00,18.59626168816745
2018-02-07 23:00:00,15.977650405110262
2018-02-10 23:00:00,13.4376598056697
2018-02-13 23:00:00,10.93310335254226
2018-02-16 23:00:00,8.818390913442755
2018-02-19 23:00:00,6.790357110510379
2018-02-22 23:00:00,5.557070869946946
2018-02-25 23:00:00,4.876496636008773
2018-02-28 23:00:00,4.295767742069177
2018-03-03 23:00:00,3.769876760741857
2018-03-06 23:00:00,3.2600449588398406
2018-03-09 23:00:00,2.918829024249419
2018-03-12 23:00:00,2.7160651354208047
2018-03-15 23:00:00,2.5846933722309595
2018-03-18 23:00:00,2.3989917925487205
2018-03-21 23:00:00,2.240742805861254
2018-03-24 23:00:00,2.124462704957539
2018-03-28 00:00:00,1.8141487493916049
2018-03-31 00:00:00,1.6567539120004677
2018-04-03 00:00:00,1.5095547185302614
2018-04-06 00:00:00,1.3722937574182965
2018-04-09 00:00:00,1.3250432227727353
2018-04-12 00:00:00,1.1977468305724448
2018-04-15 00:00:00,1.123420131939935
2018-04-18 00:00:00,1.1108149735090747
2018-04-21 00:00:00,1.0811784117335097
2018-04-24 00:00:00,1.0729979217877712
2018-04-27 00:00:00,1.255189484376799
2018-04-30 00:00:00,1.3569271014730568
2018-05-03 00:00:00,1.4212732490409883
2018-05-06 00:00:00,1.4930590878918235
2018-05-09 00:00:00,1.5351330327956978
2018-05-12 00:00:00,1.5869533106245028
2018-05-15 00:00:00,1.5949280721487784
2018-05-18 00:00:00,1.6581828315445202
2018-05-21 00:00:00,1.7324629424558122
2018-05-24 00:00:00,1.7297021165119533
2018-05-27 00:00:00,1.5367195300916174
2018-05-30 00:00:00,1.4362846647031604
2018-06-02 00:00:00,1.3582620183824874
2018-06-05 00:00:00,1.266426375633169
2018-06-08 00:00:00,1.1761705746150237
2018-06-11 00:00:00,1.111431996926921
2018-06-14 00:00:00,1.0636721672768497
2018-06-17 00:00:00,0.9677627433644715
2018-06-20 00:00:00,0.9371300903156524
2018-06-23 00:00:00,1.2013466411838782
2018-06-26 00:00:00,1.2020426499300505
2018-06-29 00:00:00,1.1962633296458376
2018-07-02 00:00:00,1.195893159596426
2018-07-05 00:00:00,1.1994859840671404
2018-07-08 00:00:00,1.1945296173885864
2018-07-11 00:00:00,1.1891161234670937
2018-07-14 00:00:00,1.1630215517645748
2018-07-17 00:00:00,1.1497995584230016
2018-07-20 00:00:00,1.0862652865382383
2018-07-23 00:00:00,0.7770040628722293
2018-07-26 00:00:00,0.7556623306400397
2018-07-29 00:00:00,0.7340817877057223
2018-08-01 00:00:00,0.7384861156148536
2018-08-04 00:00:00,0.7380875677469422
2018-08-07 00:00:00,0.7309135124161728
2018-08-10 00:00:00,0.7213422416480597
2018-08-13 00:00:00,0.7133643584247802
2018-08-16 00:00:00,0.7104203902536582
2018-08-19 00:00:00,0.6851131384809539
2018-08-22 00:00:00,0.6895429412759493
2018-08-25 00:00:00,0.6609581089283357
2018-08-28 00:00:00,0.6771206878501512
2018-08-31 00:00:00,0.6866147094784226
2018-09-03 00:00:00,0.6780829957522123
2018-09-06 00:00:00,0.6964643121700023
2018-09-09 00:00:00,0.710904646855905
2018-09-12 00:00:00,0.7185977623747312
2018-09-15 00:00:00,0.7197771170513979
2018-09-18 00:00:00,0.7037147007354022
2018-09-21 00:00:00,0.6743553007708984
2018-09-24 00:00:00,0.6690492054743421
2018-09-27 00:00:00,0.625627321972635
2018-09-30 00:00:00,0.5987799749698619
2018-10-03 00:00:00,0.590526706628666
2018-10-06 00:00:00,0.5677027535003903
2018-10-09 00:00:00,0.5413527303942617
2018-10-12 00:00:00,0.525979339355113
2018-10-15 00:00:00,0.5078888629761878
2018-10-18 00:00:00,0.510521666001611
2018-10-21 00:00:00,0.5086141741251115
2018-10-24 00:00:00,0.49363395999017234
2018-10-27 00:00:00,0.4884209610600175
2018-10-29 23:00:00,0.4669541107821423
2018-11-01 23:00:00,0.4469128050049029
2018-11-04 23:00:00,0.4290632565863348
2018-11-07 23:00:00,0.42620843899248106
2018-11-10 23:00:00,0.42911931151254906
2018-11-13 23:00:00,0.4257695629787346
2018-11-16 23:00:00,0.44155407509823225
2018-11-19 23:00:00,0.45217825120410976
2018-11-22 23:00:00,0.4987823825479506
2018-11-25 23:00:00,0.5077464713514561
2018-11-28 23:00:00,0.5213059062357372
2018-12-01 23:00:00,0.547473122393102
2018-12-04 23:00:00,0.5571905453475208
2018-12-07 23:00:00,0.5538765621123017
2018-12-10 23:00:00,0.5349267865108754
2018-12-13 23:00:00,0.5249654153912205
2018-12-16 23:00:00,0.48332085408614056
2018-12-19 23:00:00,0.4624461191284955
2018-12-22 23:00:00,0.4121584057042634
2018-12-25 23:00:00,0.3876376466189421
2018-12-28 23:00:00,0.352216866099753
2018-12-31 23:00:00,0.3090148725307345
2019-01-03 23:00:00,0.2851446318686267
2019-01-06 23:00:00,0.26909272132164064
2019-01-09 23:00:00,0.27092286174893954
2019-01-12 23:00:00,0.26858740910149026
2019-01-15 23:00:00,0.2663021186148639
2019-01-18 23:00:00,0.26075151083362624
2019-01-21 23:00:00,0.24486715371128082
2019-01-24 23:00:00,0.24264111708655042
2019-01-27 23:00:00,0.24635572151050902
2019-01-30 23:00:00,0.24912364352385769
2019-02-02 23:00:00,0.2536755249387303
2019-02-05 23:00:00,0.2472931689830797
2019-02-08 23:00:00,0.23694052103184957
2019-02-11 23:00:00,0.23118270614524855
2019-02-14 23:00:00,0.24519838685851977
2019-02-17 23:00:00,0.2432291093599317
2019-02-20 23:00:00,0.2623780296222916
2019-02-23 23:00:00,0.2761870166152998
2019-02-26 23:00:00,0.29047546181379086
2019-03-01 23:00:00,0.29920411935834396
2019-03-04 23:00:00,0.300855379877552
2019-03-07 23:00:00,0.3316545257587614
2019-03-10 23:00:00,0.352622018755444
2019-03-13 23:00:00,0.3752527919366448
2019-03-16 23:00:00,0.38020738251263625
2019-03-19 23:00:00,0.3841474782073847
2019-03-22 23:00:00,0.3835846760782431
2019-03-25 23:00:00,0.3739970478966573
2019-03-28 23:00:00,0.38020032535883347
2019-04-01 00:00:00,0.40587968505287003
2019-04-04 00:00:00,0.5106612700222247
2019-04-07 00:00:00,0.6220986812582172
2019-04-10 00:00:00,0.7416689199090286
2019-04-13 00:00:00,0.8411358558833902
2019-04-16 00:00:00,0.8947495788808053
2019-04-19 00:00:00,0.9726396976521965
2019-04-22 00:00:00,1.0258971176991587
2019-04-25 00:00:00,1.1485217174838311
2019-04-28 00:00:00,1.2146492810023592
2019-05-01 00:00:00,1.2527937699239962
2019-05-04 00:00:00,1.2106546013133905
2019-05-07 00:00:00,1.1580583028865727
2019-05-10 00:00:00,1.1676640585074078
2019-05-13 00:00:00,1.2594248351065138
2019-05-16 00:00:00,1.4720239708410394
2019-05-19 00:00:00,1.7703297247457488
2019-05-22 00:00:00,2.0425243342704955
2019-05-25 00:00:00,2.2526033921490987
2019-05-28 00:00:00,2.4498423579549464
2019-05-31 00:00:00,2.7744607749705534
2019-06-03 00:00:00,3.1242996305708526
2019-06-06 00:00:00,3.4720294504066533
2019-06-09 00:00:00,3.534871289690851
2019-06-12 00:00:00,3.5144946428632378
2019-06-15 00:00:00,3.467599933944522
2019-06-18 00:00:00,3.319750529650295
2019-06-21 00:00:00,3.2312022890615446
2019-06-24 00:00:00,3.1902266889552204
2019-06-27 00:00:00,3.2998686412878886
2019-06-30 00:00:00,3.3904542052064253
2019-07-03 00:00:00,3.3137426329800825
2019-07-06 00:00:00,3.112578684891722
2019-07-09 00:00:00,3.0609625328275336
2019-07-12 00:00:00,3.137076673948757
2019-07-15 00:00:00,3.0524786520735194
2019-07-18 00:00:00,2.981132701997461
2019-07-21 00:00:00,2.918923237874502
2019-07-24 00:00:00,2.755716885294538
2019-07-27 00:00:00,2.4945003873975327
2019-07-30 00:00:00,2.088257225572345
2019-08-02 00:00:00,1.8769378796976375
2019-08-05 00:00:00,1.7223190281016258
2019-08-08 00:00:00,1.7125605331010696
2019-08-11 00:00:00,1.6295077361566908
2019-08-14 00:00:00,1.6351438453674652
2019-08-17 00:00:00,1.6093370049091003
2019-08-20 00:00:00,1.5178809453151145
2019-08-23 00:00:00,1.522483895888406
2019-08-26 00:00:00,1.4649966636226923
2019-08-29 00:00:00,1.4634213775740206
2019-09-01 00:00:00,1.3945347698317894
2019-09-04 00:00:00,1.3844409948860787
2019-09-07 00:00:00,1.3268859194214406
2019-09-10 00:00:00,1.2101887822232504
2019-09-13 00:00:00,1.1307578727654175
2019-09-16 00:00:00,1.0474781717046162
2019-09-19 00:00:00,1.0195534917241889
2019-09-22 00:00:00,0.9458391360248335
2019-09-25 00:00:00,0.9383581367012004
2019-09-28 00:00:00,0.9238703836787542
2019-10-01 00:00:00,0.9147827694546049
2019-10-04 00:00:00,0.9295092162379298
2019-10-07 00:00:00,0.8696195019992591
2019-10-10 00:00:00,0.8485561025619689
2019-10-13 00:00:00,0.8158040316197585
2019-10-16 00:00:00,0.7969194594934689
2019-10-19 00:00:00,0.7647569376198978
2019-10-22 00:00:00,0.7212458602529536
2019-10-25 00:00:00,0.6930235783849152
2019-10-27 23:00:00,0.7222601209407867
2019-10-30 23:00:00,0.7543871713399919
2019-11-02 23:00:00,0.7570170536641306
2019-11-05 23:00:00,0.8193988001040975
2019-11-08 23:00:00,0.864710973223905
2019-11-11 23:00:00,0.8739883778308024
2019-11-14 23:00:00,0.8986636980373643
2019-11-17 23:00:00,0.9073395781551133
2019-11-20 23:00:00,0.9375234991273588
2019-11-23 23:00:00,0.9509000510074176
2019-11-26 23:00:00,0.903191693299437
2019-11-29 23:00:00,0.8692373971359287
2019-12-02 23:00:00,0.8282908021158428
2019-12-05 23:00:00,0.7701030283720783
2019-12-08 23:00:00,0.7033646516310502
2019-12-11 23:00:00,0.68024700628112
2019-12-14 23:00:00,0.6433608331749681
2019-12-17 23:00:00,0.6224235711495051
2019-12-20 23:00:00,0.6049898287207335
2019-12-23 23:00:00,0.5665879208012614
2019-12-26 23:00:00,0.5387616037504104
2019-12-29 23:00:00,0.5002215358063918
2020-01-01 23:00:00,0.4689356035384921
2020-01-04 23:00:00,0.444954123721231
2020-01-07 23:00:00,0.44335394085242097
2020-01-10 23:00:00,0.46513015653686707
2020-01-13 23:00:00,0.4650520998808309
2020-01-16 23:00:00,0.48494625400999725
2020-01-19 23:00:00,0.4834180288042443
2020-01-22 23:00:00,0.49733063683843387
2020-01-25 23:00:00,0.496759896510657
2020-01-28 23:00:00,0.5142546757286843
2020-01-31 23:00:00,0.5388185180749211
2020-02-03 23:00:00,0.561310942730337
2020-02-06 23:00:00,0.5872520635140277
2020-02-09 23:00:00,0.5837934236796348
2020-02-12 23:00:00,0.6373133538881889
2020-02-15 23:00:00,0.666404575401453
2020-02-18 23:00:00,0.6868814173768331
2020-02-21 23:00:00,0.7159244834357422
2020-02-24 23:00:00,0.7339018695362469
2020-02-27 23:00:00,0.7548163755068101
2020-03-01 23:00:00,0.7481271565012594
2020-03-04 23:00:00,0.7518576356183856
2020-03-07 23:00:00,0.7416257363059049
2020-03-10 23:00:00,0.725075447488487
2020-03-13 23:00:00,0.7398879002660456
2020-03-16 23:00:00,0.7476455717555435
2020-03-19 23:00:00,0.8032878828094098
2020-03-22 23:00:00,0.8526394986226062
2020-03-25 23:00:00,0.9139161367759379
2020-03-28 23:00:00,0.9405094946544216
2020-04-01 00:00:00,0.9489144005804783
2020-04-04 00:00:00,0.9484326919446899
2020-04-07 00:00:00,0.9313023405624831
2020-04-10 00:00:00,0.9330558441137108
2020-04-13 00:00:00,0.8608165228051732
2020-04-16 00:00:00,0.8032064565442456
2020-04-19 00:00:00,0.7269702643154866
2020-04-22 00:00:00,0.6439335840078309
2020-04-25 00:00:00,0.6022463274958612
2020-04-28 00:00:00,0.5711224759225869
2020-05-01 00:00:00,0.6749343148546258
2020-05-04 00:00:00,0.8394639147579431
2020-05-07 00:00:00,0.9807896238197649
2020-05-10 00:00:00,1.2002509662414584
2020-05-13 00:00:00,1.399729228921121
2020-05-16 00:00:00,1.799086568892
2020-05-19 00:00:00,2.1850874776236804
2020-05-22 00:00:00,2.7799072580445716
2020-05-25 00:00:00,3.0993040839362083
2020-05-28 00:00:00,3.291456602858628
2020-05-31 00:00:00,3.400424598888232
2020-06-03 00:00:00,3.439222390299363
2020-06-06 00:00:00,3.454788255029952
2020-06-09 00:00:00,3.2884129694611506
2020-06-12 00:00:00,3.1570699586786373
2020-06-15 00:00:00,2.779623737212284
2020-06-18 00:00:00,2.4636449530041773
2020-06-21 00:00:00,1.947367292344059
2020-06-24 00:00:00,1.6565695859162068
2020-06-27 00:00:00,1.5090973998100976
2020-06-30 00:00:00,1.3169267060190322
2020-07-03 00:00:00,1.1983323565957555
2020-07-06 00:00:00,1.1065334911926064
2020-07-09 00:00:00,1.1069058455252914
2020-07-12 00:00:00,1.1185595394137404
2020-07-15 00:00:00,1.1684553976350471
2020-07-18 00:00:00,1.2522821029409117
2020-07-21 00:00:00,1.3280166957691237
2020-07-24 00:00:00,1.570580249311788
2020-07-27 00:00:00,1.7451614809507197
2020-07-30 00:00:00,2.175041758185317
2020-08-02 00:00:00,2.5802291460733455
2020-08-05 00:00:00,2.8829496760143583
2020-08-08 00:00:00,3.3307560720813765
2020-08-11 00:00:00,3.5796740913903324
2020-08-14 00:00:00,3.893380457307454
2020-08-17 00:00:00,3.966069112599077
2020-08-20 00:00:00,4.234488917272895
2020-08-23 00:00:00,4.320478304707576
2020-08-26 00:00:00,4.318069810642543
2020-08-29 00:00:00,4.187837415318703
2020-09-01 00:00:00,3.934972687597052
2020-09-04 00:00:00,3.966188825494404
2020-09-07 00:00:00,3.8018695283726913
2020-09-10 00:00:00,3.71164794608495
2020-09-13 00:00:00,3.557514102160673
2020-09-16 00:00:00,3.498062478821189
2020-09-19 00:00:00,3.2608577520770834
2020-09-22 00:00:00,3.0009738133603405
2020-09-25 00:00:00,2.983507103275434
2020-09-28 00:00:00,2.7851804563746305
2020-10-01 00:00:00,2.7406486764526647
2020-10-04 00:00:00,2.633844141586806
2020-10-07 00:00:00,2.556504078818985
2020-10-10 00:00:00,2.6134305852675976
2020-10-13 00:00:00,2.5946595600846405
2020-10-16 00:00:00,2.6299577207238998
2020-10-19 00:00:00,2.5794650870331783
2020-10-22 00:00:00,2.713816670286646
2020-10-25 00:00:00,2.9789319189545607
2020-10-27 23:00:00,3.447663707628919
2020-10-30 23:00:00,4.438753827661437
2020-11-02 23:00:00,5.252909474334657
2020-11-05 23:00:00,6.0498282951636915
2020-11-08 23:00:00,6.533231112913855
2020-11-11 23:00:00,6.929467707399875
2020-11-14 23:00:00,7.136803241954527
2020-11-17 23:00:00,7.339402182625692
2020-11-20 23:00:00,7.503260213801889
2020-11-23 23:00:00,7.253132256998258
2020-11-26 23:00:00,7.124056033635312
2020-11-29 23:00:00,6.229620296287132
2020-12-02 23:00:00,5.756982866254373
2020-12-05 23:00:00,5.285908324916402
2020-12-08 23:00:00,4.86801875487142
2020-12-11 23:00:00,4.6246940910323575
2020-12-14 23:00:00,4.473155903432192
2020-12-17 23:00:00,4.80469559145287
2020-12-20 23:00:00,5.200144822043402
2020-12-23 23:00:00,5.960263225362518
2020-12-26 23:00:00,6.203630899069816
2020-12-29 23:00:00,6.69390501790851
2021-01-01 23:00:00,6.80852261900814
2021-01-04 23:00:00,7.018374022887887
2021-01-07 23:00:00,7.724736720565202
2021-01-10 23:00:00,8.641312912199394
2021-01-13 23:00:00,9.844544706835276
2021-01-16 23:00:00,10.558749549045048
2021-01-19 23:00:00,10.66785160525982
2021-01-22 23:00:00,10.797878607360712
2021-01-25 23:00:00,10.904775428523743
2021-01-28 23:00:00,10.87060459509201
2021-01-31 23:00:00,11.544333788069375
2021-02-03 23:00:00,12.154944874346022
2021-02-06 23:00:00,12.582192956033108
2021-02-09 23:00:00,13.042933573972856
2021-02-12 23:00:00,14.159753008663438
2021-02-15 23:00:00,14.610772637414902
2021-02-18 23:00:00,15.85052385863914
2021-02-21 23:00:00,17.180394393792646
2021-02-24 23:00:00,19.056663552918778
2021-02-27 23:00:00,20.293384992769244
2021-03-02 23:00:00,20.64229425790783
2021-03-05 23:00:00,21.057958673822434
2021-03-08 23:00:00,20.940954166961184
2021-03-11 23:00:00,21.090255121200588
2021-03-14 23:00:00,20.55819052211033
2021-03-17 23:00:00,20.718263211703988
2021-03-20 23:00:00,20.594760933994106
2021-03-23 23:00:00,19.598698307186737
2021-03-26 23:00:00,18.298796455208166
2021-03-30 00:00:00,17.617803432346754
2021-04-02 00:00:00,17.558533099269443
2021-04-05 00:00:00,17.36823286211756
2021-04-08 00:00:00,17.85038406453031
2021-04-11 00:00:00,17.831459441897657
2021-04-14 00:00:00,17.536664158200463
2021-04-17 00:00:00,18.691268522039874
2021-04-20 00:00:00,21.750659481459827