1/0/2010, null
2/0/2010, null
3/0/2010, null
4/0/2010, null
5/0/2010, null
6/0/2010, null
7/0/2010, null
8/0/2010, null
9/0/2010, null
10/0/2010, null
11/0/2010, null
12/0/2010, null
13/0/2010, null
14/0/2010, null
15/0/2010, null
16/0/2010, null
17/0/2010, null
18/0/2010, null
19/0/2010, null
20/0/2010, 0.000534
21/0/2010, null
22/0/2010, null
23/0/2010, null
24/0/2010, null
25/0/2010, null
26/0/2010, null
27/0/2010, 0.000529
28/0/2010, 0.000534
29/0/2010, null
30/0/2010, null
31/0/2010, 0.000688
1/1/2010, null
2/1/2010, null
3/1/2010, null
4/1/2010, null
5/1/2010, null
6/1/2010, null
7/1/2010, null
8/1/2010, 0.000991
9/1/2010, null
10/1/2010, null
11/1/2010, null
12/1/2010, null
13/1/2010, null
14/1/2010, null
15/1/2010, null
16/1/2010, null
17/1/2010, 0.00107
18/1/2010, 0.00107
19/1/2010, 0.00107
20/1/2010, null
21/1/2010, null
22/1/2010, null
23/1/2010, null
24/1/2010, null
25/1/2010, 0.00107
26/1/2010, null
27/1/2010, null
28/1/2010, null
1/2/2010, null
2/2/2010, null
3/2/2010, null
4/2/2010, null
5/2/2010, 0.00107
6/2/2010, null
7/2/2010, null
8/2/2010, null
9/2/2010, null
10/2/2010, null
11/2/2010, 0.000991
12/2/2010, null
13/2/2010, null
14/2/2010, null
15/2/2010, null
16/2/2010, null
17/2/2010, null
18/2/2010, null
19/2/2010, null
20/2/2010, null
21/2/2010, null
22/2/2010, null
23/2/2010, null
24/2/2010, null
25/2/2010, 0.00107
26/2/2010, null
27/2/2010, null
28/2/2010, null
29/2/2010, null
30/2/2010, 0.00107
31/2/2010, null
1/3/2010, null
2/3/2010, null
3/3/2010, null
4/3/2010, null
5/3/2010, null
6/3/2010, 0.00793
7/3/2010, null
8/3/2010, null
9/3/2010, null
10/3/2010, null
11/3/2010, null
12/3/2010, 0.00743
13/3/2010, null
14/3/2010, null
15/3/2010, null
16/3/2010, null
17/3/2010, null
18/3/2010, null
19/3/2010, null
20/3/2010, null
21/3/2010, 0.00793
22/3/2010, null
23/3/2010, 0.00743
24/3/2010, null
25/3/2010, 0.000648
26/3/2010, null
27/3/2010, 0.000495
28/3/2010, null
29/3/2010, null
30/3/2010, null
1/4/2010, null
2/4/2010, null
3/4/2010, null
4/4/2010, null
5/4/2010, null
6/4/2010, 0.0149
7/4/2010, null
8/4/2010, null
9/4/2010, 0.0191
10/4/2010, null
11/4/2010, null
12/4/2010, null
13/4/2010, 0.0149
14/4/2010, null
15/4/2010, null
16/4/2010, null
17/4/2010, null
18/4/2010, null
19/4/2010, null
20/4/2010, null
21/4/2010, null
22/4/2010, 0.0212
23/4/2010, null
24/4/2010, 0.0149
25/4/2010, 0.0297
26/4/2010, null
27/4/2010, null
28/4/2010, null
29/4/2010, 0.0212
30/4/2010, null
31/4/2010, null
1/5/2010, null
2/5/2010, null
3/5/2010, null
4/5/2010, null
5/5/2010, null
6/5/2010, null
7/5/2010, null
8/5/2010, null
9/5/2010, 0.0149
10/5/2010, null
11/5/2010, null
12/5/2010, null
13/5/2010, null
14/5/2010, null
15/5/2010, null
16/5/2010, null
17/5/2010, null
18/5/2010, null
19/5/2010, null
20/5/2010, null
21/5/2010, null
22/5/2010, null
23/5/2010, null
24/5/2010, null
25/5/2010, null
26/5/2010, null
27/5/2010, null
28/5/2010, null
29/5/2010, null
30/5/2010, null
1/6/2010, 0.00743
2/6/2010, null
3/6/2010, null
4/6/2010, 0.00956
5/6/2010, null
6/6/2010, 0.0139
7/6/2010, 0.00743
8/6/2010, null
9/6/2010, 0.00743
10/6/2010, null
11/6/2010, 0.122
12/6/2010, 0.28
13/6/2010, 0.157
14/6/2010, 0.0677
15/6/2010, 0.152
16/6/2010, 0.0288
17/6/2010, 0.0287
18/6/2010, 0.0365
19/6/2010, 0.0213
20/6/2010, 0.0612
21/6/2010, 0.0538
22/6/2010, 0.0288
23/6/2010, 0.0731
24/6/2010, 0.0826
25/6/2010, 0.027
26/6/2010, 0.00743
27/6/2010, 0.04
28/6/2010, 0.00743
29/6/2010, 0.04
30/6/2010, 0.0213
31/6/2010, 0.0556
1/7/2010, null
2/7/2010, null
3/7/2010, 0.0278
4/7/2010, null
5/7/2010, 0.0278
6/7/2010, null
7/7/2010, 0.0348
8/7/2010, null
9/7/2010, null
10/7/2010, 0.0278
11/7/2010, 0.08
12/7/2010, 0.0835
13/7/2010, 0.0591
14/7/2010, null
15/7/2010, null
16/7/2010, 0.0522
17/7/2010, null
18/7/2010, null
19/7/2010, 0.0278
20/7/2010, null
21/7/2010, 0.0348
22/7/2010, null
23/7/2010, null
24/7/2010, null
25/7/2010, null
26/7/2010, 0.0278
27/7/2010, 0.0278
28/7/2010, 0.0348
29/7/2010, 0.0348
30/7/2010, null
31/7/2010, 0.0731
1/8/2010, 0.0244
2/8/2010, 0.0244
3/8/2010, null
4/8/2010, null
5/8/2010, null
6/8/2010, 0.0278
7/8/2010, null
8/8/2010, null
9/8/2010, 0.0244
10/8/2010, null
11/8/2010, null
12/8/2010, null
13/8/2010, null
14/8/2010, null
15/8/2010, 0.0244
16/8/2010, null
17/8/2010, 0.0278
18/8/2010, 0.0313
19/8/2010, null
20/8/2010, 0.0487
21/8/2010, null
22/8/2010, null
23/8/2010, null
24/8/2010, 0.0522
25/8/2010, 0.0313
26/8/2010, 0.0591
27/8/2010, 0.0244
28/8/2010, 0.0244
29/8/2010, 0.0731
30/8/2010, null
1/9/2010, 0.0455
2/9/2010, 0.0725
3/9/2010, 0.0519
4/9/2010, 0.036
5/9/2010, 0.0804
6/9/2010, 0.0402
7/9/2010, 0.0174
8/9/2010, 0.0314
9/9/2010, 0.0775
10/9/2010, null
11/9/2010, null
12/9/2010, null
13/9/2010, 0.0159
14/9/2010, 0.0317
15/9/2010, 0.0159
16/9/2010, 0.0502
17/9/2010, 0.0442
18/9/2010, 0.0159
19/9/2010, 0.028
20/9/2010, 0.0862
21/9/2010, 0.0719
22/9/2010, 0.042
23/9/2010, 0.0503
24/9/2010, 0.0676
25/9/2010, 0.0423
26/9/2010, 0.0402
27/9/2010, 0.0402
28/9/2010, 0.0402
29/9/2010, 0.0333
30/9/2010, 0.0363
31/9/2010, 0.071
1/10/2010, 0.0317
2/10/2010, 0.0603
3/10/2010, 0.0603
4/10/2010, 0.0285
5/10/2010, 0.0666
6/10/2010, null
7/10/2010, 0.0381
8/10/2010, 0.0444
9/10/2010, 0.0444
10/10/2010, 0.0317
11/10/2010, 0.0476
12/10/2010, null
13/10/2010, 0.0381
14/10/2010, 0.0381
15/10/2010, 0.232
16/10/2010, 0.0761
17/10/2010, 0.0444
18/10/2010, 0.0476
19/10/2010, 0.0634
20/10/2010, 0.0571
21/10/2010, 0.0381
22/10/2010, 0.0285
23/10/2010, 0.0603
24/10/2010, 0.0634
25/10/2010, null
26/10/2010, 0.133
27/10/2010, 0.0761
28/10/2010, 0.0381
29/10/2010, 0.0888
30/10/2010, 0.133
1/11/2010, 0.0888
2/11/2010, 0.0603
3/11/2010, 0.0793
4/11/2010, 0.0761
5/11/2010, 0.0729
6/11/2010, 0.0285
7/11/2010, 0.105
8/11/2010, 0.171
9/11/2010, 0.0761
10/11/2010, 0.0634
11/11/2010, 0.0571
12/11/2010, 0.317
13/11/2010, 0.222
14/11/2010, 0.0444
15/11/2010, 0.108
16/11/2010, 0.092
17/11/2010, 0.0476
18/11/2010, 0.0983
19/11/2010, 0.213
20/11/2010, 0.092
21/11/2010, 0.0793
22/11/2010, 0.0476
23/11/2010, 0.206
24/11/2010, 0.143
25/11/2010, 0.0952
26/11/2010, 0.149
27/11/2010, 0.0507
28/11/2010, 0.0507
29/11/2010, 0.0666
30/11/2010, 0.121
31/11/2010, 0.0603
1/0/2011, 0.0427
2/0/2011, 0.0381
3/0/2011, 0.0863
4/0/2011, 0.0717
5/0/2011, 0.0517
6/0/2011, 0.135
7/0/2011, 0.15
8/0/2011, 0.0365
9/0/2011, 0.126
10/0/2011, 0.0996
11/0/2011, 0.0552
12/0/2011, 0.0565
13/0/2011, 0.0831
14/0/2011, 0.0717
15/0/2011, 0.0539
16/0/2011, 0.027
17/0/2011, 0.0479
18/0/2011, 0.0758
19/0/2011, 0.0758
20/0/2011, 0.0837
21/0/2011, 0.129
22/0/2011, 0.11
23/0/2011, 0.066
24/0/2011, 0.0752
25/0/2011, 0.0422
26/0/2011, 0.098
27/0/2011, 0.0565
28/0/2011, 0.107
29/0/2011, 0.0848
30/0/2011, 0.0753
31/0/2011, 0.0468
1/1/2011, 0.0545
2/1/2011, 0.0682
3/1/2011, 0.0273
4/1/2011, 0.109
5/1/2011, 0.0682
6/1/2011, 0.123
7/1/2011, 0.0955
8/1/2011, 0.0545
9/1/2011, 0.205
10/1/2011, 0.545
11/1/2011, 0.6
12/1/2011, 0.655
13/1/2011, 0.382
14/1/2011, 0.382
15/1/2011, 0.395
16/1/2011, 0.205
17/1/2011, 0.368
18/1/2011, 0.245
19/1/2011, 0.259
20/1/2011, 0.382
21/1/2011, 0.573
22/1/2011, 0.259
23/1/2011, 0.259
24/1/2011, 0.491
25/1/2011, 0.355
26/1/2011, 0.382
27/1/2011, 0.218
28/1/2011, 0.382
1/2/2011, 0.232
2/2/2011, 0.3
3/2/2011, 0.368
4/2/2011, 0.136
5/2/2011, 0.136
6/2/2011, 0.218
7/2/2011, 0.177
8/2/2011, 0.191
9/2/2011, 0.355
10/2/2011, 0.259
11/2/2011, 0.177
12/2/2011, 0.232
13/2/2011, 0.355
14/2/2011, 0.191
15/2/2011, 0.15
16/2/2011, 0.232
17/2/2011, 0.355
18/2/2011, 0.191
19/2/2011, 0.218
20/2/2011, 0.218
21/2/2011, 0.532
22/2/2011, 0.382
23/2/2011, 1.364
24/2/2011, 0.573
25/2/2011, 0.491
26/2/2011, 0.355
27/2/2011, 0.464
28/2/2011, 0.423
29/2/2011, 0.355
30/2/2011, 0.177
31/2/2011, 0.123
1/3/2011, 0.242
2/3/2011, 0.328
3/3/2011, 0.162
4/3/2011, 0.403
5/3/2011, 0.464
6/3/2011, 0.416
7/3/2011, 0.384
8/3/2011, 0.323
9/3/2011, 0.558
10/3/2011, 0.183
11/3/2011, 0.295
12/3/2011, 0.41
13/3/2011, 0.355
14/3/2011, 0.316
15/3/2011, 0.309
16/3/2011, 0.751
17/3/2011, 0.592
18/3/2011, 0.497
19/3/2011, 0.497
20/3/2011, 0.451
21/3/2011, 0.382
22/3/2011, 0.396
23/3/2011, 0.363
24/3/2011, 0.445
25/3/2011, 0.597
26/3/2011, 0.633
27/3/2011, 0.657
28/3/2011, 0.725
29/3/2011, 0.739
30/3/2011, 0.981
1/4/2011, 0.847
2/4/2011, 0.741
3/4/2011, 0.847
4/4/2011, 0.636
5/4/2011, 0.636
6/4/2011, 0.53
7/4/2011, 0.636
8/4/2011, 1.165
9/4/2011, 0.847
10/4/2011, 0.953
11/4/2011, 0.953
12/4/2011, 1.165
13/4/2011, 1.271
14/4/2011, 1.271
15/4/2011, 1.271
16/4/2011, 4.661
17/4/2011, 3.707
18/4/2011, 2.542
19/4/2011, 4.978
20/4/2011, 4.237
21/4/2011, 2.966
22/4/2011, 2.33
23/4/2011, 2.648
24/4/2011, 2.436
25/4/2011, 4.555
26/4/2011, 2.224
27/4/2011, 2.754
28/4/2011, 1.907
29/4/2011, 2.436
30/4/2011, 2.542
31/4/2011, 6.885
1/5/2011, 5.508
2/5/2011, 7.097
3/5/2011, 6.461
4/5/2011, 6.673
5/5/2011, 5.826
6/5/2011, 5.72
7/5/2011, 4.661
8/5/2011, 7.627
9/5/2011, 7.309
10/5/2011, 7.203
11/5/2011, 9.321
12/5/2011, 9.321
13/5/2011, 7.203
14/5/2011, 7.732
15/5/2011, 10.592
16/5/2011, 8.474
17/5/2011, 7.309
18/5/2011, 7.521
19/5/2011, 7.627
20/5/2011, 9.957
21/5/2011, 7.521
22/5/2011, 7.309
23/5/2011, 5.826
24/5/2011, 4.978
25/5/2011, 4.237
26/5/2011, 4.661
27/5/2011, 4.555
28/5/2011, 4.555
29/5/2011, 3.919
30/5/2011, 3.178
1/6/2011, 3.394
2/6/2011, 3.239
3/6/2011, 3.281
4/6/2011, 2.892
5/6/2011, 3.41
6/6/2011, 3.08
7/6/2011, 4.652
8/6/2011, 2.76
9/6/2011, 3.386
10/6/2011, 3.463
11/6/2011, 3.05
12/6/2011, 2.583
13/6/2011, 2.939
14/6/2011, 4.031
15/6/2011, 2.902
16/6/2011, 2.837
17/6/2011, 2.607
18/6/2011, 3.162
19/6/2011, 2.997
20/6/2011, 3.217
21/6/2011, 2.63
22/6/2011, 2.53
23/6/2011, 2.459
24/6/2011, 2.76
25/6/2011, 2.364
26/6/2011, 2.707
27/6/2011, 2.565
28/6/2011, 2.429
29/6/2011, 2.353
30/6/2011, 2.453
31/6/2011, 2.548
1/7/2011, 2.565
2/7/2011, 2.992
3/7/2011, 2.802
4/7/2011, 2.945
5/7/2011, 3.23
6/7/2011, 2.945
7/7/2011, 3.372
8/7/2011, 2.707
9/7/2011, 2.517
10/7/2011, 2.66
11/7/2011, 1.9
12/7/2011, 2.042
13/7/2011, 2.042
14/7/2011, 2.612
15/7/2011, 2.232
16/7/2011, 2.185
17/7/2011, 2.992
18/7/2011, 3.04
19/7/2011, 2.09
20/7/2011, 2.137
21/7/2011, 3.087
22/7/2011, 2.042
23/7/2011, 2.565
24/7/2011, 3.42
25/7/2011, 2.517
26/7/2011, 1.947
27/7/2011, 2.47
28/7/2011, 2.09
29/7/2011, 1.852
30/7/2011, 1.9
31/7/2011, 1.805
1/8/2011, 1.9
2/8/2011, 1.995
3/8/2011, 1.805
4/8/2011, 2.375
5/8/2011, 1.852
6/8/2011, 2.612
7/8/2011, 1.615
8/8/2011, 2.09
9/8/2011, 2.66
10/8/2011, 2.327
11/8/2011, 2.47
12/8/2011, 1.14
13/8/2011, 1.615
14/8/2011, 1.52
15/8/2011, 1.472
16/8/2011, 1.662
17/8/2011, 1.282
18/8/2011, 1.947
19/8/2011, 1.615
20/8/2011, 1.472
21/8/2011, 1.377
22/8/2011, 1.567
23/8/2011, 1.472
24/8/2011, 1.71
25/8/2011, 1.425
26/8/2011, 1.52
27/8/2011, 1.282
28/8/2011, 0.902
29/8/2011, 1.14
30/8/2011, 1.71
1/9/2011, 1.464
2/9/2011, 1.396
3/9/2011, 1.196
4/9/2011, 1.681
5/9/2011, 1.41
6/9/2011, 1.308
7/9/2011, 1.193
8/9/2011, 1.786
9/9/2011, 1.711
10/9/2011, 1.484
11/9/2011, 1.213
12/9/2011, 1.511
13/9/2011, 1.467
14/9/2011, 1.305
15/9/2011, 1.186
16/9/2011, 1.051
17/9/2011, 1.281
18/9/2011, 1.637
19/9/2011, 1.616
20/9/2011, 1.298
21/9/2011, 0.942
22/9/2011, 1.115
23/9/2011, 1.091
24/9/2011, 1.447
25/9/2011, 1.139
26/9/2011, 1.067
27/9/2011, 0.806
28/9/2011, 0.956
29/9/2011, 0.854
30/9/2011, 0.942
31/9/2011, 0.962
1/10/2011, 1.95
2/10/2011, 1.34
3/10/2011, 1.178
4/10/2011, 1.015
5/10/2011, 0.894
6/10/2011, 0.772
7/10/2011, 1.056
8/10/2011, 0.772
9/10/2011, 0.894
10/10/2011, 0.934
11/10/2011, 0.812
12/10/2011, 0.812
13/10/2011, 0.772
14/10/2011, 1.097
15/10/2011, 0.812
16/10/2011, 0.812
17/10/2011, 0.69
18/10/2011, 0.934
19/10/2011, 0.975
20/10/2011, 0.975
21/10/2011, 0.69
22/10/2011, 0.528
23/10/2011, 0.731
24/10/2011, 0.812
25/10/2011, 0.853
26/10/2011, 0.975
27/10/2011, 0.853
28/10/2011, 1.056
29/10/2011, 1.056
30/10/2011, 0.812
1/11/2011, 0.894
2/11/2011, 1.097
3/11/2011, 1.097
4/11/2011, 0.853
5/11/2011, 0.853
6/11/2011, 0.609
7/11/2011, 0.812
8/11/2011, 0.772
9/11/2011, 0.812
10/11/2011, 0.609
11/11/2011, 1.015
12/11/2011, 0.812
13/11/2011, 0.487
14/11/2011, 0.609
15/11/2011, 0.853
16/11/2011, 0.69
17/11/2011, 0.731
18/11/2011, 0.772
19/11/2011, 0.69
20/11/2011, 0.772
21/11/2011, 0.934
22/11/2011, 0.853
23/11/2011, 1.015
24/11/2011, 0.731
25/11/2011, 0.934
26/11/2011, 0.731
27/11/2011, 1.056
28/11/2011, 0.934
29/11/2011, 0.934
30/11/2011, 0.69
31/11/2011, 0.934
1/0/2012, 1
2/0/2012, 1.089
3/0/2012, 1.13
4/0/2012, 0.926
5/0/2012, 1.29
6/0/2012, 1.31
7/0/2012, 1.068
8/0/2012, 1.27
9/0/2012, 1.37
10/0/2012, 1.25
11/0/2012, 1.248
12/0/2012, 1.149
13/0/2012, 0.987
14/0/2012, 0.766
15/0/2012, 0.886
16/0/2012, 4.031
17/0/2012, 2.177
18/0/2012, 1.432
19/0/2012, 1.349
20/0/2012, 1.209
21/0/2012, 1.43
22/0/2012, 1.129
23/0/2012, 1.17
24/0/2012, 0.907
25/0/2012, 1.167
26/0/2012, 1.028
27/0/2012, 1.108
28/0/2012, 1.27
29/0/2012, 1.129
30/0/2012, 1.109
31/0/2012, 1.089
1/1/2012, 1.12
2/1/2012, 1
3/1/2012, 1.4
4/1/2012, 1.2
5/1/2012, 1.2
6/1/2012, 1
7/1/2012, 1.12
8/1/2012, 1.08
9/1/2012, 1.04
10/1/2012, 1.2
11/1/2012, 0.96
12/1/2012, 0.92
13/1/2012, 0.92
14/1/2012, 0.92
15/1/2012, 1.2
16/1/2012, 1.16
17/1/2012, 0.96
18/1/2012, 0.92
19/1/2012, 1
20/1/2012, 0.84
21/1/2012, 0.84
22/1/2012, 0.96
23/1/2012, 0.84
24/1/2012, 0.8
25/1/2012, 0.8
26/1/2012, 0.84
27/1/2012, 0.88
28/1/2012, 0.88
29/1/2012, 0.96
1/2/2012, 0.88
2/2/2012, 1.24
3/2/2012, 1.32
4/2/2012, 0.96
5/2/2012, 0.8
6/2/2012, 1
7/2/2012, 0.68
8/2/2012, 0.8
9/2/2012, 0.84
10/2/2012, 0.84
11/2/2012, 0.8
12/2/2012, 0.68
13/2/2012, 1
14/2/2012, 0.92
15/2/2012, 0.8
16/2/2012, 0.72
17/2/2012, 0.88
18/2/2012, 0.84
19/2/2012, 0.72
20/2/2012, 1.04
21/2/2012, 0.8
22/2/2012, 1.12
23/2/2012, 0.8
24/2/2012, 1
25/2/2012, 0.76
26/2/2012, 0.88
27/2/2012, 0.8
28/2/2012, 1.08
29/2/2012, 0.76
30/2/2012, 0.64
31/2/2012, 1.12
1/3/2012, 0.803
2/3/2012, 1.472
3/3/2012, 1.334
4/3/2012, 1.277
5/3/2012, 1.095
6/3/2012, 0.922
7/3/2012, 1.08
8/3/2012, 1.017
9/3/2012, 0.58
10/3/2012, 1.101
11/3/2012, 1.007
12/3/2012, 1.021
13/3/2012, 1.171
14/3/2012, 0.958
15/3/2012, 0.994
16/3/2012, 0.694
17/3/2012, 0.715
18/3/2012, 1.469
19/3/2012, 1.035
20/3/2012, 0.921
21/3/2012, 1.029
22/3/2012, 1.131
23/3/2012, 1.169
24/3/2012, 0.914
25/3/2012, 0.936
26/3/2012, 1.297
27/3/2012, 1.529
28/3/2012, 1.161
29/3/2012, 0.815
30/3/2012, 0.996
1/4/2012, 1.02
2/4/2012, 0.938
3/4/2012, 0.79
4/4/2012, 1.02
5/4/2012, 0.922
6/4/2012, 1.399
7/4/2012, 1.086
8/4/2012, 0.774
9/4/2012, 0.872
10/4/2012, 1.152
11/4/2012, 1.185
12/4/2012, 1.086
13/4/2012, 1.037
14/4/2012, 1.317
15/4/2012, 0.955
16/4/2012, 0.823
17/4/2012, 0.543
18/4/2012, 0.872
19/4/2012, 0.955
20/4/2012, 0.741
21/4/2012, 1.053
22/4/2012, 0.757
23/4/2012, 0.839
24/4/2012, 0.922
25/4/2012, 0.724
26/4/2012, 0.987
27/4/2012, 0.987
28/4/2012, 0.938
29/4/2012, 0.938
30/4/2012, 0.856
31/4/2012, 0.691
1/5/2012, 0.757
2/5/2012, 0.609
3/5/2012, 0.708
4/5/2012, 0.823
5/5/2012, 0.889
6/5/2012, 0.856
7/5/2012, 0.823
8/5/2012, 1.251
9/5/2012, 1.267
10/5/2012, 1.037
11/5/2012, 1.004
12/5/2012, 0.856
13/5/2012, 1.432
14/5/2012, 1.037
15/5/2012, 1.02
16/5/2012, 1.053
17/5/2012, 1.136
18/5/2012, 0.741
19/5/2012, 1.169
20/5/2012, 1.053
21/5/2012, 0.938
22/5/2012, 0.806
23/5/2012, 1.169
24/5/2012, 0.987
25/5/2012, 0.889
26/5/2012, 0.856
27/5/2012, 1.053
28/5/2012, 1.02
29/5/2012, 1.119
30/5/2012, 0.823
1/6/2012, 1.081
2/6/2012, 0.846
3/6/2012, 0.879
4/6/2012, 0.963
5/6/2012, 0.822
6/6/2012, 0.787
7/6/2012, 0.874
8/6/2012, 0.854
9/6/2012, 1.363
10/6/2012, 1.109
11/6/2012, 1.443
12/6/2012, 1.325
13/6/2012, 1.079
14/6/2012, 1.082
15/6/2012, 1.217
16/6/2012, 1.141
17/6/2012, 1.313
18/6/2012, 1.299
19/6/2012, 1.472
20/6/2012, 1.396
21/6/2012, 1.491
22/6/2012, 1.234
23/6/2012, 1.334
24/6/2012, 1.225
25/6/2012, 0.938
26/6/2012, 1.182
27/6/2012, 0.981
28/6/2012, 0.858
29/6/2012, 0.917
30/6/2012, 1.101
31/6/2012, 1.2
1/7/2012, 0.923
2/7/2012, 1.025
3/7/2012, 1.094
4/7/2012, 1.675
5/7/2012, 1.025
6/7/2012, 1.162
7/7/2012, 1.299
8/7/2012, 1.367
9/7/2012, 1.538
10/7/2012, 1.299
11/7/2012, 1.06
12/7/2012, 1.641
13/7/2012, 1.265
14/7/2012, 1.436
15/7/2012, 1.23
16/7/2012, 1.709
17/7/2012, 1.948
18/7/2012, 1.333
19/7/2012, 2.222
20/7/2012, 1.504
21/7/2012, 2.188
22/7/2012, 2.324
23/7/2012, 1.743
24/7/2012, 1.675
25/7/2012, 1.641
26/7/2012, 1.265
27/7/2012, 1.777
28/7/2012, 1.06
29/7/2012, 1.333
30/7/2012, 1.128
31/7/2012, 1.401
1/8/2012, 0.889
2/8/2012, 1.06
3/8/2012, 1.401
4/8/2012, 1.128
5/8/2012, 3.418
6/8/2012, 3.076
7/8/2012, 2.324
8/8/2012, 1.846
9/8/2012, 1.982
10/8/2012, 1.47
11/8/2012, 1.367
12/8/2012, 1.265
13/8/2012, 1.367
14/8/2012, 1.47
15/8/2012, 1.846
16/8/2012, 1.504
17/8/2012, 1.094
18/8/2012, 1.504
19/8/2012, 1.982
20/8/2012, 1.265
21/8/2012, 1.162
22/8/2012, 1.265
23/8/2012, 1.23
24/8/2012, 1.47
25/8/2012, 1.367
26/8/2012, 1.709
27/8/2012, 1.333
28/8/2012, 1.504
29/8/2012, 0.957
30/8/2012, 1.436
1/9/2012, 1.726
2/9/2012, 1.658
3/9/2012, 1.509
4/9/2012, 1.106
5/9/2012, 1.411
6/9/2012, 1.152
7/9/2012, 1.357
8/9/2012, 1.137
9/9/2012, 1.309
10/9/2012, 1.309
11/9/2012, 1.546
12/9/2012, 1.384
13/9/2012, 1.169
14/9/2012, 1.315
15/9/2012, 1.197
16/9/2012, 1.348
17/9/2012, 1.14
18/9/2012, 1.272
19/9/2012, 1.305
20/9/2012, 1.177
21/9/2012, 1.128
22/9/2012, 1.034
23/9/2012, 1.072
24/9/2012, 1.229
25/9/2012, 1.074
26/9/2012, 1.04
27/9/2012, 1.057
28/9/2012, 0.949
29/9/2012, 0.932
30/9/2012, 1.052
31/9/2012, 1.074
1/10/2012, 0.974
2/10/2012, 0.946
3/10/2012, 1.175
4/10/2012, 1.404
5/10/2012, 1.605
6/10/2012, 1.089
7/10/2012, 1.06
8/10/2012, 1.175
9/10/2012, 0.946
10/10/2012, 1.204
11/10/2012, 1.003
12/10/2012, 1.576
13/10/2012, 1.032
14/10/2012, 1.089
15/10/2012, 0.946
16/10/2012, 2.178
17/10/2012, 1.691
18/10/2012, 1.519
19/10/2012, 1.576
20/10/2012, 1.376
21/10/2012, 1.175
22/10/2012, 1.462
23/10/2012, 1.232
24/10/2012, 1.519
25/10/2012, 1.548
26/10/2012, 1.92
27/10/2012, 1.404
28/10/2012, 2.637
29/10/2012, 1.691
30/10/2012, 1.347
1/11/2012, 1.433
2/11/2012, 1.72
3/11/2012, 1.347
4/11/2012, 1.261
5/11/2012, 1.175
6/11/2012, 1.72
7/11/2012, 2.006
8/11/2012, 2.293
9/11/2012, 2.866
10/11/2012, 2.321
11/11/2012, 2.235
12/11/2012, 1.92
13/11/2012, 1.433
14/11/2012, 1.863
15/11/2012, 1.777
16/11/2012, 1.72
17/11/2012, 1.519
18/11/2012, 1.662
19/11/2012, 1.318
20/11/2012, 1.261
21/11/2012, 1.06
22/11/2012, 1.232
23/11/2012, 1.118
24/11/2012, 1.404
25/11/2012, 1.376
26/11/2012, 1.232
27/11/2012, 1.605
28/11/2012, 1.204
29/11/2012, 1.318
30/11/2012, 1.576
31/11/2012, 1.318
1/0/2013, 1.194
2/0/2013, 1.497
3/0/2013, 1.798
4/0/2013, 1.841
5/0/2013, 1.826
6/0/2013, 2.187
7/0/2013, 1.755
8/0/2013, 1.769
9/0/2013, 2.029
10/0/2013, 2.087
11/0/2013, 1.612
12/0/2013, 1.626
13/0/2013, 2.13
14/0/2013, 1.698
15/0/2013, 1.54
16/0/2013, 1.64
17/0/2013, 2.087
18/0/2013, 1.64
19/0/2013, 1.569
20/0/2013, 1.483
21/0/2013, 1.597
22/0/2013, 1.698
23/0/2013, 1.755
24/0/2013, 2.216
25/0/2013, 1.64
26/0/2013, 1.655
27/0/2013, 1.569
28/0/2013, 2.201
29/0/2013, 2.547
30/0/2013, 2.187
31/0/2013, 2.805
1/1/2013, 2.745
2/1/2013, 2.745
3/1/2013, 2.745
4/1/2013, 2.196
5/1/2013, 2.196
6/1/2013, 2.745
7/1/2013, 1.647
8/1/2013, 2.196
9/1/2013, 2.196
10/1/2013, 2.196
11/1/2013, 2.196
12/1/2013, 3.294
13/1/2013, 2.196
14/1/2013, 3.294
15/1/2013, 2.745
16/1/2013, 3.294
17/1/2013, 3.294
18/1/2013, 3.842
19/1/2013, 2.745
20/1/2013, 3.294
21/1/2013, 2.745
22/1/2013, 3.294
23/1/2013, 3.294
24/1/2013, 2.745
25/1/2013, 3.294
26/1/2013, 2.745
27/1/2013, 3.294
28/1/2013, 4.391
1/2/2013, 4.391
2/2/2013, 2.745
3/2/2013, 3.294
4/2/2013, 3.294
5/2/2013, 4.391
6/2/2013, 6.038
7/2/2013, 4.94
8/2/2013, 4.94
9/2/2013, 4.391
10/2/2013, 5.489
11/2/2013, 4.94
12/2/2013, 7.136
13/2/2013, 5.489
14/2/2013, 4.391
15/2/2013, 3.842
16/2/2013, 3.842
17/2/2013, 4.391
18/2/2013, 5.489
19/2/2013, 6.587
20/2/2013, 7.685
21/2/2013, 9.332
22/2/2013, 10.429
23/2/2013, 11.527
24/2/2013, 8.783
25/2/2013, 8.783
26/2/2013, 9.332
27/2/2013, 10.978
28/2/2013, 14.272
29/2/2013, 16.468
30/2/2013, 14.272
31/2/2013, 12.625
1/3/2013, 15.248
2/3/2013, 17.192
3/3/2013, 26.608
4/3/2013, 24.681
5/3/2013, 20.514
6/3/2013, 16.632
7/3/2013, 16.917
8/3/2013, 25.225
9/3/2013, 30.776
10/3/2013, 47.699
11/3/2013, 55.458
12/3/2013, 49.071
13/3/2013, 30.776
14/3/2013, 26.059
15/3/2013, 25.505
16/3/2013, 21.909
17/3/2013, 18.85
18/3/2013, 18.021
19/3/2013, 15.248
20/3/2013, 11.64
21/3/2013, 12.201
22/3/2013, 11.926
23/3/2013, 13.864
24/3/2013, 13.03
25/3/2013, 11.372
26/3/2013, 11.092
27/3/2013, 9.702
28/3/2013, 9.982
29/3/2013, 9.708
30/3/2013, 9.148
1/4/2013, 11.205
2/4/2013, 11.765
3/4/2013, 12.325
4/4/2013, 10.084
5/4/2013, 9.524
6/4/2013, 9.524
7/4/2013, 8.403
8/4/2013, 7.843
9/4/2013, 8.403
10/4/2013, 7.843
11/4/2013, 7.283
12/4/2013, 7.283
13/4/2013, 8.403
14/4/2013, 8.403
15/4/2013, 9.524
16/4/2013, 8.403
17/4/2013, 7.843
18/4/2013, 7.843
19/4/2013, 9.524
20/4/2013, 8.403
21/4/2013, 7.283
22/4/2013, 6.723
23/4/2013, 6.163
24/4/2013, 6.163
25/4/2013, 6.163
26/4/2013, 5.602
27/4/2013, 5.602
28/4/2013, 7.283
29/4/2013, 8.403
30/4/2013, 7.283
31/4/2013, 6.723
1/5/2013, 6.163
2/5/2013, 6.723
3/5/2013, 5.602
4/5/2013, 6.163
5/5/2013, 5.602
6/5/2013, 5.042
7/5/2013, 5.602
8/5/2013, 5.602
9/5/2013, 7.283
10/5/2013, 6.163
11/5/2013, 6.163
12/5/2013, 6.163
13/5/2013, 5.042
14/5/2013, 5.042
15/5/2013, 5.042
16/5/2013, 5.042
17/5/2013, 5.042
18/5/2013, 6.163
19/5/2013, 4.482
20/5/2013, 4.482
21/5/2013, 5.042
22/5/2013, 4.482
23/5/2013, 5.602
24/5/2013, 5.602
25/5/2013, 6.163
26/5/2013, 5.042
27/5/2013, 5.602
28/5/2013, 5.042
29/5/2013, 4.482
30/5/2013, 6.163
1/6/2013, 6.772
2/6/2013, 10.468
3/6/2013, 7.362
4/6/2013, 6.027
5/6/2013, 6.772
6/6/2013, 6.182
7/6/2013, 5.467
8/6/2013, 5.157
9/6/2013, 5.592
10/6/2013, 5.592
11/6/2013, 5.312
12/6/2013, 5.437
13/6/2013, 4.691
14/6/2013, 4.131
15/6/2013, 5.002
16/6/2013, 4.721
17/6/2013, 4.411
18/6/2013, 4.411
19/6/2013, 4.411
20/6/2013, 3.821
21/6/2013, 4.256
22/6/2013, 5.157
23/6/2013, 5.157
24/6/2013, 5.002
25/6/2013, 5.157
26/6/2013, 4.566
27/6/2013, 3.821
28/6/2013, 4.566
29/6/2013, 4.411
30/6/2013, 5.437
31/6/2013, 4.846
1/7/2013, 4.961
2/7/2013, 4.341
3/7/2013, 4.651
4/7/2013, 5.271
5/7/2013, 5.581
6/7/2013, 4.651
7/7/2013, 4.341
8/7/2013, 5.891
9/7/2013, 4.961
10/7/2013, 4.031
11/7/2013, 4.961
12/7/2013, 5.891
13/7/2013, 5.891
14/7/2013, 7.752
15/7/2013, 6.201
16/7/2013, 6.201
17/7/2013, 4.961
18/7/2013, 5.271
19/7/2013, 6.511
20/7/2013, 6.511
21/7/2013, 6.201
22/7/2013, 6.201
23/7/2013, 5.581
24/7/2013, 5.271
25/7/2013, 4.961
26/7/2013, 5.271
27/7/2013, 6.511
28/7/2013, 5.581
29/7/2013, 4.961
30/7/2013, 5.271
31/7/2013, 4.961
1/8/2013, 4.341
2/8/2013, 4.341
3/8/2013, 4.031
4/8/2013, 4.651
5/8/2013, 5.271
6/8/2013, 4.651
7/8/2013, 4.031
8/8/2013, 4.651
9/8/2013, 5.271
10/8/2013, 4.031
11/8/2013, 4.341
12/8/2013, 4.651
13/8/2013, 4.031
14/8/2013, 4.031
15/8/2013, 4.031
16/8/2013, 4.341
17/8/2013, 4.651
18/8/2013, 4.341
19/8/2013, 4.341
20/8/2013, 4.961
21/8/2013, 4.031
22/8/2013, 4.341
23/8/2013, 4.961
24/8/2013, 4.961
25/8/2013, 4.651
26/8/2013, 4.651
27/8/2013, 4.961
28/8/2013, 4.031
29/8/2013, 4.031
30/8/2013, 4.651
1/9/2013, 4.174
2/9/2013, 9.828
3/9/2013, 16.042
4/9/2013, 10.508
5/9/2013, 7.634
6/9/2013, 6.799
7/9/2013, 6.894
8/9/2013, 6.429
9/9/2013, 6.059
10/9/2013, 5.224
11/9/2013, 4.914
12/9/2013, 4.544
13/9/2013, 4.544
14/9/2013, 5.379
15/9/2013, 5.904
16/9/2013, 5.904
17/9/2013, 5.594
18/9/2013, 5.749
19/9/2013, 6.059
20/9/2013, 5.534
21/9/2013, 6.214
22/9/2013, 7.049
23/9/2013, 7.944
24/9/2013, 7.049
25/9/2013, 7.109
26/9/2013, 8.623
27/9/2013, 8.099
28/9/2013, 9.148
29/9/2013, 18.917
30/9/2013, 30.665
31/9/2013, 20.682
1/10/2013, 15.532
2/10/2013, 13.313
3/10/2013, 11.094
4/10/2013, 14.052
5/10/2013, 14.052
6/10/2013, 15.532
7/10/2013, 19.969
8/10/2013, 19.23
9/10/2013, 19.969
10/10/2013, 17.75
11/10/2013, 15.532
12/10/2013, 15.532
13/10/2013, 19.969
14/10/2013, 19.23
15/10/2013, 20.709
16/10/2013, 17.75
17/10/2013, 19.969
18/10/2013, 45.855
19/10/2013, 64.346
20/10/2013, 45.855
21/10/2013, 34.761
22/10/2013, 36.241
23/10/2013, 32.543
24/10/2013, 29.584
25/10/2013, 29.584
26/10/2013, 31.063
27/10/2013, 51.772
28/10/2013, 73.96
29/10/2013, 66.564
30/10/2013, 53.251
1/11/2013, 45.855
2/11/2013, 48.074
3/11/2013, 44.376
4/11/2013, 38.459
5/11/2013, 53.251
6/11/2013, 49.553
7/11/2013, 53.251
8/11/2013, 39.939
9/11/2013, 38.459
10/11/2013, 35.501
11/11/2013, 33.282
12/11/2013, 32.543
13/11/2013, 31.803
14/11/2013, 26.626
15/11/2013, 28.845
16/11/2013, 31.803
17/11/2013, 32.543
18/11/2013, 58.429
19/11/2013, 39.939
20/11/2013, 31.063
21/11/2013, 28.845
22/11/2013, 25.886
23/11/2013, 25.886
24/11/2013, 24.407
25/11/2013, 22.188
26/11/2013, 21.449
27/11/2013, 23.667
28/11/2013, 19.969
29/11/2013, 19.969
30/11/2013, 20.709
31/11/2013, 19.969
1/0/2014, 17.183
2/0/2014, 19.49
3/0/2014, 21.497
4/0/2014, 17.923
5/0/2014, 21.127
6/0/2014, 25.968
7/0/2014, 23.803
8/0/2014, 24.472
9/0/2014, 23.504
10/0/2014, 24.243
11/0/2014, 20.458
12/0/2014, 19.56
13/0/2014, 19.93
14/0/2014, 20.828
15/0/2014, 21.197
16/0/2014, 24.842
17/0/2014, 24.173
18/0/2014, 19.19
19/0/2014, 18.451
20/0/2014, 22.764
21/0/2014, 23.205
22/0/2014, 24.771
23/0/2014, 23.433
24/0/2014, 22.536
25/0/2014, 18.821
26/0/2014, 18.592
27/0/2014, 26.778
28/0/2014, 29.455
29/0/2014, 21.867
30/0/2014, 20.159
31/0/2014, 18.521
1/1/2014, 17.356
2/1/2014, 16.757
3/1/2014, 15.56
4/1/2014, 17.356
5/1/2014, 17.356
6/1/2014, 17.954
7/1/2014, 25.136
8/1/2014, 18.553
9/1/2014, 19.75
10/1/2014, 29.325
11/1/2014, 26.931
12/1/2014, 23.34
13/1/2014, 20.946
14/1/2014, 26.931
15/1/2014, 19.151
16/1/2014, 19.75
17/1/2014, 18.553
18/1/2014, 20.348
19/1/2014, 19.75
20/1/2014, 23.939
21/1/2014, 20.348
22/1/2014, 17.954
23/1/2014, 16.159
24/1/2014, 25.734
25/1/2014, 59.847
26/1/2014, 44.885
27/1/2014, 28.128
28/1/2014, 39.499
1/2/2014, 30.522
2/2/2014, 21.545
3/2/2014, 23.34
4/2/2014, 22.742
5/2/2014, 25.136
6/2/2014, 38.901
7/2/2014, 48.476
8/2/2014, 23.34
9/2/2014, 18.553
10/2/2014, 19.151
11/2/2014, 17.356
12/2/2014, 15.56
13/2/2014, 14.962
14/2/2014, 14.363
15/2/2014, 13.166
16/2/2014, 10.772
17/2/2014, 12.568
18/2/2014, 13.166
19/2/2014, 12.568
20/2/2014, 14.962
21/2/2014, 17.356
22/2/2014, 13.166
23/2/2014, 11.371
24/2/2014, 13.166
25/2/2014, 16.159
26/2/2014, 16.159
27/2/2014, 16.159
28/2/2014, 14.363
29/2/2014, 11.371
30/2/2014, 12.568
31/2/2014, 13.166
1/3/2014, 12.259
2/3/2014, 12.628
3/3/2014, 12.927
4/3/2014, 11.103
5/3/2014, 9.089
6/3/2014, 8.95
7/3/2014, 10.246
8/3/2014, 10.176
9/3/2014, 11.193
10/3/2014, 13.854
11/3/2014, 12.997
12/3/2014, 9.229
13/3/2014, 10.385
14/3/2014, 10.754
15/3/2014, 11.053
16/3/2014, 12.189
17/3/2014, 11.471
18/3/2014, 9.946
19/3/2014, 9.389
20/3/2014, 8.511
21/3/2014, 9.159
22/3/2014, 9.319
23/3/2014, 10.176
24/3/2014, 9.967
25/3/2014, 9.458
26/3/2014, 8.142
27/3/2014, 8.601
28/3/2014, 9.319
29/3/2014, 8.581
30/3/2014, 9.688
1/4/2014, 9.341
2/4/2014, 7.947
3/4/2014, 7.389
4/4/2014, 7.25
5/4/2014, 9.202
6/4/2014, 8.644
7/4/2014, 8.226
8/4/2014, 8.086
9/4/2014, 9.202
10/4/2014, 6.971
11/4/2014, 7.111
12/4/2014, 7.25
13/4/2014, 8.365
14/4/2014, 8.086
15/4/2014, 7.668
16/4/2014, 8.784
17/4/2014, 7.529
18/4/2014, 7.25
19/4/2014, 7.529
20/4/2014, 8.784
21/4/2014, 9.202
22/4/2014, 9.76
23/4/2014, 9.062
24/4/2014, 7.947
25/4/2014, 8.784
26/4/2014, 10.457
27/4/2014, 9.202
28/4/2014, 10.038
29/4/2014, 10.038
30/4/2014, 10.038
31/4/2014, 9.062
1/5/2014, 9.899
2/5/2014, 8.923
3/5/2014, 10.875
4/5/2014, 9.202
5/5/2014, 9.202
6/5/2014, 8.365
7/5/2014, 7.668
8/5/2014, 7.529
9/5/2014, 6.553
10/5/2014, 8.923
11/5/2014, 9.202
12/5/2014, 10.038
13/5/2014, 10.875
14/5/2014, 9.062
15/5/2014, 8.923
16/5/2014, 9.341
17/5/2014, 9.76
18/5/2014, 9.202
19/5/2014, 8.784
20/5/2014, 7.808
21/5/2014, 6.971
22/5/2014, 7.668
23/5/2014, 6.832
24/5/2014, 7.111
25/5/2014, 6.692
26/5/2014, 6.832
27/5/2014, 8.505
28/5/2014, 6.971
29/5/2014, 7.389
30/5/2014, 8.784
1/6/2014, 8.806
2/6/2014, 9.429
3/6/2014, 8.425
4/6/2014, 7.513
5/6/2014, 6.56
6/6/2014, 7.532
7/6/2014, 8.615
8/6/2014, 8.016
9/6/2014, 7.314
10/6/2014, 8.067
11/6/2014, 7.746
12/6/2014, 6.993
13/6/2014, 6.672
14/6/2014, 7.211
15/6/2014, 7.802
16/6/2014, 8.657
17/6/2014, 8.815
18/6/2014, 8.206
19/6/2014, 8.513
20/6/2014, 8.174
21/6/2014, 8.095
22/6/2014, 8.337
23/6/2014, 7.351
24/6/2014, 8.164
25/6/2014, 7.383
26/6/2014, 6.914
27/6/2014, 7.374
28/6/2014, 7.644
29/6/2014, 7.374
30/6/2014, 7.946
31/6/2014, 8.155
1/7/2014, 7.377
2/7/2014, 6.531
3/7/2014, 6.893
4/7/2014, 7.014
5/7/2014, 7.982
6/7/2014, 8.345
7/7/2014, 8.707
8/7/2014, 7.74
9/7/2014, 6.772
10/7/2014, 7.498
11/7/2014, 7.74
12/7/2014, 8.103
13/7/2014, 11.852
14/7/2014, 9.796
15/7/2014, 9.554
16/7/2014, 9.554
17/7/2014, 8.224
18/7/2014, 10.159
19/7/2014, 8.587
20/7/2014, 8.587
21/7/2014, 7.861
22/7/2014, 7.982
23/7/2014, 7.982
24/7/2014, 7.982
25/7/2014, 7.377
26/7/2014, 7.498
27/7/2014, 7.498
28/7/2014, 7.377
29/7/2014, 7.135
30/7/2014, 7.377
31/7/2014, 7.74
1/8/2014, 9.07
2/8/2014, 7.982
3/8/2014, 8.103
4/8/2014, 8.345
5/8/2014, 8.345
6/8/2014, 7.377
7/8/2014, 7.498
8/8/2014, 8.103
9/8/2014, 9.07
10/8/2014, 10.763
11/8/2014, 12.094
12/8/2014, 9.07
13/8/2014, 6.893
14/8/2014, 8.103
15/8/2014, 8.224
16/8/2014, 7.498
17/8/2014, 7.619
18/8/2014, 7.619
19/8/2014, 9.675
20/8/2014, 7.377
21/8/2014, 7.498
22/8/2014, 7.982
23/8/2014, 8.707
24/8/2014, 10.159
25/8/2014, 8.466
26/8/2014, 7.982
27/8/2014, 7.014
28/8/2014, 7.619
29/8/2014, 8.828
30/8/2014, 8.345
1/9/2014, 7.415
2/9/2014, 7.943
3/9/2014, 8.366
4/9/2014, 8.332
5/9/2014, 10.132
6/9/2014, 11.256
7/9/2014, 9.785
8/9/2014, 8.592
9/9/2014, 8.86
10/9/2014, 8.064
11/9/2014, 7.717
12/9/2014, 7.268
13/9/2014, 8.03
14/9/2014, 8.929
15/9/2014, 9.076
16/9/2014, 8.064
17/9/2014, 7.623
18/9/2014, 7.502
19/9/2014, 7
20/9/2014, 6.853
21/9/2014, 6.974
22/9/2014, 7.328
23/9/2014, 7.709
24/9/2014, 6.558
25/9/2014, 6.316
26/9/2014, 7.094
27/9/2014, 6.619
28/9/2014, 7.234
29/9/2014, 7.181
30/9/2014, 6.8
31/9/2014, 5.944
1/10/2014, 6.759
2/10/2014, 7.106
3/10/2014, 7.279
4/10/2014, 7.106
5/10/2014, 6.933
6/10/2014, 7.973
7/10/2014, 7.453
8/10/2014, 7.106
9/10/2014, 7.626
10/10/2014, 8.319
11/10/2014, 7.799
12/10/2014, 9.532
13/10/2014, 9.879
14/10/2014, 7.973
15/10/2014, 8.319
16/10/2014, 8.146
17/10/2014, 7.973
18/10/2014, 8.666
19/10/2014, 8.146
20/10/2014, 7.106
21/10/2014, 7.106
22/10/2014, 7.279
23/10/2014, 6.066
24/10/2014, 7.106
25/10/2014, 7.106
26/10/2014, 6.759
27/10/2014, 6.586
28/10/2014, 6.933
29/10/2014, 6.239
30/10/2014, 6.759
1/11/2014, 7.799
2/11/2014, 7.626
3/11/2014, 7.626
4/11/2014, 6.759
5/11/2014, 6.586
6/11/2014, 5.893
7/11/2014, 7.453
8/11/2014, 7.279
9/11/2014, 7.453
10/11/2014, 7.626
11/11/2014, 10.399
12/11/2014, 9.359
13/11/2014, 7.453
14/11/2014, 7.799
15/11/2014, 7.626
16/11/2014, 8.666
17/11/2014, 8.319
18/11/2014, 8.146
19/11/2014, 7.626
20/11/2014, 7.626
21/11/2014, 8.146
22/11/2014, 7.626
23/11/2014, 7.626
24/11/2014, 6.586
25/11/2014, 6.933
26/11/2014, 8.493
27/11/2014, 17.332
28/11/2014, 7.279
29/11/2014, 6.933
30/11/2014, 6.759
31/11/2014, 6.933
1/0/2015, 6.703
2/0/2015, 7.625
3/0/2015, 7.736
4/0/2015, 9.266
5/0/2015, 9.439
6/0/2015, 10.401
7/0/2015, 8.122
8/0/2015, 7.562
9/0/2015, 8.595
10/0/2015, 7.949
11/0/2015, 6.876
12/0/2015, 7.16
13/0/2015, 9.383
14/0/2015, 13.69
15/0/2015, 12.017
16/0/2015, 9.983
17/0/2015, 8.437
18/0/2015, 7.633
19/0/2015, 7.191
20/0/2015, 7.42
21/0/2015, 8.122
22/0/2015, 8.193
23/0/2015, 7.365
24/0/2015, 7.42
25/0/2015, 7.12
26/0/2015, 10.629
27/0/2015, 9.139
28/0/2015, 8.351
29/0/2015, 8.564
30/0/2015, 7.578
31/0/2015, 6.545
1/1/2015, 7.53
2/1/2015, 6.677
3/1/2015, 7.103
4/1/2015, 6.961
5/1/2015, 7.814
6/1/2015, 7.53
7/1/2015, 8.524
8/1/2015, 8.382
9/1/2015, 8.382
10/1/2015, 8.098
11/1/2015, 7.53
12/1/2015, 7.388
13/1/2015, 7.103
14/1/2015, 6.819
15/1/2015, 7.103
16/1/2015, 7.245
17/1/2015, 7.245
18/1/2015, 7.814
19/1/2015, 7.814
20/1/2015, 11.508
21/1/2015, 6.961
22/1/2015, 7.672
23/1/2015, 6.961
24/1/2015, 6.677
25/1/2015, 6.677
26/1/2015, 6.535
27/1/2015, 6.961
28/1/2015, 6.535
1/2/2015, 6.961
2/2/2015, 7.672
3/2/2015, 8.098
4/2/2015, 8.24
5/2/2015, 7.956
6/2/2015, 8.808
7/2/2015, 9.092
8/2/2015, 7.956
9/2/2015, 7.814
10/2/2015, 8.098
11/2/2015, 8.098
12/2/2015, 7.814
13/2/2015, 7.672
14/2/2015, 7.388
15/2/2015, 7.388
16/2/2015, 7.245
17/2/2015, 7.245
18/2/2015, 7.388
19/2/2015, 7.53
20/2/2015, 7.103
21/2/2015, 7.245
22/2/2015, 6.393
23/2/2015, 7.814
24/2/2015, 7.245
25/2/2015, 7.103
26/2/2015, 6.819
27/2/2015, 6.109
28/2/2015, 5.967
29/2/2015, 5.967
30/2/2015, 7.103
31/2/2015, 6.961
1/3/2015, 7.149
2/3/2015, 7.142
3/3/2015, 6.828
4/3/2015, 6.294
5/3/2015, 6.28
6/3/2015, 6.865
7/3/2015, 6.957
8/3/2015, 7.028
9/3/2015, 7.227
10/3/2015, 6.622
11/3/2015, 6.466
12/3/2015, 6.087
13/3/2015, 6.75
14/3/2015, 7.234
15/3/2015, 6.544
16/3/2015, 6.395
17/3/2015, 6.152
18/3/2015, 5.874
19/3/2015, 5.925
20/3/2015, 6.388
21/3/2015, 6.551
22/3/2015, 6.879
23/3/2015, 7.149
24/3/2015, 6.145
25/3/2015, 6.01
26/3/2015, 6.324
27/3/2015, 6.395
28/3/2015, 6.131
29/3/2015, 6.53
30/3/2015, 7.078
1/4/2015, 6.553
2/4/2015, 5.396
3/4/2015, 5.653
4/4/2015, 6.039
5/4/2015, 6.424
6/4/2015, 5.268
7/4/2015, 6.553
8/4/2015, 6.553
9/4/2015, 5.653
10/4/2015, 6.039
11/4/2015, 6.424
12/4/2015, 6.167
13/4/2015, 6.424
14/4/2015, 7.837
15/4/2015, 6.424
16/4/2015, 6.296
17/4/2015, 6.681
18/4/2015, 6.81
19/4/2015, 6.553
20/4/2015, 7.067
21/4/2015, 6.553
22/4/2015, 6.553
23/4/2015, 6.681
24/4/2015, 6.553
25/4/2015, 5.653
26/4/2015, 6.938
27/4/2015, 6.424
28/4/2015, 5.782
29/4/2015, 6.938
30/4/2015, 8.223
31/4/2015, 7.195
1/5/2015, 6.424
2/5/2015, 6.81
3/5/2015, 6.681
4/5/2015, 6.938
5/5/2015, 6.167
6/5/2015, 5.91
7/5/2015, 6.296
8/5/2015, 6.553
9/5/2015, 6.424
10/5/2015, 6.296
11/5/2015, 6.296
12/5/2015, 5.396
13/5/2015, 5.396
14/5/2015, 6.424
15/5/2015, 5.91
16/5/2015, 7.324
17/5/2015, 7.324
18/5/2015, 12.848
19/5/2015, 7.709
20/5/2015, 7.324
21/5/2015, 6.167
22/5/2015, 6.296
23/5/2015, 6.81
24/5/2015, 6.039
25/5/2015, 7.581
26/5/2015, 6.296
27/5/2015, 6.681
28/5/2015, 6.553
29/5/2015, 8.094
30/5/2015, 9.508
1/6/2015, 8.473
2/6/2015, 8.131
3/6/2015, 7.585
4/6/2015, 7.585
5/6/2015, 8.729
6/6/2015, 9.125
7/6/2015, 8.258
8/6/2015, 8.826
9/6/2015, 8.109
10/6/2015, 8.815
11/6/2015, 8.334
12/6/2015, 9.393
13/6/2015, 8.676
14/6/2015, 8.002
15/6/2015, 7.82
16/6/2015, 7.842
17/6/2015, 7.392
18/6/2015, 7.553
19/6/2015, 7.638
20/6/2015, 6.75
21/6/2015, 7.071
22/6/2015, 7.178
23/6/2015, 6.879
24/6/2015, 6.814
25/6/2015, 6.975
26/6/2015, 7.232
27/6/2015, 7.938
28/6/2015, 7.36
29/6/2015, 7.36
30/6/2015, 6.654
31/6/2015, 6.579
1/7/2015, 10.689
2/7/2015, 9.299
3/7/2015, 7.803
4/7/2015, 7.482
5/7/2015, 7.268
6/7/2015, 6.627
7/7/2015, 6.841
8/7/2015, 6.627
9/7/2015, 6.734
10/7/2015, 6.627
11/7/2015, 7.161
12/7/2015, 6.52
13/7/2015, 6.948
14/7/2015, 6.52
15/7/2015, 6.413
16/7/2015, 7.161
17/7/2015, 6.948
18/7/2015, 8.23
19/7/2015, 9.727
20/7/2015, 8.551
21/7/2015, 8.123
22/7/2015, 7.589
23/7/2015, 8.337
24/7/2015, 9.192
25/7/2015, 9.406
26/7/2015, 8.123
27/7/2015, 7.268
28/7/2015, 7.161
29/7/2015, 7.055
30/7/2015, 6.948
31/7/2015, 6.627
1/8/2015, 6.841
2/8/2015, 6.841
3/8/2015, 6.734
4/8/2015, 6.841
5/8/2015, 6.413
6/8/2015, 6.841
7/8/2015, 6.199
8/8/2015, 6.841
9/8/2015, 6.413
10/8/2015, 6.52
11/8/2015, 6.627
12/8/2015, 6.199
13/8/2015, 6.199
14/8/2015, 6.413
15/8/2015, 6.734
16/8/2015, 6.841
17/8/2015, 7.375
18/8/2015, 7.482
19/8/2015, 6.734
20/8/2015, 6.52
21/8/2015, 6.734
22/8/2015, 7.482
23/8/2015, 6.627
24/8/2015, 6.841
25/8/2015, 6.948
26/8/2015, 6.627
27/8/2015, 5.879
28/8/2015, 6.199
29/8/2015, 6.841
30/8/2015, 6.948
1/9/2015, 6.409
2/9/2015, 6.114
3/9/2015, 5.954
4/9/2015, 6.4
5/9/2015, 6.614
6/9/2015, 6.952
7/9/2015, 6.836
8/9/2015, 6.845
9/9/2015, 6.56
10/9/2015, 6.355
11/9/2015, 6.569
12/9/2015, 7.068
13/9/2015, 6.676
14/9/2015, 6.569
15/9/2015, 6.676
16/9/2015, 6.774
17/9/2015, 7.113
18/9/2015, 6.943
19/9/2015, 6.836
20/9/2015, 7.389
21/9/2015, 7.059
22/9/2015, 8.182
23/9/2015, 7.291
24/9/2015, 6.542
25/9/2015, 7.835
26/9/2015, 7.844
27/9/2015, 8.691
28/9/2015, 8.236
29/9/2015, 9.056
30/9/2015, 10.304
31/9/2015, 8.343
1/10/2015, 8.812
2/10/2015, 10.899
3/10/2015, 16.001
4/10/2015, 20.871
5/10/2015, 16.929
6/10/2015, 13.682
7/10/2015, 10.435
8/10/2015, 9.972
9/10/2015, 10.435
10/10/2015, 10.435
11/10/2015, 10.435
12/10/2015, 9.508
13/10/2015, 9.276
14/10/2015, 7.653
15/10/2015, 7.885
16/10/2015, 8.58
17/10/2015, 8.348
18/10/2015, 8.58
19/10/2015, 9.044
20/10/2015, 8.812
21/10/2015, 9.044
22/10/2015, 7.653
23/10/2015, 8.58
24/10/2015, 8.58
25/10/2015, 8.58
26/10/2015, 9.044
27/10/2015, 8.812
28/10/2015, 8.116
29/10/2015, 7.421
30/10/2015, 9.276
1/11/2015, 9.276
2/11/2015, 8.348
3/11/2015, 8.116
4/11/2015, 7.421
5/11/2015, 8.348
6/11/2015, 8.812
7/11/2015, 9.508
8/11/2015, 11.131
9/11/2015, 23.19
10/11/2015, 14.841
11/11/2015, 12.059
12/11/2015, 10.667
13/11/2015, 9.972
14/11/2015, 9.508
15/11/2015, 10.435
16/11/2015, 10.435
17/11/2015, 9.972
18/11/2015, 8.812
19/11/2015, 9.044
20/11/2015, 8.812
21/11/2015, 9.044
22/11/2015, 8.812
23/11/2015, 9.044
24/11/2015, 9.508
25/11/2015, 8.812
26/11/2015, 9.508
27/11/2015, 9.276
28/11/2015, 9.276
29/11/2015, 9.276
30/11/2015, 8.812
31/11/2015, 7.653
1/0/2016, 7.601
2/0/2016, 8.269
3/0/2016, 8.397
4/0/2016, 8.821
5/0/2016, 8.421
6/0/2016, 8.269
7/0/2016, 9.925
8/0/2016, 10.272
9/0/2016, 8.937
10/0/2016, 8.385
11/0/2016, 8.821
12/0/2016, 8.461
13/0/2016, 8.577
14/0/2016, 8.089
15/0/2016, 12.096
16/0/2016, 13.007
17/0/2016, 10.4
18/0/2016, 10.516
19/0/2016, 9.757
20/0/2016, 10.464
21/0/2016, 9.733
22/0/2016, 9.361
23/0/2016, 8.705
24/0/2016, 8.309
25/0/2016, 8.897
26/0/2016, 8.565
27/0/2016, 8.449
28/0/2016, 8.089
29/0/2016, 7.665
30/0/2016, 7.869
31/0/2016, 7.729
1/1/2016, 8.19
2/1/2016, 7.934
3/1/2016, 8.574
4/1/2016, 8.574
5/1/2016, 7.294
6/1/2016, 7.678
7/1/2016, 8.062
8/1/2016, 7.678
9/1/2016, 8.062
10/1/2016, 8.702
11/1/2016, 8.702
12/1/2016, 8.19
13/1/2016, 7.934
14/1/2016, 8.446
15/1/2016, 8.83
16/1/2016, 9.214
17/1/2016, 9.214
18/1/2016, 10.877
19/1/2016, 9.854
20/1/2016, 9.214
21/1/2016, 9.214
22/1/2016, 9.214
23/1/2016, 8.446
24/1/2016, 9.086
25/1/2016, 8.574
26/1/2016, 8.062
27/1/2016, 8.19
28/1/2016, 7.55
29/1/2016, 8.318
1/2/2016, 9.726
2/2/2016, 8.702
3/2/2016, 8.958
4/2/2016, 9.086
5/2/2016, 8.574
6/2/2016, 8.318
7/2/2016, 9.342
8/2/2016, 8.318
9/2/2016, 7.934
10/2/2016, 7.806
11/2/2016, 8.19
12/2/2016, 7.678
13/2/2016, 7.55
14/2/2016, 8.446
15/2/2016, 8.83
16/2/2016, 8.19
17/2/2016, 8.574
18/2/2016, 8.19
19/2/2016, 7.678
20/2/2016, 7.55
21/2/2016, 7.934
22/2/2016, 8.702
23/2/2016, 7.934
24/2/2016, 7.934
25/2/2016, 7.806
26/2/2016, 7.55
27/2/2016, 7.934
28/2/2016, 8.318
29/2/2016, 8.446
30/2/2016, 8.702
31/2/2016, 8.062
1/3/2016, 7.782
2/3/2016, 7.51
3/3/2016, 7.446
4/3/2016, 7.846
5/3/2016, 7.966
6/3/2016, 8.102
7/3/2016, 8.102
8/3/2016, 7.838
9/3/2016, 7.71
10/3/2016, 8.046
11/3/2016, 8.63
12/3/2016, 8.11
13/3/2016, 7.71
14/3/2016, 7.846
15/3/2016, 7.974
16/3/2016, 7.19
17/3/2016, 7.246
18/3/2016, 7.454
19/3/2016, 7.902
20/3/2016, 8.174
21/3/2016, 8.838
22/3/2016, 8.894
23/3/2016, 8.254
24/3/2016, 8.966
25/3/2016, 9.493
26/3/2016, 9.757
27/3/2016, 8.646
28/3/2016, 10.173
29/3/2016, 9.046
30/3/2016, 8.11
1/4/2016, 8.158
2/4/2016, 27.192
3/4/2016, 16.315
4/4/2016, 11.421
5/4/2016, 12.78
6/4/2016, 11.149
7/4/2016, 9.789
8/4/2016, 9.517
9/4/2016, 10.061
10/4/2016, 10.605
11/4/2016, 8.973
12/4/2016, 9.245
13/4/2016, 9.245
14/4/2016, 8.43
15/4/2016, 8.158
16/4/2016, 8.702
17/4/2016, 8.702
18/4/2016, 8.973
19/4/2016, 9.245
20/4/2016, 9.245
21/4/2016, 7.886
22/4/2016, 8.158
23/4/2016, 8.702
24/4/2016, 8.702
25/4/2016, 8.973
26/4/2016, 8.43
27/4/2016, 9.517
28/4/2016, 11.965
29/4/2016, 12.78
30/4/2016, 12.78
31/4/2016, 13.324
1/5/2016, 11.149
2/5/2016, 9.789
3/5/2016, 11.149
4/5/2016, 11.965
5/5/2016, 10.877
6/5/2016, 11.149
7/5/2016, 11.421
8/5/2016, 10.333
9/5/2016, 10.061
10/5/2016, 9.789
11/5/2016, 10.605
12/5/2016, 15.228
13/5/2016, 18.491
14/5/2016, 15.5
15/5/2016, 13.596
16/5/2016, 17.131
17/5/2016, 16.587
18/5/2016, 14.412
19/5/2016, 13.596
20/5/2016, 14.412
21/5/2016, 15.5
22/5/2016, 14.684
23/5/2016, 14.412
24/5/2016, 21.21
25/5/2016, 14.956
26/5/2016, 12.237
27/5/2016, 13.596
28/5/2016, 12.78
29/5/2016, 11.149
30/5/2016, 12.509
1/6/2016, 11.832
2/6/2016, 11.011
3/6/2016, 11.897
4/6/2016, 10.772
5/6/2016, 11.316
6/6/2016, 11.25
7/6/2016, 11.968
8/6/2016, 11.658
9/6/2016, 15.049
10/6/2016, 12.516
11/6/2016, 10.94
12/6/2016, 11.011
13/6/2016, 10.701
14/6/2016, 10.087
15/6/2016, 9.266
16/6/2016, 9.402
17/6/2016, 9.881
18/6/2016, 9.266
19/6/2016, 10.293
20/6/2016, 9.473
21/6/2016, 8.957
22/6/2016, 9.06
23/6/2016, 8.718
24/6/2016, 8.718
25/6/2016, 9.266
26/6/2016, 9.951
27/6/2016, 10.293
28/6/2016, 8.652
29/6/2016, 8.924
30/6/2016, 8.891
31/6/2016, 9.13
1/7/2016, 9.906
2/7/2016, 11.764
3/7/2016, 20.639
4/7/2016, 14.241
5/7/2016, 11.145
6/7/2016, 9.081
7/7/2016, 10.319
8/7/2016, 10.113
9/7/2016, 9.287
10/7/2016, 8.875
11/7/2016, 9.081
12/7/2016, 8.462
13/7/2016, 8.875
14/7/2016, 7.843
15/7/2016, 8.668
16/7/2016, 8.462
17/7/2016, 9.287
18/7/2016, 8.875
19/7/2016, 8.668
20/7/2016, 7.843
21/7/2016, 8.049
22/7/2016, 9.081
23/7/2016, 9.494
24/7/2016, 9.287
25/7/2016, 8.668
26/7/2016, 8.462
27/7/2016, 8.668
28/7/2016, 8.875
29/7/2016, 8.668
30/7/2016, 8.462
31/7/2016, 8.255
1/8/2016, 9.494
2/8/2016, 8.255
3/8/2016, 8.255
4/8/2016, 9.081
5/8/2016, 8.875
6/8/2016, 8.462
7/8/2016, 9.287
8/8/2016, 10.113
9/8/2016, 9.7
10/8/2016, 9.7
11/8/2016, 8.875
12/8/2016, 9.081
13/8/2016, 9.494
14/8/2016, 8.462
15/8/2016, 9.494
16/8/2016, 9.287
17/8/2016, 8.875
18/8/2016, 8.875
19/8/2016, 8.875
20/8/2016, 8.668
21/8/2016, 10.319
22/8/2016, 8.668
23/8/2016, 9.081
24/8/2016, 8.049
25/8/2016, 8.255
26/8/2016, 9.287
27/8/2016, 9.081
28/8/2016, 9.081
29/8/2016, 8.462
30/8/2016, 9.081
1/9/2016, 9.096
2/9/2016, 8.135
3/9/2016, 8.787
4/9/2016, 8.512
5/9/2016, 8.993
6/9/2016, 8.993
7/9/2016, 9.061
8/9/2016, 8.512
9/9/2016, 8.89
10/9/2016, 9.268
11/9/2016, 10.469
12/9/2016, 10.675
13/9/2016, 10.297
14/9/2016, 9.885
15/9/2016, 9.371
16/9/2016, 8.923
17/9/2016, 9.817
18/9/2016, 9.268
19/9/2016, 8.993
20/9/2016, 9.2
21/9/2016, 9.061
22/9/2016, 9.165
23/9/2016, 9.716
24/9/2016, 9.784
25/9/2016, 10.401
26/9/2016, 10.846
27/9/2016, 11.499
28/9/2016, 12.287
29/9/2016, 13.215
30/9/2016, 11.156
31/9/2016, 11.602
1/10/2016, 12.673
2/10/2016, 11.646
3/10/2016, 12.673
4/10/2016, 11.988
5/10/2016, 11.303
6/10/2016, 11.646
7/10/2016, 11.646
8/10/2016, 11.303
9/10/2016, 14.729
10/10/2016, 12.331
11/10/2016, 10.961
12/10/2016, 10.961
13/10/2016, 10.618
14/10/2016, 11.303
15/10/2016, 11.303
16/10/2016, 12.331
17/10/2016, 13.358
18/10/2016, 13.016
19/10/2016, 11.646
20/10/2016, 11.988
21/10/2016, 11.646
22/10/2016, 12.331
23/10/2016, 11.646
24/10/2016, 11.646
25/10/2016, 11.303
26/10/2016, 11.303
27/10/2016, 11.303
28/10/2016, 10.961
29/10/2016, 13.016
30/10/2016, 11.988
1/11/2016, 11.988
2/11/2016, 12.673
3/11/2016, 11.303
4/11/2016, 10.961
5/11/2016, 11.988
6/11/2016, 11.646
7/11/2016, 11.988
8/11/2016, 11.646
9/11/2016, 10.961
10/11/2016, 10.618
11/11/2016, 10.961
12/11/2016, 11.646
13/11/2016, 11.646
14/11/2016, 11.988
15/11/2016, 11.988
16/11/2016, 11.988
17/11/2016, 11.646
18/11/2016, 10.961
19/11/2016, 12.331
20/11/2016, 11.646
21/11/2016, 15.071
22/11/2016, 18.154
23/11/2016, 21.236
24/11/2016, 16.441
25/11/2016, 16.784
26/11/2016, 15.756
27/11/2016, 16.441
28/11/2016, 19.524
29/11/2016, 18.154
30/11/2016, 18.154
31/11/2016, 14.043
1/0/2017, 15.348
2/0/2017, 26.119
3/0/2017, 24.111
4/0/2017, 27.987
5/0/2017, 33.725
6/0/2017, 28.983
7/0/2017, 24.453
8/0/2017, 21.574
9/0/2017, 20.915
10/0/2017, 18.725
11/0/2017, 21.916
12/0/2017, 23.089
13/0/2017, 18.549
14/0/2017, 17.537
15/0/2017, 16.022
16/0/2017, 16.001
17/0/2017, 17.858
18/0/2017, 16.681
19/0/2017, 15.508
20/0/2017, 15.508
21/0/2017, 15.005
22/0/2017, 14.663
23/0/2017, 14.844
24/0/2017, 15
25/0/2017, 15.84
26/0/2017, 13.988
27/0/2017, 14.502
28/0/2017, 14.175
29/0/2017, 13.656
30/0/2017, 13.474
31/0/2017, 15.01
1/1/2017, 15.935
2/1/2017, 16.599
3/1/2017, 16.931
4/1/2017, 15.271
5/1/2017, 15.271
6/1/2017, 15.935
7/1/2017, 15.271
8/1/2017, 17.263
9/1/2017, 19.919
10/1/2017, 17.263
11/1/2017, 16.267
12/1/2017, 14.275
13/1/2017, 14.607
14/1/2017, 14.275
15/1/2017, 14.607
16/1/2017, 14.939
17/1/2017, 15.271
18/1/2017, 15.935
19/1/2017, 13.943
20/1/2017, 15.935
21/1/2017, 17.927
22/1/2017, 17.927
23/1/2017, 19.255
24/1/2017, 23.57
25/1/2017, 19.919
26/1/2017, 16.599
27/1/2017, 17.927
28/1/2017, 17.927
1/2/2017, 20.251
2/2/2017, 23.57
3/2/2017, 31.538
4/2/2017, 23.902
5/2/2017, 21.247
6/2/2017, 21.247
7/2/2017, 22.243
8/2/2017, 24.566
9/2/2017, 22.575
10/2/2017, 31.206
11/2/2017, 27.222
12/2/2017, 19.919
13/2/2017, 21.579
14/2/2017, 19.587
15/2/2017, 19.587
16/2/2017, 19.919
17/2/2017, 20.915
18/2/2017, 23.57
19/2/2017, 20.915
20/2/2017, 21.247
21/2/2017, 20.251
22/2/2017, 20.915
23/2/2017, 19.587
24/2/2017, 18.923
25/2/2017, 21.247
26/2/2017, 17.595
27/2/2017, 19.255
28/2/2017, 17.927
29/2/2017, 17.927
30/2/2017, 16.931
31/2/2017, 16.599
1/3/2017, 16.762
2/3/2017, 15.932
3/3/2017, 17.726
4/3/2017, 18.069
5/3/2017, 17.083
6/3/2017, 17.239
7/3/2017, 17.239
8/3/2017, 17.405
9/3/2017, 16.585
10/3/2017, 17.737
11/3/2017, 18.722
12/3/2017, 17.892
13/3/2017, 17.892
14/3/2017, 15.932
15/3/2017, 15.279
16/3/2017, 15.766
17/3/2017, 16.751
18/3/2017, 18.877
19/3/2017, 17.903
20/3/2017, 17.073
21/3/2017, 16.751
22/3/2017, 16.751
23/3/2017, 15.766
24/3/2017, 17.073
25/3/2017, 18.38
26/3/2017, 20.527
27/3/2017, 20.693
28/3/2017, 20.195
29/3/2017, 18.556
30/3/2017, 18.058
1/4/2017, 22.421
2/4/2017, 26.32
3/4/2017, 25.345
4/4/2017, 34.118
5/4/2017, 30.219
6/4/2017, 24.37
7/4/2017, 24.37
8/4/2017, 27.295
9/4/2017, 37.043
10/4/2017, 34.118
11/4/2017, 37.043
12/4/2017, 42.892
13/4/2017, 45.816
14/4/2017, 38.992
15/4/2017, 51.665
16/4/2017, 46.791
17/4/2017, 39.967
18/4/2017, 35.093
19/4/2017, 40.942
20/4/2017, 38.992
21/4/2017, 42.892
22/4/2017, 65.312
23/4/2017, 69.211
24/4/2017, 74.085
25/4/2017, 97.481
26/4/2017, 76.035
27/4/2017, 67.262
28/4/2017, 50.69
29/4/2017, 49.715
30/4/2017, 48.74
31/4/2017, 46.791
1/5/2017, 44.841
2/5/2017, 39.967
3/5/2017, 37.043
4/5/2017, 37.043
5/5/2017, 41.917
6/5/2017, 57.514
7/5/2017, 50.69
8/5/2017, 44.841
9/5/2017, 42.892
10/5/2017, 41.917
11/5/2017, 42.892
12/5/2017, 55.564
13/5/2017, 47.766
14/5/2017, 47.766
15/5/2017, 58.488
16/5/2017, 48.74
17/5/2017, 39.967
18/5/2017, 37.043
19/5/2017, 38.992
20/5/2017, 40.942
21/5/2017, 41.917
22/5/2017, 41.917
23/5/2017, 40.942
24/5/2017, 38.018
25/5/2017, 35.093
26/5/2017, 44.841
27/5/2017, 48.74
28/5/2017, 47.766
29/5/2017, 40.942
30/5/2017, 33.143
1/6/2017, 31.989
2/6/2017, 33.573
3/6/2017, 34.06
4/6/2017, 33.573
5/6/2017, 34.06
6/6/2017, 35.157
7/6/2017, 33.512
8/6/2017, 31.014
9/6/2017, 31.44
10/6/2017, 36.619
11/6/2017, 42.773
12/6/2017, 39.178
13/6/2017, 36.68
14/6/2017, 36.619
15/6/2017, 40.763
16/6/2017, 48.075
17/6/2017, 43.87
18/6/2017, 43.87
19/6/2017, 41.25
20/6/2017, 45.942
21/6/2017, 44.967
22/6/2017, 38.752
23/6/2017, 38.752
24/6/2017, 39.239
25/6/2017, 40.824
26/6/2017, 40.275
27/6/2017, 39.178
28/6/2017, 43.809
29/6/2017, 37.107
30/6/2017, 36.619
31/6/2017, 46.978
1/7/2017, 77.876
2/7/2017, 71.295
3/7/2017, 48.261
4/7/2017, 43.874
5/7/2017, 57.036
6/7/2017, 47.165
7/7/2017, 54.842
8/7/2017, 55.939
9/7/2017, 52.649
10/7/2017, 48.261
11/7/2017, 50.455
12/7/2017, 61.424
13/7/2017, 74.586
14/7/2017, 83.361
15/7/2017, 84.457
16/7/2017, 71.295
17/7/2017, 68.005
18/7/2017, 71.295
19/7/2017, 63.617
20/7/2017, 59.23
21/7/2017, 59.23
22/7/2017, 68.005
23/7/2017, 60.327
24/7/2017, 54.842
25/7/2017, 57.036
26/7/2017, 52.649
27/7/2017, 50.455
28/7/2017, 53.746
29/7/2017, 61.424
30/7/2017, 64.714
31/7/2017, 69.102
1/8/2017, 74.586
2/8/2017, 68.005
3/8/2017, 61.424
4/8/2017, 76.779
5/8/2017, 77.876
6/8/2017, 68.005
7/8/2017, 61.424
8/8/2017, 65.811
9/8/2017, 53.746
10/8/2017, 53.746
11/8/2017, 60.327
12/8/2017, 60.327
13/8/2017, 80.07
14/8/2017, 98.716
15/8/2017, 109.685
16/8/2017, 72.392
17/8/2017, 60.327
18/8/2017, 70.198
19/8/2017, 64.714
20/8/2017, 55.939
21/8/2017, 57.036
22/8/2017, 52.649
23/8/2017, 44.971
24/8/2017, 41.68
25/8/2017, 49.358
26/8/2017, 46.068
27/8/2017, 50.455
28/8/2017, 48.261
29/8/2017, 47.165
30/8/2017, 42.777
1/9/2017, 43.527
2/9/2017, 49.902
3/9/2017, 49.354
4/9/2017, 47.16
5/9/2017, 45.173
6/9/2017, 43.527
7/9/2017, 41.882
8/9/2017, 46.612
9/9/2017, 54.632
10/9/2017, 55.729
11/9/2017, 55.729
12/9/2017, 92.881
13/9/2017, 106.728
14/9/2017, 74.305
15/9/2017, 68.478
16/9/2017, 69.575
17/9/2017, 66.833
18/9/2017, 68.478
19/9/2017, 66.833
20/9/2017, 75.402
21/9/2017, 86.506
22/9/2017, 73.757
23/9/2017, 81.777
24/9/2017, 90.687
25/9/2017, 80.68
26/9/2017, 79.583
27/9/2017, 67.382
28/9/2017, 56.826
29/9/2017, 65.736
30/9/2017, 74.853
31/9/2017, 87.603
1/10/2017, 104.867
2/10/2017, 141.879
3/10/2017, 129.542
4/10/2017, 104.867
5/10/2017, 98.699
6/10/2017, 104.867
7/10/2017, 98.699
8/10/2017, 104.867
9/10/2017, 98.699
10/10/2017, 123.373
11/10/2017, 117.205
12/10/2017, 148.048
13/10/2017, 129.542
14/10/2017, 98.699
15/10/2017, 104.867
16/10/2017, 104.867
17/10/2017, 123.373
18/10/2017, 92.53
19/10/2017, 92.53
20/10/2017, 117.205
21/10/2017, 123.373
22/10/2017, 104.867
23/10/2017, 98.699
24/10/2017, 92.53
25/10/2017, 98.699
26/10/2017, 148.048
27/10/2017, 197.398
28/10/2017, 228.241
29/10/2017, 376.289
30/10/2017, 308.434
1/11/2017, 234.41
2/11/2017, 178.892
3/11/2017, 178.892
4/11/2017, 209.735
5/11/2017, 215.904
6/11/2017, 289.928
7/11/2017, 579.855
8/11/2017, 512
9/11/2017, 345.446
10/11/2017, 333.108
11/11/2017, 388.626
12/11/2017, 357.783
13/11/2017, 320.771
14/11/2017, 283.759
15/11/2017, 259.084
16/11/2017, 252.916
17/11/2017, 283.759
18/11/2017, 289.928
19/11/2017, 302.265
20/11/2017, 407.132
21/11/2017, 320.771
22/11/2017, 616.867
23/11/2017, 382.458
24/11/2017, 289.928
25/11/2017, 240.578
26/11/2017, 240.578
27/11/2017, 228.241
28/11/2017, 228.241
29/11/2017, 203.566
30/11/2017, 203.566
31/11/2017, 172.723
1/0/2018, 158.04
2/0/2018, 189.385
3/0/2018, 186.3
4/0/2018, 181.447
5/0/2018, 179.677
6/0/2018, 158.494
7/0/2018, 159.809
8/0/2018, 177.908
9/0/2018, 167.747
10/0/2018, 174.824
11/0/2018, 196.007
12/0/2018, 161.578
13/0/2018, 141.71
14/0/2018, 132.003
15/0/2018, 133.318
16/0/2018, 263.551
17/0/2018, 355.816
18/0/2018, 240.598
19/0/2018, 179.677
20/0/2018, 148.333
21/0/2018, 135.087
22/0/2018, 161.578
23/0/2018, 153.186
24/0/2018, 139.94
25/0/2018, 132.003
26/0/2018, 135.087
27/0/2018, 116.988
28/0/2018, 110.365
29/0/2018, 112.134
30/0/2018, 125.38
31/0/2018, 135.087
1/1/2018, 169.848
2/1/2018, 222.925
3/1/2018, 148.617
4/1/2018, 127.386
5/1/2018, 222.925
6/1/2018, 279.541
7/1/2018, 180.463
8/1/2018, 152.155
9/1/2018, 127.386
10/1/2018, 102.616
11/1/2018, 99.078
12/1/2018, 106.155
13/1/2018, 102.616
14/1/2018, 102.616
15/1/2018, 109.693
16/1/2018, 95.539
17/1/2018, 88.462
18/1/2018, 92.001
19/1/2018, 92.001
20/1/2018, 99.078
21/1/2018, 95.539
22/1/2018, 92.001
23/1/2018, 81.385
24/1/2018, 70.77
25/1/2018, 67.231
26/1/2018, 77.847
27/1/2018, 77.847
28/1/2018, 74.308
1/2/2018, 67.231
2/2/2018, 70.77
3/2/2018, 63.693
4/2/2018, 60.154
5/2/2018, 67.231
6/2/2018, 67.231
7/2/2018, 77.847
8/2/2018, 77.847
9/2/2018, 81.385
10/2/2018, 63.693
11/2/2018, 56.616
12/2/2018, 67.231
13/2/2018, 63.693
14/2/2018, 77.847
15/2/2018, 84.924
16/2/2018, 70.77
17/2/2018, 63.693
18/2/2018, 74.308
19/2/2018, 74.308
20/2/2018, 67.231
21/2/2018, 67.231
22/2/2018, 63.693
23/2/2018, 56.616
24/2/2018, 53.077
25/2/2018, 49.539
26/2/2018, 70.77
27/2/2018, 63.693
28/2/2018, 60.154
29/2/2018, 70.77
30/2/2018, 81.385
31/2/2018, 60.154
1/3/2018, 65.391
2/3/2018, 69.923
3/3/2018, 62.931
4/3/2018, 61.162
5/3/2018, 66.427
6/3/2018, 66.082
7/3/2018, 54.557
8/3/2018, 49.637
9/3/2018, 60.471
10/3/2018, 56.284
11/3/2018, 52.788
12/3/2018, 65.349
13/3/2018, 67.118
14/3/2018, 49.637
15/3/2018, 49.637
16/3/2018, 53.479
17/3/2018, 51.019
18/3/2018, 52.442
19/3/2018, 54.169
20/3/2018, 54.169
21/3/2018, 51.752
22/3/2018, 49.292
23/3/2018, 53.824
24/3/2018, 64.312
25/3/2018, 59.78
26/3/2018, 50.328
27/3/2018, 49.292
28/3/2018, 43.335
29/3/2018, 45.45
30/3/2018, 46.832
1/4/2018, 46.972
2/4/2018, 46.972
3/4/2018, 47.663
4/4/2018, 47.663
5/4/2018, 46.972
6/4/2018, 44.9
7/4/2018, 49.735
8/4/2018, 48.353
9/4/2018, 44.9
10/4/2018, 46.095
11/4/2018, 54.005
12/4/2018, 44.524
13/4/2018, 39.999
14/4/2018, 46.976
15/4/2018, 44.42
16/4/2018, 43.833
17/4/2018, 42.555
18/4/2018, 43.194
19/4/2018, 35.232
20/4/2018, 35.819
21/4/2018, 40.292
22/4/2018, 43.246
23/4/2018, 51.501
24/4/2018, 47.563
25/4/2018, 42.209
26/4/2018, 35.871
27/4/2018, 37.494
28/4/2018, 42.848
29/4/2018, 44.075
30/4/2018, 40.534
31/4/2018, 38.427
1/5/2018, 36.165
2/5/2018, 33.315
3/5/2018, 34.593
4/5/2018, 36.51
5/5/2018, 37.391
6/5/2018, 36.804
7/5/2018, 36.458
8/5/2018, 34.938
9/5/2018, 31.743
10/5/2018, 43.729
11/5/2018, 58.725
12/5/2018, 46.98
13/5/2018, 54.027
14/5/2018, 47.567
15/5/2018, 40.52
16/5/2018, 34.648
17/5/2018, 34.061
18/5/2018, 39.933
19/5/2018, 38.759
20/5/2018, 38.759
21/5/2018, 35.822
22/5/2018, 44.044
23/5/2018, 38.171
24/5/2018, 44.631
25/5/2018, 40.52
26/5/2018, 38.171
27/5/2018, 36.41
28/5/2018, 36.997
29/5/2018, 46.98
30/5/2018, 39.933
1/6/2018, 34.648
2/6/2018, 39.346
3/6/2018, 39.346
4/6/2018, 36.997
5/6/2018, 38.171
6/6/2018, 35.235
7/6/2018, 30.537
8/6/2018, 32.886
9/6/2018, 34.648
10/6/2018, 36.41
11/6/2018, 34.061
12/6/2018, 36.997
13/6/2018, 35.235
14/6/2018, 31.124
15/6/2018, 29.95
16/6/2018, 36.41
17/6/2018, 46.98
18/6/2018, 52.853
19/6/2018, 45.218
20/6/2018, 41.108
21/6/2018, 35.235
22/6/2018, 34.648
23/6/2018, 44.044
24/6/2018, 55.789
25/6/2018, 51.678
26/6/2018, 45.806
27/6/2018, 46.393
28/6/2018, 36.41
29/6/2018, 36.41
30/6/2018, 41.108
31/6/2018, 41.695
1/7/2018, 41.108
2/7/2018, 37.584
3/7/2018, 39.933
4/7/2018, 37.584
5/7/2018, 35.822
6/7/2018, 39.933
7/7/2018, 41.108
8/7/2018, 49.329
9/7/2018, 42.869
10/7/2018, 41.243
11/7/2018, 41.795
12/7/2018, 35.721
13/7/2018, 41.572
14/7/2018, 51.148
15/7/2018, 45.786
16/7/2018, 39.795
17/7/2018, 37.996
18/7/2018, 33.703
19/7/2018, 32.422
20/7/2018, 36.218
21/7/2018, 38.558
22/7/2018, 41.642
23/7/2018, 37.994
24/7/2018, 35.676
25/7/2018, 32.792
26/7/2018, 31.187
27/7/2018, 35.457
28/7/2018, 43.048
29/7/2018, 38.632
30/7/2018, 38.651
31/7/2018, 35.289
1/8/2018, 33.14
2/8/2018, 35.01
3/8/2018, 35.974
4/8/2018, 39.466
5/8/2018, 46.964
6/8/2018, 52.197
7/8/2018, 41.414
8/8/2018, 34.182
9/8/2018, 34.613
10/8/2018, 37.592
11/8/2018, 37.589
12/8/2018, 41.156
13/8/2018, 39.605
14/8/2018, 36.991
15/8/2018, 31.338
16/8/2018, 30.005
17/8/2018, 34.095
18/8/2018, 33.62
19/8/2018, 34.437
20/8/2018, 33.873
21/8/2018, 38.099
22/8/2018, 32.948
23/8/2018, 30.373
24/8/2018, 32.824
25/8/2018, 34.066
26/8/2018, 33.766
27/8/2018, 33.155
28/8/2018, 32.706
29/8/2018, 27.661
30/8/2018, 27.573
1/9/2018, 29.85
2/9/2018, 30.597
3/9/2018, 30.301
4/9/2018, 30.975
5/9/2018, 29.469
6/9/2018, 26.358
7/9/2018, 24.496
8/9/2018, 30.053
9/9/2018, 30.635
10/9/2018, 31.568
11/9/2018, 41.327
12/9/2018, 32.964
13/9/2018, 28.218
14/9/2018, 27.112
15/9/2018, 37.259
16/9/2018, 31.919
17/9/2018, 30.717
18/9/2018, 30.345
19/9/2018, 30.178
20/9/2018, 25.889
21/9/2018, 25.65
22/9/2018, 29.475
23/9/2018, 30.084
24/9/2018, 30.29
25/9/2018, 29.818
26/9/2018, 28.265
27/9/2018, 25.793
28/9/2018, 23.789
29/9/2018, 30.443
30/9/2018, 29.545
31/9/2018, 31.48
1/10/2018, 29.905
2/10/2018, 29.267
3/10/2018, 25.715
4/10/2018, 29.6
5/10/2018, 32.025
6/10/2018, 31.446
7/10/2018, 30.675
8/10/2018, 30.057
9/10/2018, 29.728
10/10/2018, 25.063
11/10/2018, 25.533
12/10/2018, 28.993
13/10/2018, 30.021
14/10/2018, 47.768
15/10/2018, 54.469
16/10/2018, 41.489
17/10/2018, 34.289
18/10/2018, 31.487
19/10/2018, 53.775
20/10/2018, 77.947
21/10/2018, 60.39
22/10/2018, 45.202
23/10/2018, 45.856
24/10/2018, 42.349
25/10/2018, 64.303
26/10/2018, 63.738
27/10/2018, 57.323
28/10/2018, 52.904
29/10/2018, 46.745
30/10/2018, 42.937
1/11/2018, 37.667
2/11/2018, 33.301
3/11/2018, 42.75
4/11/2018, 41.989
5/11/2018, 40.599
6/11/2018, 44.869
7/11/2018, 57.279
8/11/2018, 42.659
9/11/2018, 38.351
10/11/2018, 42.584
11/11/2018, 40.617
12/11/2018, 38.696
13/11/2018, 40.475
14/11/2018, 43.602
15/11/2018, 38.208
16/11/2018, 36.314
17/11/2018, 44.181
18/11/2018, 43.153
19/11/2018, 47.327
20/11/2018, 48.914
21/11/2018, 43.645
22/11/2018, 36.333
23/11/2018, 36.116
24/11/2018, 41.168
25/11/2018, 38.724
26/11/2018, 37.079
27/11/2018, 38.225
28/11/2018, 38.309
29/11/2018, 34.657
30/11/2018, 31.836
31/11/2018, 31.275
1/0/2019, 31.318
2/0/2019, 35.638
3/0/2019, 36.12
4/0/2019, 35.511
5/0/2019, 29.152
6/0/2019, 31.654
7/0/2019, 37.173
8/0/2019, 33.179
9/0/2019, 33.957
10/0/2019, 38.559
11/0/2019, 34.92
12/0/2019, 30.058
13/0/2019, 30.026
14/0/2019, 32.963
15/0/2019, 31.546
16/0/2019, 30.686
17/0/2019, 30.103
18/0/2019, 28.987
19/0/2019, 26.268
20/0/2019, 25.537
21/0/2019, 28.514
22/0/2019, 28.155
23/0/2019, 27.432
24/0/2019, 28.549
25/0/2019, 27.433
26/0/2019, 24.778
27/0/2019, 24.639
28/0/2019, 31.15
29/0/2019, 30.398
30/0/2019, 28.51
31/0/2019, 28.118
1/1/2019, 26.961
2/1/2019, 24.926
3/1/2019, 23.495
4/1/2019, 29.667
5/1/2019, 33.781
6/1/2019, 32.133
7/1/2019, 30.562
8/1/2019, 31.625
9/1/2019, 29.973
10/1/2019, 26.703
11/1/2019, 28.264
12/1/2019, 28.337
13/1/2019, 27.599
14/1/2019, 27.075
15/1/2019, 25.999
16/1/2019, 24.821
17/1/2019, 24.161
18/1/2019, 33.736
19/1/2019, 35.28
20/1/2019, 32.853
21/1/2019, 31.232
22/1/2019, 29.979
23/1/2019, 30.331
24/1/2019, 36.812
25/1/2019, 31.877
26/1/2019, 29.669
27/1/2019, 27.904
28/1/2019, 27.635
1/2/2019, 26.61
2/2/2019, 24.583
3/2/2019, 24.289
4/2/2019, 27.275
5/2/2019, 28.705
6/2/2019, 28.405
7/2/2019, 27.574
8/2/2019, 26.251
9/2/2019, 25.93
10/2/2019, 24.944
11/2/2019, 26.497
12/2/2019, 26.521
13/2/2019, 25.692
14/2/2019, 24.705
15/2/2019, 24.522
16/2/2019, 25.322
17/2/2019, 24.262
18/2/2019, 27.058
19/2/2019, 28.929
20/2/2019, 29.28
21/2/2019, 29.565
22/2/2019, 26.6
23/2/2019, 24.055
24/2/2019, 23.095
25/2/2019, 25.583
26/2/2019, 25.845
27/2/2019, 28.596
28/2/2019, 26.816
29/2/2019, 27.616
30/2/2019, 23.984
31/2/2019, 23.026
1/3/2019, 29.16
2/3/2019, 64.989
3/3/2019, 68.235
4/3/2019, 49.695
5/3/2019, 40.256
6/3/2019, 34.211
7/3/2019, 35.299
8/3/2019, 42.388
9/3/2019, 38.846
10/3/2019, 38.331
11/3/2019, 39.654
12/3/2019, 34.93
13/3/2019, 29.061
14/3/2019, 28.926
15/3/2019, 33.819
16/3/2019, 34.642
17/3/2019, 34.818
18/3/2019, 32.63
19/3/2019, 32.176
20/3/2019, 30.735
21/3/2019, 29.825
22/3/2019, 33.416
23/3/2019, 43.762
24/3/2019, 38.506
25/3/2019, 36.393
26/3/2019, 37.414
27/3/2019, 29.119
28/3/2019, 27.714
29/3/2019, 30.926
30/3/2019, 30.442
1/4/2019, 30.521
2/4/2019, 32.142
3/4/2019, 40.868
4/4/2019, 34.809
5/4/2019, 34.494
6/4/2019, 35.347
7/4/2019, 40.915
8/4/2019, 41.782
9/4/2019, 46.364
10/4/2019, 50.085
11/4/2019, 64.238
12/4/2019, 66.938
13/4/2019, 76.832
14/4/2019, 89.974
15/4/2019, 73.578
16/4/2019, 68.45
17/4/2019, 67.824
18/4/2019, 50.718
19/4/2019, 55.758
20/4/2019, 57.863
21/4/2019, 55.133
22/4/2019, 51.77
23/4/2019, 48.216
24/4/2019, 47.382
25/4/2019, 42.77
26/4/2019, 45.267
27/4/2019, 65.338
28/4/2019, 57.648
29/4/2019, 52.838
30/4/2019, 55.846
31/4/2019, 53.241
1/5/2019, 45.259
2/5/2019, 43.354
3/5/2019, 47.52
4/5/2019, 55.299
5/5/2019, 47.502
6/5/2019, 43.909
7/5/2019, 44.687
8/5/2019, 37.728
9/5/2019, 37.548
10/5/2019, 40.481
11/5/2019, 40.996
12/5/2019, 41.379
13/5/2019, 41
14/5/2019, 44.847
15/5/2019, 44.596
16/5/2019, 55.304
17/5/2019, 59.077
18/5/2019, 59.827
19/5/2019, 51.064
20/5/2019, 51.444
21/5/2019, 65.746
22/5/2019, 103.588
23/5/2019, 72.573
24/5/2019, 74.678
25/5/2019, 85.282
26/5/2019, 150.505
27/5/2019, 125.666
28/5/2019, 94.313
29/5/2019, 71.811
30/5/2019, 63.698
1/6/2019, 72.71
2/6/2019, 73.678
3/6/2019, 67.179
4/6/2019, 62.187
5/6/2019, 57.568
6/6/2019, 50.546
7/6/2019, 47.856
8/6/2019, 59.067
9/6/2019, 67.907
10/6/2019, 70.75
11/6/2019, 64.951
12/6/2019, 64.573
13/6/2019, 52.286
14/6/2019, 53.469
15/6/2019, 64.697
16/6/2019, 66.716
17/6/2019, 68.552
18/6/2019, 64.297
19/6/2019, 55.783
20/6/2019, 47.642
21/6/2019, 46.608
22/6/2019, 49.381
23/6/2019, 50.494
24/6/2019, 52.869
25/6/2019, 50.398
26/6/2019, 45.77
27/6/2019, 47.033
28/6/2019, 43.512
29/6/2019, 47.477
30/6/2019, 45.865
31/6/2019, 47.374
1/7/2019, 47.003
2/7/2019, 49.697
3/7/2019, 45.572
4/7/2019, 44.225
5/7/2019, 65.251
6/7/2019, 64.065
7/7/2019, 57.065
8/7/2019, 54.121
9/7/2019, 49.051
10/7/2019, 44.675
11/7/2019, 42.268
12/7/2019, 48.146
13/7/2019, 48.607
14/7/2019, 54.039
15/7/2019, 57.038
16/7/2019, 48.832
17/7/2019, 40.656
18/7/2019, 41.321
19/7/2019, 47.547
20/7/2019, 46.541
21/7/2019, 47.781
22/7/2019, 45.062
23/7/2019, 44.119
24/7/2019, 39.099
25/7/2019, 38.104
26/7/2019, 44.028
27/7/2019, 43.376
28/7/2019, 44.59
29/7/2019, 49.426
30/7/2019, 41.032
31/7/2019, 35.774
1/8/2019, 34.79
2/8/2019, 43.991
3/8/2019, 47.646
4/8/2019, 43.416
5/8/2019, 40.199
6/8/2019, 42.604
7/8/2019, 35.563
8/8/2019, 34.623
9/8/2019, 38.639
10/8/2019, 37.94
11/8/2019, 37.32
12/8/2019, 38.007
13/8/2019, 35.352
14/8/2019, 32.139
15/8/2019, 31.906
16/8/2019, 34.933
17/8/2019, 33.887
18/8/2019, 34.487
19/8/2019, 37.4
20/8/2019, 34.296
21/8/2019, 29.885
22/8/2019, 30.589
23/8/2019, 36.075
24/8/2019, 50.201
25/8/2019, 58.503
26/8/2019, 54.492
27/8/2019, 48.563
28/8/2019, 38.973
29/8/2019, 36.216
30/8/2019, 43.398
1/9/2019, 41.732
2/9/2019, 38.782
3/9/2019, 38.876
4/9/2019, 34.839
5/9/2019, 31.876
6/9/2019, 32.95
7/9/2019, 39.321
8/9/2019, 36.974
9/9/2019, 37.271
10/9/2019, 36.973
11/9/2019, 34.305
12/9/2019, 30.306
13/9/2019, 30.31
14/9/2019, 33.863
15/9/2019, 34.707
16/9/2019, 35.233
17/9/2019, 34.534
18/9/2019, 34.14
19/9/2019, 30.019
20/9/2019, 30.011
21/9/2019, 33.74
22/9/2019, 32.838
23/9/2019, 41.988
24/9/2019, 39.365
25/9/2019, 44.381
26/9/2019, 60.819
27/9/2019, 44.396
28/9/2019, 46.43
29/9/2019, 42.992
30/9/2019, 39.332
31/9/2019, 37.33
1/10/2019, 35.625
2/10/2019, 32.164
3/10/2019, 31.456
4/10/2019, 36.088
5/10/2019, 37.573
6/10/2019, 35.774
7/10/2019, 34.092
8/10/2019, 35.753
9/10/2019, 31.679
10/10/2019, 30.804
11/10/2019, 34.133
12/10/2019, 33.33
13/10/2019, 33.226
14/10/2019, 31.451
15/10/2019, 32.121
16/10/2019, 30.064
17/10/2019, 29.508
18/10/2019, 33.119
19/10/2019, 35.322
20/10/2019, 33.116
21/10/2019, 40.238
22/10/2019, 47.612
23/10/2019, 37.509
24/10/2019, 35.289
25/10/2019, 47.722
26/10/2019, 41.411
27/10/2019, 39.614
28/10/2019, 36.911
29/10/2019, 34.049
30/10/2019, 31.292
1/11/2019, 31.386
2/11/2019, 33.612
3/11/2019, 33.457
4/11/2019, 34.139
5/11/2019, 33.293
6/11/2019, 32.097
7/11/2019, 29.379
8/11/2019, 28.076
9/11/2019, 30.956
10/11/2019, 31.668
11/11/2019, 32.027
12/11/2019, 32.085
13/11/2019, 31.632
14/11/2019, 30.787
15/11/2019, 29.017
16/11/2019, 33.227
17/11/2019, 39.877
18/11/2019, 39.876
19/11/2019, 37.598
20/11/2019, 33.843
21/11/2019, 29.746
22/11/2019, 30.221
23/11/2019, 35.677
24/11/2019, 31.494
25/11/2019, 30.878
26/11/2019, 31.843
27/11/2019, 31.188
28/11/2019, 30.579
29/11/2019, 30.661
30/11/2019, 30.921
31/11/2019, 28.975
1/0/2020, 30.015
2/0/2020, 33.97
3/0/2020, 36.709
4/0/2020, 34.039
5/0/2020, 34.545
6/0/2020, 38.38
7/0/2020, 45.745
8/0/2020, 50.481
9/0/2020, 39.572
10/0/2020, 39.234
11/0/2020, 36.085
12/0/2020, 33.05
13/0/2020, 34.669
14/0/2020, 49.448
15/0/2020, 47.248
16/0/2020, 40.884
17/0/2020, 42.327
18/0/2020, 38.571
19/0/2020, 42.135
20/0/2020, 39.379
21/0/2020, 38.231
22/0/2020, 36.011
23/0/2020, 36.523
24/0/2020, 35.051
25/0/2020, 31.559
26/0/2020, 30.326
27/0/2020, 36.39
28/0/2020, 42.206
29/0/2020, 44.183
30/0/2020, 43.583
31/0/2020, 40.656
1/1/2020, 36.66
2/1/2020, 36.146
3/1/2020, 37.796
4/1/2020, 38.834
5/1/2020, 41.426
6/1/2020, 43.772
7/1/2020, 42.782
8/1/2020, 38.978
9/1/2020, 51.345
10/1/2020, 46.045
11/1/2020, 47.867
12/1/2020, 52.229
13/1/2020, 48.183
14/1/2020, 42.563
15/1/2020, 41.677
16/1/2020, 41.107
17/1/2020, 42.457
18/1/2020, 42.607
19/1/2020, 44.633
20/1/2020, 44.287
21/1/2020, 40.54
22/1/2020, 34.804
23/1/2020, 35.946
24/1/2020, 42.144
25/1/2020, 42.269
26/1/2020, 46.344
27/1/2020, 45.746
28/1/2020, 47.164
29/1/2020, 37.636
1/2/2020, 36.918
2/2/2020, 40.162
3/2/2020, 38.888
4/2/2020, 41.156
5/2/2020, 42.273
6/2/2020, 40.093
7/2/2020, 35.826
8/2/2020, 39.409
9/2/2020, 67.562
10/2/2020, 52.043
11/2/2020, 45.002
12/2/2020, 94.701
13/2/2020, 127.974
14/2/2020, 82.128
15/2/2020, 70.61
16/2/2020, 91.333
17/2/2020, 75.924
18/2/2020, 69.996
19/2/2020, 76.654
20/2/2020, 75.283
21/2/2020, 64.485
22/2/2020, 57.571
23/2/2020, 62.021
24/2/2020, 62.767
25/2/2020, 55.613
26/2/2020, 52.439
27/2/2020, 49.728
28/2/2020, 51.368
29/2/2020, 49.632
30/2/2020, 50.127
31/2/2020, 45.496
1/3/2020, 47.256
2/3/2020, 51.774
3/3/2020, 49.149
4/3/2020, 44.666
5/3/2020, 44.551
6/3/2020, 52.402
7/3/2020, 53.456
8/3/2020, 48.441
9/3/2020, 47.205
10/3/2020, 50.983
11/3/2020, 45.082
12/3/2020, 45.316
13/3/2020, 48.813
14/3/2020, 46.552
15/3/2020, 45.99
16/3/2020, 49.156
17/3/2020, 44.944
18/3/2020, 44.827
19/3/2020, 44.137
20/3/2020, 45.281
21/3/2020, 46.092
22/3/2020, 44.661
23/3/2020, 49.25
24/3/2020, 50.524
25/3/2020, 49.288
26/3/2020, 49.343
27/3/2020, 50.303
28/3/2020, 49.153
29/3/2020, 68.683
30/3/2020, 79.379
1/4/2020, 63.085
2/4/2020, 58.492
3/4/2020, 59.64
4/4/2020, 57.634
5/4/2020, 56.579
6/4/2020, 65.118
7/4/2020, 77.727
8/4/2020, 86.516
9/4/2020, 75.895
10/4/2020, 98.136
11/4/2020, 114.652
12/4/2020, 85.017
13/4/2020, 70.908
14/4/2020, 71.429
15/4/2020, 62.76
16/4/2020, 57.232
17/4/2020, 59.115
18/4/2020, 58.95
19/4/2020, 53.9
20/4/2020, 54.154
21/4/2020, 57.513
22/4/2020, 52.563
23/4/2020, 46.615
24/4/2020, 48.623
25/4/2020, 53.184
26/4/2020, 49.349
27/4/2020, 47.745
28/4/2020, 47.352
29/4/2020, 46.523
30/4/2020, 44.373
31/4/2020, 44.115
1/5/2020, 44.536
2/5/2020, 61.688
3/5/2020, 48.434
4/5/2020, 46.43
5/5/2020, 45.043
6/5/2020, 41.29
7/5/2020, 43.126
8/5/2020, 42.746
9/5/2020, 43.015
10/5/2020, 44.014
11/5/2020, 48.039
12/5/2020, 43.606
13/5/2020, 40.009
14/5/2020, 39.614
15/5/2020, 44.356
16/5/2020, 42.183
17/5/2020, 40
18/5/2020, 39.83
19/5/2020, 37.592
20/5/2020, 36.604
21/5/2020, 34.746
22/5/2020, 40.13
23/5/2020, 41.267
24/5/2020, 39.895
25/5/2020, 39.61
26/5/2020, 38.821
27/5/2020, 38.591
28/5/2020, 40.277
29/5/2020, 38.495
30/5/2020, 39.109
1/6/2020, 38.131
2/6/2020, 37.872
3/6/2020, 37.411
4/6/2020, 35.723
5/6/2020, 35.716
6/6/2020, 37.831
7/6/2020, 37.447
8/6/2020, 38.951
9/6/2020, 38.551
10/6/2020, 37.599
11/6/2020, 34.74
12/6/2020, 35.052
13/6/2020, 36.787
14/6/2020, 38.97
15/6/2020, 44.359
16/6/2020, 52.875
17/6/2020, 41.07
18/6/2020, 56.294
19/6/2020, 36.587
20/6/2020, 34.451
21/6/2020, 38.189
22/6/2020, 38.561
23/6/2020, 41.228
24/6/2020, 40.601
25/6/2020, 42.409
26/6/2020, 49.969
27/6/2020, 72.301
28/6/2020, 75.17
29/6/2020, 61.73
30/6/2020, 55.234
31/6/2020, 55.727
1/7/2020, 67.237
2/7/2020, 70.097
3/7/2020, 59.034
4/7/2020, 53.183
5/7/2020, 55.401
6/7/2020, 58.529
7/7/2020, 54.507
8/7/2020, 50.833
9/7/2020, 49.958
10/7/2020, 55.928
11/7/2020, 54.347
12/7/2020, 48.922
13/7/2020, 48.026
14/7/2020, 48.371
15/7/2020, 47.551
16/7/2020, 47.118
17/7/2020, 56.299
18/7/2020, 53.568
19/7/2020, 50.503
20/7/2020, 46.182
21/7/2020, 46.462
22/7/2020, 43.095
23/7/2020, 41.36
24/7/2020, 42.937
25/7/2020, 44.891
26/7/2020, 42.291
27/7/2020, 41.518
28/7/2020, 41.056
29/7/2020, 37.922
30/7/2020, 38.403
31/7/2020, 39.688
1/8/2020, 43.226
2/8/2020, 46.275
3/8/2020, 49.728
4/8/2020, 51.803
5/8/2020, 47.695
6/8/2020, 44.198
7/8/2020, 43.951
8/8/2020, 43.1
9/8/2020, 40.81
10/8/2020, 39.785
11/8/2020, 38.103
12/8/2020, 35.711
13/8/2020, 36.396
14/8/2020, 37.744
15/8/2020, 39.944
16/8/2020, 39.491
17/8/2020, 38.218
18/8/2020, 36.661
19/8/2020, 34.805
20/8/2020, 35.097
21/8/2020, 37.702
22/8/2020, 36.048
23/8/2020, 35.313
24/8/2020, 35.154
25/8/2020, 35.045
26/8/2020, 32.653
27/8/2020, 31.622
28/8/2020, 34.659
29/8/2020, 33.86
30/8/2020, 32.887
1/9/2020, 32.943
2/9/2020, 33.295
3/9/2020, 31.176
4/9/2020, 30.432
5/9/2020, 32.006
6/9/2020, 31.774
7/9/2020, 31.124
8/9/2020, 33.42
9/9/2020, 36.195
10/9/2020, 37.762
11/9/2020, 35.067
12/9/2020, 37.089
13/9/2020, 36.862
14/9/2020, 35.706
15/9/2020, 36.334
16/9/2020, 34.709
17/9/2020, 32.387
18/9/2020, 33.402
19/9/2020, 36.902
20/9/2020, 43.229
21/9/2020, 64.12
22/9/2020, 67.841
23/9/2020, 54.551
24/9/2020, 47.847
25/9/2020, 46.368
26/9/2020, 50.059
27/9/2020, 58.982
28/9/2020, 62.01
29/9/2020, 51.983
30/9/2020, 49.075
31/9/2020, 51.763
1/10/2020, 49.153
2/10/2020, 50.443
3/10/2020, 46.903
4/10/2020, 45.064
5/10/2020, 71.034
6/10/2020, 78.601
7/10/2020, 63.441
8/10/2020, 58.847
9/10/2020, 64.083
10/10/2020, 54.904
11/10/2020, 56.897
12/10/2020, 64.538
13/10/2020, 66.687
14/10/2020, 57.319
15/10/2020, 52.889
16/10/2020, 66.773
17/10/2020, 91.029
18/10/2020, 107.17
19/10/2020, 84.864
20/10/2020, 90.373
21/10/2020, 91.099
22/10/2020, 80.737
23/10/2020, 83.14
24/10/2020, 111.375
25/10/2020, 103.341
26/10/2020, 119.68
27/10/2020, 85.364
28/10/2020, 73.524
29/10/2020, 70.163
30/10/2020, 99.248
1/11/2020, 99.988
2/11/2020, 80.281
3/11/2020, 75.845
4/11/2020, 73.136
5/11/2020, 67.984
6/11/2020, 62.416
7/11/2020, 64.432
8/11/2020, 66.361
9/11/2020, 67.438
10/11/2020, 62.079
11/11/2020, 62.399
12/11/2020, 55.615
13/11/2020, 61.014
14/11/2020, 58.859
15/11/2020, 61.774
16/11/2020, 117.232
17/11/2020, 192.788
18/11/2020, 130.392
19/11/2020, 110.526
20/11/2020, 106.984
21/11/2020, 118.205
22/11/2020, 99.304
23/11/2020, 94.045
24/11/2020, 82.386
25/11/2020, 99.072
26/11/2020, 139.954
27/11/2020, 183.153
28/11/2020, 146.046
29/11/2020, 128.499
30/11/2020, 142.465
31/11/2020, 144.616
1/0/2021, 139.53
2/0/2021, 243.368
3/0/2021, 285.763
4/0/2021, 235.192
5/0/2021, 195.552
6/0/2021, 222.708
7/0/2021, 320.982
8/0/2021, 326.105
9/0/2021, 247.748
10/0/2021, 243.614
11/0/2021, 365.735
12/0/2021, 273.205
13/0/2021, 236.667
14/0/2021, 240.816
15/0/2021, 212.533
16/0/2021, 175.92
17/0/2021, 165.076
18/0/2021, 155.218
19/0/2021, 150.26
20/0/2021, 149.039
21/0/2021, 180.044
22/0/2021, 196.04
23/0/2021, 141.251
24/0/2021, 130.118
25/0/2021, 132.698
26/0/2021, 128.351
27/0/2021, 138.327
28/0/2021, 141.191
29/0/2021, 226.037
30/0/2021, 159.379
31/0/2021, 137.955
1/1/2021, 136.247
2/1/2021, 125.947
3/1/2021, 133.67
4/1/2021, 141.373
5/1/2021, 124.247
6/1/2021, 155.419
7/1/2021, 135.048
8/1/2021, 299.08
9/1/2021, 346.188
10/1/2021, 235.809
11/1/2021, 219.731
12/1/2021, 208.997
13/1/2021, 174.751
14/1/2021, 191.921
15/1/2021, 193.373
16/1/2021, 217.722
17/1/2021, 247.785
18/1/2021, 220.579
19/1/2021, 242.065
20/1/2021, 276.35
21/1/2021, 242.073
22/1/2021, 277.215
23/1/2021, 351.403
24/1/2021, 260.819
25/1/2021, 207.33
26/1/2021, 216.981
27/1/2021, 174.644
28/1/2021, 192.524
1/2/2021, 188.287
2/2/2021, 168.774
3/2/2021, 160.235
4/2/2021, 152.537
5/2/2021, 146.861
6/2/2021, 128.115
7/2/2021, 137.583
8/2/2021, 146.514
9/2/2021, 171.991
10/2/2021, 170.42
11/2/2021, 157.426
12/2/2021, 154.201
13/2/2021, 207.626
14/2/2021, 196.531
15/2/2021, 176.729
16/2/2021, 162.274
17/2/2021, 157.531
18/2/2021, 155.945
19/2/2021, 139.823
20/2/2021, 128.959
21/2/2021, 131.404
22/2/2021, 138.508
23/2/2021, 140.929
24/2/2021, 158.781
25/2/2021, 172.229
26/2/2021, 142.108
27/2/2021, 128.625
28/2/2021, 124.038
29/2/2021, 136.858
30/2/2021, 144.558
31/2/2021, 143.403
1/3/2021, 154.839
2/3/2021, 143.386
3/3/2021, 125.948
4/3/2021, 123.919
5/3/2021, 131.212
6/3/2021, 129.872
7/3/2021, 129.888
8/3/2021, 121.802
9/3/2021, 111.085
10/3/2021, 130.281
11/3/2021, 124.347
12/3/2021, 128.295
13/3/2021, 179.642
14/3/2021, 191.462
15/3/2021, 163.826
16/3/2021, 177.656
17/3/2021, 145.169
18/3/2021, 266.797
19/3/2021, 207.945
20/3/2021, 188.327
21/3/2021, 153.016
22/3/2021, 172.633
23/3/2021, 278.568
